destination,price,previous_price,price_diff,thumbnail,start_date,end_date,airline,stops,duration_mins,airport_code,travel_duration,month,fetched_at
"Bangkok, Thailand",192.0,192.0,0.0,https://encrypted-tbn3.gstatic.com/images?q=tbn:ANd9GcTPIoqStMvXXTYbUQSylJYyWjY5HYM1GX-AALOOPHhXdXZDY56SSslLQDDkdhOxRX31c8qW7XFzS5zSEG6PGhEhGzxEbzyUYrqVxP_mBg,2026-08-29,2026-08-31,Scoot,0,155,BKK,Weekend,Flexible (All),2026-04-06T01:58:05.606266
"Hong Kong, Hong Kong",371.0,371.0,0.0,https://encrypted-tbn1.gstatic.com/images?q=tbn:ANd9GcTd4giZUOnVkLOK19qE-hoKaexrOb1lLvZOn_lzXx6X39chZYcKOZIlG92b-8CwcwsYWc8P53FjOTPh8YHr2wbh_ORXoEs2OLBTPE3kzw,2026-07-09,2026-07-13,Singapore Airlines,0,240,HKG,Weekend,Flexible (All),2026-04-06T01:58:05.606280
"Federal Territory of Kuala Lumpur, Malaysia",116.0,116.0,0.0,https://encrypted-tbn3.gstatic.com/images?q=tbn:ANd9GcQQIk1ExRSHJSg0CA3pM6ISxhFBQVZJ7iNmv02par-cAbKXlYKgy5PyTpGtQT33xTsdoO0dFIXrLwxWqlAmtUcQD7cziyQYbCZ55yo55Q,2026-07-09,2026-07-13,AirAsia and Firefly,0,65,KUL,Weekend,Flexible (All),2026-04-06T01:58:05.606283
"Hanoi, Vietnam",247.0,247.0,0.0,https://encrypted-tbn2.gstatic.com/images?q=tbn:ANd9GcTh-Ne26gTyuHsN2ZHc-hQy1CJQ2ipECMiZPX8oGOu9Gw2plYSgbGAHFY4M4Eqls6MLlm3xgJf4uKpU0FRcZaKySylwTv73Ej3oD5pwEQ,2026-07-30,2026-08-03,Scoot,0,205,HAN,Weekend,Flexible (All),2026-04-06T01:58:05.606286
"Ho Chi Minh City, Vietnam",194.0,194.0,0.0,https://encrypted-tbn0.gstatic.com/images?q=tbn:ANd9GcRrJKZk1BiYhZ3mY3euABvLxDIBukBw5gmGkEhkLqxNVGRjU8fVETFnNMHQIvPummF_6pB1XJ3tWE5VN7coLGd63VogrXcGfgf569shwA,2026-09-17,2026-09-20,Scoot,0,135,SGN,Weekend,Flexible (All),2026-04-06T01:58:05.606288
"Tokyo, Japan",436.0,436.0,0.0,https://encrypted-tbn3.gstatic.com/images?q=tbn:ANd9GcRiqAYuTkGrtxMazhSpAJve9ZzWSTvJ8xFHSX2ih6rQEoYgDOw0Aey3IBJh7-QF38k1xmhOiFoVXd8u5V1ip4G05Aprq0q6HulopWyM5A,2026-07-09,2026-07-13,Scoot and ZIPAIR Tokyo,0,440,NRT,Weekend,Flexible (All),2026-04-06T01:58:05.606291
"Mumbai, India",299.0,299.0,0.0,https://encrypted-tbn1.gstatic.com/images?q=tbn:ANd9GcTRRckp8mseYnYQ7l8HELq1GoFqwH1zksN3R-F36DAYjcG5Vt5RRGV-jd25K06kaNDTLkxXdzk0QUW09L6kHJOKEQg3Txbhyf9_10ZiXg,2026-08-27,2026-08-31,Air India,0,340,BOM,Weekend,Flexible (All),2026-04-06T01:58:05.606293
"New Delhi, India",342.0,342.0,0.0,https://encrypted-tbn0.gstatic.com/images?q=tbn:ANd9GcSl_0QJXM0LcbhkFClbfILfC8ZiSCyO5XZpO0iSG1vfJg82v_FHjLXKSHs4cuyhvv4qL9jHKtP8ejqB62ObqFIQDnc3TDNCBAKM57ywZQ,2026-08-20,2026-08-24,Air India and Air India Express,1,360,DEL,Weekend,Flexible (All),2026-04-06T01:58:05.606300
"Dubai, United Arab Emirates",568.0,568.0,0.0,https://encrypted-tbn2.gstatic.com/images?q=tbn:ANd9GcS8I-qzYsk8MfqbtG7XZriHCE-pfBAmDIEitgTNi6pkd4ydYfON7ave6PO0r4SphWZcLjoAZuDchjD45415sUjceoYWW2iZuva8SQ9Spg,2026-05-07,2026-05-10,Gulf Air,1,690,DXB,Weekend,Flexible (All),2026-04-06T01:58:05.606303
"Kyoto, Japan",345.0,345.0,0.0,https://encrypted-tbn2.gstatic.com/images?q=tbn:ANd9GcQtOVcFjC9WqGv4M70NBscJETxCioVhaxdDOixuut8dt708uPIEgFT53Jq9zXHfI6sAOAWzmyAXmctAP52yFO2Cgwinfa9tIJlulmeR_g,2026-07-10,2026-07-13,Peach Aviation,0,405,KIX,Weekend,Flexible (All),2026-04-06T01:58:05.606312
"Chiang Mai, Thailand",304.0,304.0,0.0,https://encrypted-tbn2.gstatic.com/images?q=tbn:ANd9GcTWkJDtb_3dOVc83TPKcKR6rRyKwp9M0n4vxVyFLuQ4ptiBf2FOEvVCTgmNI6dA6yLD85h9dhQ--u0VJsMWDGNwsAE013NEUxXHaHt00w,2026-05-14,2026-05-17,Scoot,0,185,CNX,Weekend,Flexible (All),2026-04-06T01:58:05.606316
"Jaipur, India",381.0,381.0,0.0,https://encrypted-tbn2.gstatic.com/images?q=tbn:ANd9GcRHqyQ66crs-roykYQYxDmWP5W5OJrHQTXbb44A5zWulqxTZqTHGy2hBSBr8d_dU8AQ4qFU-hzSZNSDGh8MhIgg3DyUUeXB0f3QkYRhpw,2026-08-20,2026-08-23,"Air India, Thai AirAsia, and Air India Express",1,960,JAI,Weekend,Flexible (All),2026-04-06T01:58:05.606320
"Phuket, Thailand",167.0,167.0,0.0,https://encrypted-tbn3.gstatic.com/images?q=tbn:ANd9GcTiBNj9z2Tf0lnw1uff6ooYy7liuVrHON7xT0xwWMJJWj3t4puxffP6RFtMin9PMz2RmGh6hiBIzk-1EGPwdS0BTJqDV9Dc_nMu3U5NQA,2026-05-14,2026-05-18,Scoot,0,110,HKT,Weekend,Flexible (All),2026-04-06T01:58:05.606324
"Seoul, South Korea",326.0,326.0,0.0,https://encrypted-tbn0.gstatic.com/images?q=tbn:ANd9GcSGy4LggtmRKCw-VDM7sZj2JVAI9kZiAlSkcki4ZP7jzUeqZlOBfwDo0IH5E2Xksu0CgoBvjpPlWiH4g5dXne5aQ5Iy4S01_z3bJg47cQ,2026-05-07,2026-05-11,"AirAsia, AirAsia X, and Scoot",1,520,ICN,Weekend,Flexible (All),2026-04-06T01:58:05.606329
"Beijing, China",371.0,375.0,-4.0,https://encrypted-tbn1.gstatic.com/images?q=tbn:ANd9GcR6R3TE9LrMLUM8It2c4f4zpNHzm3U-Peq5u7VO4V6QKrFk0vcJi5BJqLmmSuBNCoOTLy0XsoAmhFwqm2sUijEusLJoXjMkTWCWUiNOcw,2026-04-30,2026-05-04,XiamenAir and Hebei Airlines,1,555,PKX,Weekend,Flexible (All),2026-04-06T01:58:05.606333
"Goa, India",378.0,378.0,0.0,https://encrypted-tbn1.gstatic.com/images?q=tbn:ANd9GcTO_bUFJ2hIpNKQP021IDGX5_9DjDgvZKtkIrDVxwM0u4I5OAp1Iax4_EW6hoaO9NUW0KWgILohWKKZLG9XzbzfZkpeonIKw3VgPDT5tQ,2026-08-27,2026-08-31,Air India and Air India Express,1,695,GOI,Weekend,Flexible (All),2026-04-06T01:58:05.606337
"Osaka, Japan",345.0,345.0,0.0,https://encrypted-tbn3.gstatic.com/images?q=tbn:ANd9GcQ4taqtiRvr48l49Sh_f8rfRxj-enava5SmEA0s6U_pWeh7BW8eHOvOFczJy-B5oH6n3Wu-KNzT4A-NY_SzrseToTfHLKVhkr-mWGLWIA,2026-07-10,2026-07-13,Peach Aviation,0,405,KIX,Weekend,Flexible (All),2026-04-06T01:58:05.606341
"Shanghai, China",310.0,310.0,0.0,https://encrypted-tbn2.gstatic.com/images?q=tbn:ANd9GcTujsAS0i3-zbeimLQQ8RJnTX80xFZm7VnTsswhTD6W1aHQZWxzA7pNb0BMAVpelCNQq3SEx1592gylHw,2026-09-03,2026-09-06,Spring,0,340,PVG,Weekend,Flexible (All),2026-04-06T01:58:05.606345
Hội An,242.0,242.0,0.0,https://encrypted-tbn3.gstatic.com/images?q=tbn:ANd9GcRRNok0jp9TQx-QJc8bQnN2ksLZePNr89SdiNSiwUwpXKh0aVOnLPThIeJfqztwgB97XWeFuxC9lhG0DimISpDGn4Hfkm_wLNu4dl340A,2026-09-19,2026-09-21,Scoot,0,170,DAD,Weekend,Flexible (All),2026-04-06T01:58:05.606349
"Bengaluru, India",339.0,339.0,0.0,https://encrypted-tbn2.gstatic.com/images?q=tbn:ANd9GcRRnVQMArN8G30p02VM6n18fD9LS-EXlKYRbJfv6CPLwRZ9C2wXHGXWsl6OOG5ubeHraoTiiKbSaBZnb2O3B02YbhgEtC8m9xRxgPwGfQ,2026-08-06,2026-08-10,Singapore Airlines,0,255,BLR,Weekend,Flexible (All),2026-04-06T01:58:05.606353
"Hạ Long Bay, Vietnam",247.0,247.0,0.0,https://encrypted-tbn0.gstatic.com/images?q=tbn:ANd9GcQdH7xkaOku2D4UGiEtbegMDLIWszqsJrVB-XkpO13CqXswYGnUUFMgsO4uFwTrf0y8EAbVZJI4A0eo4UHbgxYiQFIDVb-zsz70Dt0OOg,2026-07-02,2026-07-06,Scoot,0,205,HAN,Weekend,Flexible (All),2026-04-06T01:58:05.606357
"Abu Dhabi, United Arab Emirates",568.0,568.0,0.0,https://encrypted-tbn2.gstatic.com/images?q=tbn:ANd9GcTwBpYbpnuaEurTOeQbgYJzxk3uOAjB7bRvnTetkMlsdPqKciAFtLJswZmMHWpVhkLeEbJZCCZwoXaQ5D4aSc9sT4I-yBQBrT3r5vSWtA,2026-05-07,2026-05-10,Gulf Air,1,1160,AUH,Weekend,Flexible (All),2026-04-06T01:58:05.606361
"Chennai, India",248.0,248.0,0.0,https://encrypted-tbn3.gstatic.com/images?q=tbn:ANd9GcT8jGx4Oe7gOIT3dSF0FgoYzjECbwXYCIq6g0sMhY30kkZu5ThtcjZeZrIwVErtNu0yP-R_6Fgzt1BlhFJgF4nE0Cxoy4q_LrB5mHM6_A,2026-07-10,2026-07-12,Scoot,0,240,MAA,Weekend,Flexible (All),2026-04-06T01:58:05.606364
"Varanasi, India",424.0,424.0,0.0,https://encrypted-tbn2.gstatic.com/images?q=tbn:ANd9GcRg1OmvYJVmJRkkH48WQY4LvYje4OuiXjLle-GS5PpRg-nonn9JC3CvB7HFko6WDkJnbxLL2s8j9VJf3XEWtJjx9xwADzwK_XzESUnUsA,2026-04-16,2026-04-19,Air India and Air India Express,1,815,VNS,Weekend,Flexible (All),2026-04-06T01:58:05.606367
"Udaipur, India",524.0,524.0,0.0,https://encrypted-tbn3.gstatic.com/images?q=tbn:ANd9GcSDElWaJCFOU4Y_U3X_1eUQsKG7FBPTiC6ZjgywBhr-NVfC9MscjNzDtVWHXcZxqrvrg6doXFJ3HtKk7f7vlZEBRljFcaKQrvdT1Lfn8Q,2026-04-17,2026-04-19,Air India,1,585,UDR,Weekend,Flexible (All),2026-04-06T01:58:05.606370
"Agra, India",342.0,342.0,0.0,https://encrypted-tbn2.gstatic.com/images?q=tbn:ANd9GcQI0YQv8yflL3rak3GIymC_IQPCnsI79bxC_lkZZonTDvjgQT1rNO7yJFilB65Gezf2VFQaf9yZ_h8HiA,2026-08-20,2026-08-24,Air India and Air India Express,1,360,DEL,Weekend,Flexible (All),2026-04-06T01:58:05.606374
"Ko Samui, Thailand",365.0,365.0,0.0,https://encrypted-tbn0.gstatic.com/images?q=tbn:ANd9GcQ5VBzIPEfByKaFwNzikHD-kPxvUCXDQnYSeSf5xfsIeLO82X1NYZAjeCuuPKR2bV5qteuV8eJwTlrqba9OPo7suR-eLdKQb1P0WeM74A,2026-09-17,2026-09-21,Scoot,0,115,USM,Weekend,Flexible (All),2026-04-06T01:58:05.606377
"Kolkata, India",365.0,365.0,0.0,https://encrypted-tbn1.gstatic.com/images?q=tbn:ANd9GcQkqRm0hB0I1L_Wd8J2SnHNwKFZT4kXBUBpwALXSPcPiN3P3c_WpHKIiaKVq1Y3OxMKtVX086O0hVbNFgQnycWMKjv8QwffmoMgidSS2Q,2026-07-25,2026-07-27,IndiGo and AirAsia,1,250,CCU,Weekend,Flexible (All),2026-04-06T01:58:05.606381
"Taipei City, Taiwan",248.0,248.0,0.0,https://encrypted-tbn3.gstatic.com/images?q=tbn:ANd9GcQXLhb-ghDjmkIYAVvdu4F0jxICbcNjvay2bPLvj8Hp1u_uQKcabDV_PEHWzUdFw6H1BPMdXV5ahY-NuEBcv5y050siHU3OyxbnIrgwfg,2026-05-14,2026-05-17,Scoot,0,285,TPE,Weekend,Flexible (All),2026-04-06T01:58:05.606384
"Kochi, India",368.0,368.0,0.0,https://encrypted-tbn3.gstatic.com/images?q=tbn:ANd9GcTPv3xu1wWA_PiElguRprW5LXIiyk1swUyWnl2QBNczqNvHpUCVW0j4KU7r7TduEUBjZLEgF1r2LndBwX3sPX83Xs2BTqGidMf9Wb4X7w,2026-07-04,2026-07-06,Air India and AirAsia,1,500,COK,Weekend,Flexible (All),2026-04-06T01:58:05.606388
"Kathmandu, Nepal",606.0,606.0,0.0,https://encrypted-tbn0.gstatic.com/images?q=tbn:ANd9GcT78awjGv8SH4zFojoNUasAJqCxFPYe5qPHDvKUhH54AJ48YS8N1M9idwAQkN9fOXSnaMT2Rb5XpFn5tN3eT-3_sfEtXzetNBogSwD10g,2026-07-09,2026-07-12,Air India,1,590,KTM,Weekend,Flexible (All),2026-04-06T01:58:05.606391
"Manila, Philippines",182.0,182.0,0.0,https://encrypted-tbn3.gstatic.com/images?q=tbn:ANd9GcRr9zUtKyDotaE-xA4DBVzZeavqk4R9wcvHmPGhQaJYfJO42GbiiIxaklB54UPajj9Fb2NgEdnVKsjvVPiBUWLwL4ShNsl8GI51yhA3MQ,2026-08-27,2026-08-30,Cebu Pacific,0,235,MNL,Weekend,Flexible (All),2026-04-06T01:58:05.606394
"Bahrain, Bahrain",857.0,857.0,0.0,https://encrypted-tbn2.gstatic.com/images?q=tbn:ANd9GcSV-vcI5g_BSfRsSLESsjQeatxt7gtRek4JeffV42nrl5WMmzv4CM01xYgIecZb8062y259TXOBwtIRf3oxl-QQmui-tpQaPs-3yLaarQ,2026-06-18,2026-06-21,Etihad,1,610,BAH,Weekend,Flexible (All),2026-04-06T01:58:05.606398
"Macao, Macao",372.0,371.0,1.0,https://encrypted-tbn1.gstatic.com/images?q=tbn:ANd9GcQSqvJMa-Boc6alR19GIwxB5x8fz6SLMX4U07VIkUBrXrHUId6y7gaY5UM0NjSMQ8dxCMqaO-Vb6NcCcpDkTJWIL-bb7VqXfHxBqGdPBQ,2026-09-17,2026-09-21,XiamenAir and Scoot,1,245,MFM,Weekend,Flexible (All),2026-04-06T01:58:05.606402
"Hyderabad, India",319.0,319.0,0.0,https://encrypted-tbn0.gstatic.com/images?q=tbn:ANd9GcS3lpOwI2CRkpJjacFXUmD9pyCXeZ-MP0UNVoSY-ZINyBSXwarclu3H5KLBmgmXLMvZ8CFEPC_CTn9MxVN2fSbIBcOTsu-WSQuxa1tkvQ,2026-07-23,2026-07-27,AirAsia,1,420,HYD,Weekend,Flexible (All),2026-04-06T01:58:05.606405
"Da Nang, Vietnam",242.0,242.0,0.0,https://encrypted-tbn0.gstatic.com/images?q=tbn:ANd9GcRY7AI9sBPAD8WaK_I7CMw80ft40TqnRp1EjFdp9GnRDSxju7-F8tl-8bCJnT0Wdb16UIVE-GplpFzGlWkWlV9HQ_ABPTCatv79wUf_ww,2026-09-19,2026-09-21,Scoot,0,170,DAD,Weekend,Flexible (All),2026-04-06T01:58:05.606408
"Shimla, India",342.0,342.0,0.0,https://encrypted-tbn1.gstatic.com/images?q=tbn:ANd9GcRmVtZCspa49qA-VRdGwLUuhCYbfJl99rU2w1Dr_PWQ3xiGSYx9VEXsN9QQ4eU8ASsCrKZe-uXEhGKoWavjil_p5W2zaaBuI22CrttqxA,2026-08-20,2026-08-24,Air India and Air India Express,1,360,DEL,Weekend,Flexible (All),2026-04-06T01:58:05.606412
"Rishikesh, India",342.0,342.0,0.0,https://encrypted-tbn0.gstatic.com/images?q=tbn:ANd9GcQfnGK9xvCgM7SqaGAnrr-_xe7z2ObRVdDcCHEZvvCJmJvfPigk-FXOPJhBuaMZ11zbtVGZf7GaxmCkvgDB0PLXsaQ2WySPT5Fcf09Faw,2026-08-20,2026-08-24,Air India and Air India Express,1,360,DEL,Weekend,Flexible (All),2026-04-06T01:58:05.606416
"Manali, India",342.0,342.0,0.0,https://encrypted-tbn2.gstatic.com/images?q=tbn:ANd9GcScenrP6gjGb22lYsm8hjewD2rWHNXHj5hgZhSH4EXtFQ9vluathDHuGxcS18s0x2hP3XoltAmZURaN8WbSwwbatRsnz2MFZ0ZwVnW8VQ,2026-08-20,2026-08-24,Air India and Air India Express,1,360,DEL,Weekend,Flexible (All),2026-04-06T01:58:05.606420
"Jodhpur, India",406.0,406.0,0.0,https://encrypted-tbn0.gstatic.com/images?q=tbn:ANd9GcT8rBuapOqnIZRswSHWgHMRjC4gzYc6DE1yL1Z1ztSjcpHalJq26yGPgeI_ULnxNPCfK3LMV0Pj6xjeJh5akRjEUMHFxuGqEEiOou58Nw,2026-05-01,2026-05-04,Air India,1,1830,JDH,Weekend,Flexible (All),2026-04-06T01:58:05.606423
"Munnar, India",368.0,368.0,0.0,https://encrypted-tbn3.gstatic.com/images?q=tbn:ANd9GcRqTHPBvoWmkwj7azYfSnX-4D9m7HpvFFq2vilhEa-17FM8zY0YvpGbpPe8I3_sHgpMYKqd9FSkuFtZWe9eOFGaLBeC3_i-qhxMPS2ZZQ,2026-07-04,2026-07-06,Air India and AirAsia,1,500,COK,Weekend,Flexible (All),2026-04-06T01:58:05.606426
"Phú Quốc, Vietnam",242.0,242.0,0.0,https://encrypted-tbn3.gstatic.com/images?q=tbn:ANd9GcRGbWm0uqKOR9KmPBYMR8hSZRHOxqckm3gbBrinJy7yZfDpfAegfGEqPlX_NwjVJTCCRKnQ4hy7zd_tVOyEs6jNZ5fStfBDzeOslyEDoQ,2026-08-27,2026-08-31,Vietjet,0,100,PQC,Weekend,Flexible (All),2026-04-06T01:58:05.606430
"Ranthambore National Park, India",381.0,381.0,0.0,https://encrypted-tbn1.gstatic.com/images?q=tbn:ANd9GcSxrL0gNEqLJpancU8CANYgSjKoKEt_XeO5-xtU4ORG0m7IeWEhcCeab50BDvUMimSAhhiDtirU0aL_8w7CiKJslV3QM7voc7SLfRNUXA,2026-08-20,2026-08-23,"Air India, Thai AirAsia, and Air India Express",1,960,JAI,Weekend,Flexible (All),2026-04-06T01:58:05.606434
"Colombo, Sri Lanka",281.0,281.0,0.0,https://encrypted-tbn3.gstatic.com/images?q=tbn:ANd9GcTCalYZRVLcftWCfdfjEucymsOsqadi9yimDG5NMHv6E53eNTkw3p5ze8wn7ynj7bthi5fSNd5TBC6kKSotrDYrF-RE3IV18bj2oW5xIA,2026-07-04,2026-07-06,Air India,1,1965,CMB,Weekend,Flexible (All),2026-04-06T01:58:05.606438
"Puducherry, India",248.0,248.0,0.0,https://encrypted-tbn0.gstatic.com/images?q=tbn:ANd9GcSvFZF57d-2KCNUh2lGz_SpRX0BslRnbMeUh2sb9KCiupngoHKO-0XUl8KYr7aeQZe6FlJIbLdal0LuVroiG9Wi180UtMpxG6Jxk-ytPQ,2026-07-10,2026-07-12,Scoot,0,240,MAA,Weekend,Flexible (All),2026-04-06T01:58:05.606442
"Sapporo, Japan",559.0,559.0,0.0,https://encrypted-tbn0.gstatic.com/images?q=tbn:ANd9GcR4AM45jXa1psI2Z1sNxUR2XylT_5MPK1SHculUYedH63c7x8IHbBm5vDFctSbaXhn0_6bbNf6i86ZYpVuYBbEH4GveYpJzK-y7SINH1w,2026-06-25,2026-06-29,Air Do and ANA,1,725,CTS,Weekend,Flexible (All),2026-04-06T01:58:05.606447
"Chengdu, China",450.0,450.0,0.0,https://encrypted-tbn3.gstatic.com/images?q=tbn:ANd9GcQY8DLeWQH982m5yXijXncNnKja_WtNJL9izzPLuwIjs4fWdKIGLfaVUBaXr3YLnyDVrv4RYKWVibM84S-hp3UpCGr78L0YycX0BZjRTw,2026-08-13,2026-08-17,China Southern,1,905,TFU,Weekend,Flexible (All),2026-04-06T01:58:05.606451
"Xi'An, China",375.0,375.0,0.0,https://encrypted-tbn3.gstatic.com/images?q=tbn:ANd9GcQlRRbLPcoitY2Dl9reXFIK_MTRgheCZMFkITdRumAZOoaWoPWH17MmpII3EMgCWZiqCnsu-ROsf2sFp9iSCYUPddP48tSGXwzfALtqvA,2026-05-02,2026-05-04,XiamenAir,1,595,XIY,Weekend,Flexible (All),2026-04-06T01:58:05.606455
"Boracay, Philippines",256.0,256.0,0.0,https://encrypted-tbn2.gstatic.com/images?q=tbn:ANd9GcSWVEP-f4Tsv9itb6e5PrsSbMRzn1pCVXoPAN7uzJJb3pMDQfBH4KRylRfEcwRrRrkfkye1AZFE9payFqm1xehM0rWmEcZsd2t1jrRgsQ,2026-09-03,2026-09-07,Cebu Pacific,1,730,MPH,Weekend,Flexible (All),2026-04-06T01:58:05.606458
"Cebu City, Philippines",204.0,194.0,10.0,https://encrypted-tbn0.gstatic.com/images?q=tbn:ANd9GcRQkSFnL8j_JnNZIPer-g9BJfnnRj2BME3jwdM8u2pdZX5SMMAE6rz0Hghh-cgEA9re1JDSt3XMQWLcIHPANBsJgId_suPx16yEH4yKOA,2026-07-09,2026-07-13,Cebu Pacific,0,235,CEB,Weekend,Flexible (All),2026-04-06T01:58:05.606462
"Kaziranga National Park, India",443.0,443.0,0.0,https://encrypted-tbn1.gstatic.com/images?q=tbn:ANd9GcQDBQ8gOfMM5IwB9Kv4SMGtY_VPTDN01t38twMZQ4jvK04wX5tThshiljXNBOmn9R1pWAUQanV96n0LiujQ0L_2pHnHCpEZsWJr0pU7HA,2026-09-24,2026-09-27,Air India and Air India Express,1,715,GAU,Weekend,Flexible (All),2026-04-06T01:58:05.606467
"Guwahati, India",443.0,443.0,0.0,https://encrypted-tbn0.gstatic.com/images?q=tbn:ANd9GcSTNDJXSuGok1AmlZ2jJpvD_mzuF2s44iPPLEb27hyvOHBabF44H_oKWPTzHate__CBMAUXcvjMHojIKzvNCWdjG_BtKZSHWQXcb3rYuA,2026-09-24,2026-09-27,Air India and Air India Express,1,715,GAU,Weekend,Flexible (All),2026-04-06T01:58:05.606470
"Tashkent, Uzbekistan",717.0,717.0,0.0,https://encrypted-tbn2.gstatic.com/images?q=tbn:ANd9GcQA8i7cAg_5GT78C0ciF1cM-ly6BiS_ojUVXMMr6drRYdStr40B90277pTgsMCGul1IEbR6ZDAc4atr4D6HN9laieRaaJeaT3hmLsKqBg,2026-07-11,2026-07-13,AirAsia and AirAsia X,1,655,TAS,Weekend,Flexible (All),2026-04-06T01:58:05.606475
"Niseko, Japan",559.0,559.0,0.0,https://encrypted-tbn0.gstatic.com/images?q=tbn:ANd9GcRF7wdJWoE22_Ai99rtZ7hjcWVIp65xTxNoA1-WBleQknbJwrCZRAi_Mk_xp720dO7R7O0VWM2ILl-qKWXESGCxtRNFgJE-m-HdGwrlxw,2026-06-25,2026-06-29,Air Do and ANA,1,725,CTS,Weekend,Flexible (All),2026-04-06T01:58:05.606478
"Almaty, Kazakhstan",830.0,830.0,0.0,https://encrypted-tbn2.gstatic.com/images?q=tbn:ANd9GcR8iDoh59ddyzKl4KpDTbZMB5nZzWIzPoHXHEhF6j5LF-er9e4arKtTln2lYA-WuD2Z23ZsHkv3IaTY8X4k7_H0sz7pZENVvOOpEEYVqA,2026-06-26,2026-06-29,Thai AirAsia and Thai AirAsia X,1,750,ALA,Weekend,Flexible (All),2026-04-06T01:58:05.606482
"Guam, Guam",709.0,709.0,0.0,https://encrypted-tbn2.gstatic.com/images?q=tbn:ANd9GcTuOFnrHa29K1tpqiPQklQESCCKp3f-FzHa53cUPpXN1fLNxBqzixLAbuWT60pbd7ARYOKKnNlHkSWX7ZK6YnEyD7CALkdWcBFLTcNWIw,2026-09-03,2026-09-07,Philippine Airlines,1,710,GUM,Weekend,Flexible (All),2026-04-06T01:58:05.606486
"Tehran, Iran",1216.0,1216.0,0.0,https://encrypted-tbn3.gstatic.com/images?q=tbn:ANd9GcSE4XzJ3-jox0HepD9O5KomPQPnuWx3ClgVoliBalJu3shkAEawZWYi-M4YltQCNIzSMcKVSDWIXucwru13GOVroOYQmrDyLJXemqgOsw,2026-06-18,2026-06-21,Qatar Airways,1,915,IKA,Weekend,Flexible (All),2026-04-06T01:58:05.606490
"Ras Al-Khaimah, United Arab Emirates",568.0,568.0,0.0,https://encrypted-tbn3.gstatic.com/licensed-image?q=tbn:ANd9GcRqN2nkqrp4EWzuegpcggvlBSbOvCKgapKriR2tAvPupr4oZcQEJa0C8uqHFmikgu9K9VL66dVOzdwZB61x1yLnkiy5zMTNcx-7NoCuvA,2026-05-07,2026-05-10,Gulf Air,1,690,DXB,Weekend,Flexible (All),2026-04-06T01:58:05.606493
"Harbin, China",462.0,462.0,0.0,https://encrypted-tbn2.gstatic.com/images?q=tbn:ANd9GcR_MvPBNPJRk-TEMtrt8B_sIPMp92xYO42dahjcu0DxdK4F66B0rsb64v3pXLOHINO5t9aBZpbKBmHOyvLO3vOdgKa6uK86bxFgkbX2Rw,2026-06-25,2026-06-29,Shandong,1,1060,HRB,Weekend,Flexible (All),2026-04-06T01:58:05.606496
"Ulaanbaatar, Mongolia",1220.0,1076.0,144.0,https://encrypted-tbn3.gstatic.com/images?q=tbn:ANd9GcQG0oMWF9H5cvBuRMc1phyW4DGIc3S1ZIRFEi4bS-9Ah2c3Co46HWv1_2zJ1tvvI65NTG8aEoXWTCclixETbnq0PNTGkXrnN9sz9iG0xg,2026-08-22,2026-08-24,Korean Air,1,1490,UBN,Weekend,Flexible (All),2026-04-06T01:58:05.606501
"Khiva, Uzbekistan",2631.0,2631.0,0.0,https://encrypted-tbn1.gstatic.com/licensed-image?q=tbn:ANd9GcTTv9IJoMpbQ2sQACn8yO3-ZRhgmnMjqYdK_Kp30CIVDmkPl9K78xuS3VDUC8LyHzwu4ucNJhNQUck20YD2p7yfgf04GvMsl-hYaRTgYdM,2026-04-16,2026-04-20,Turkish Airlines,1,1260,UGC,Weekend,Flexible (All),2026-04-06T01:58:05.606505
"Furano, Japan",559.0,559.0,0.0,https://encrypted-tbn2.gstatic.com/images?q=tbn:ANd9GcToxhNswMamZEIFMbN4ViNIJsOoa4oiFtq7c4e5-91uhu2Jn90OSbq0u5zR3i6o5nafcKScuhJqbJsDFUCz3feBEspB5AhViICZylm6aA,2026-06-25,2026-06-29,Air Do and ANA,1,725,CTS,Weekend,Flexible (All),2026-04-06T01:58:05.606509
"Isfahan, Iran",1216.0,1216.0,0.0,https://encrypted-tbn1.gstatic.com/images?q=tbn:ANd9GcQwakxOitW8qCd-ni_IJjGONuLvWsVBR7rBET6-YCURz2311yI6ijeKgu8Oe3FsvU9mMUpcQj-oFf1Gpkcchug6yKOuFNeoBfZyPvXW3w,2026-06-18,2026-06-21,Qatar Airways,1,915,IKA,Weekend,Flexible (All),2026-04-06T01:58:05.606512
"Issyk Kul, Kyrgyzstan",830.0,830.0,0.0,https://encrypted-tbn0.gstatic.com/images?q=tbn:ANd9GcQDqLw0IWmVH11kyhh3ObcxYz5CmojvvYLlZDO2Ce_HdyewWrz_23BNsNt-RY463jE2YcjeCNoPPHhuv04pWUqf57iN5Knpc99fCpNHQA,2026-06-26,2026-06-29,Thai AirAsia and Thai AirAsia X,1,750,ALA,Weekend,Flexible (All),2026-04-06T01:58:05.606516
"Asahikawa, Japan",559.0,559.0,0.0,https://encrypted-tbn2.gstatic.com/images?q=tbn:ANd9GcS0VqKQp5kcTlRC4ivn7m1K-O7wcMpVzC8dUZ1XU5NeI5AE8uYY9FQQG1l_nbbVdcA2ZVw6R_cydjdmi6UJBTkD6s84-qL6j1L0ppHZRw,2026-06-25,2026-06-29,Air Do and ANA,1,725,CTS,Weekend,Flexible (All),2026-04-06T01:58:05.606521
"Ürümqi, China",562.0,562.0,0.0,https://encrypted-tbn2.gstatic.com/images?q=tbn:ANd9GcQG7GdzgUFPXs__gKaBVRzQaJyESgnuqLvTQ2PKS1DtS6k70TghaCiYlvLODQcqYelNGewNj-hgj_pjCSM7n1Df_nnW-VeC8V0We0h8MQ,2026-06-25,2026-06-28,Shandong,2,1315,URC,Weekend,Flexible (All),2026-04-06T01:58:05.606524
"Dunhuang, China",1684.0,1684.0,0.0,https://encrypted-tbn2.gstatic.com/licensed-image?q=tbn:ANd9GcThJg9o0jjo_-CB9AIb72wD-kE_joSmHL8a9mCD09DuVRf8B32lMkO2hGB4CBbhLbbB9sz8R9BhhNWTIjAP4MtrgNQpIwPL2bxfNwsDSw,2026-04-09,2026-04-12,Hainan,2,1910,DNH,Weekend,Flexible (All),2026-04-06T01:58:05.606528
"Padang, Indonesia",201.0,201.0,0.0,https://encrypted-tbn3.gstatic.com/images?q=tbn:ANd9GcTDKL2EVQYGn6jKkf-kN_Rdm--pZIl3mnnwYSPeO8URaMSrnPVDbZRZO1nonj0WI2Z5L8nyBj7Jy5i5ERwaG24pySvVcU1OAwT7x1Wu2A,2026-05-16,2026-05-18,Scoot,0,75,PDG,Weekend,Flexible (All),2026-04-06T01:58:05.606533
"Gorkhi Terelj National Park, Mongolia",1220.0,1076.0,144.0,https://encrypted-tbn1.gstatic.com/images?q=tbn:ANd9GcRs_x--VIR1dafl4avf8s8m8flCHTx1toLHUv0UIkRJOqQDwiSLMgVvR7Hfv6y9hrDun52sIUrYRl_HhdPAXnHuZHjKef9kXZJycsNXmQ,2026-08-22,2026-08-24,Korean Air,1,1490,UBN,Weekend,Flexible (All),2026-04-06T01:58:05.606536
"Seoul, South Korea",303.0,303.0,0.0,https://encrypted-tbn0.gstatic.com/images?q=tbn:ANd9GcSGy4LggtmRKCw-VDM7sZj2JVAI9kZiAlSkcki4ZP7jzUeqZlOBfwDo0IH5E2Xksu0CgoBvjpPlWiH4g5dXne5aQ5Iy4S01_z3bJg47cQ,2026-08-24,2026-08-30,Scoot,0,390,ICN,1 Week,Flexible (All),2026-04-06T01:58:07.038511
"Tokyo, Japan",403.0,402.0,1.0,https://encrypted-tbn3.gstatic.com/images?q=tbn:ANd9GcRiqAYuTkGrtxMazhSpAJve9ZzWSTvJ8xFHSX2ih6rQEoYgDOw0Aey3IBJh7-QF38k1xmhOiFoVXd8u5V1ip4G05Aprq0q6HulopWyM5A,2026-07-09,2026-07-15,Scoot and ZIPAIR Tokyo,0,440,NRT,1 Week,Flexible (All),2026-04-06T01:58:07.038526
"Hong Kong, Hong Kong",320.0,320.0,0.0,https://encrypted-tbn1.gstatic.com/images?q=tbn:ANd9GcTd4giZUOnVkLOK19qE-hoKaexrOb1lLvZOn_lzXx6X39chZYcKOZIlG92b-8CwcwsYWc8P53FjOTPh8YHr2wbh_ORXoEs2OLBTPE3kzw,2026-09-14,2026-09-20,Scoot,0,260,HKG,1 Week,Flexible (All),2026-04-06T01:58:07.038530
"Kyoto, Japan",328.0,328.0,0.0,https://encrypted-tbn2.gstatic.com/images?q=tbn:ANd9GcQtOVcFjC9WqGv4M70NBscJETxCioVhaxdDOixuut8dt708uPIEgFT53Jq9zXHfI6sAOAWzmyAXmctAP52yFO2Cgwinfa9tIJlulmeR_g,2026-06-29,2026-07-07,"AirAsia, AirAsia X, and Peach Aviation",1,400,KIX,1 Week,Flexible (All),2026-04-06T01:58:07.038534
"Osaka, Japan",328.0,328.0,0.0,https://encrypted-tbn3.gstatic.com/images?q=tbn:ANd9GcQ4taqtiRvr48l49Sh_f8rfRxj-enava5SmEA0s6U_pWeh7BW8eHOvOFczJy-B5oH6n3Wu-KNzT4A-NY_SzrseToTfHLKVhkr-mWGLWIA,2026-06-29,2026-07-07,"AirAsia, AirAsia X, and Peach Aviation",1,400,KIX,1 Week,Flexible (All),2026-04-06T01:58:07.038538
"Bangkok, Thailand",176.0,176.0,0.0,https://encrypted-tbn3.gstatic.com/images?q=tbn:ANd9GcTPIoqStMvXXTYbUQSylJYyWjY5HYM1GX-AALOOPHhXdXZDY56SSslLQDDkdhOxRX31c8qW7XFzS5zSEG6PGhEhGzxEbzyUYrqVxP_mBg,2026-08-24,2026-09-02,Scoot,0,155,BKK,1 Week,Flexible (All),2026-04-06T01:58:07.038541
"Hanoi, Vietnam",230.0,230.0,0.0,https://encrypted-tbn2.gstatic.com/images?q=tbn:ANd9GcTh-Ne26gTyuHsN2ZHc-hQy1CJQ2ipECMiZPX8oGOu9Gw2plYSgbGAHFY4M4Eqls6MLlm3xgJf4uKpU0FRcZaKySylwTv73Ej3oD5pwEQ,2026-08-13,2026-08-20,Scoot,0,205,HAN,1 Week,Flexible (All),2026-04-06T01:58:07.038545
"Ho Chi Minh City, Vietnam",168.0,168.0,0.0,https://encrypted-tbn0.gstatic.com/images?q=tbn:ANd9GcRrJKZk1BiYhZ3mY3euABvLxDIBukBw5gmGkEhkLqxNVGRjU8fVETFnNMHQIvPummF_6pB1XJ3tWE5VN7coLGd63VogrXcGfgf569shwA,2026-08-27,2026-09-03,Scoot,0,135,SGN,1 Week,Flexible (All),2026-04-06T01:58:07.038549
"Mumbai, India",262.0,262.0,0.0,https://encrypted-tbn1.gstatic.com/images?q=tbn:ANd9GcTRRckp8mseYnYQ7l8HELq1GoFqwH1zksN3R-F36DAYjcG5Vt5RRGV-jd25K06kaNDTLkxXdzk0QUW09L6kHJOKEQg3Txbhyf9_10ZiXg,2026-09-10,2026-09-18,Air India,0,340,BOM,1 Week,Flexible (All),2026-04-06T01:58:07.038553
"New Delhi, India",321.0,321.0,0.0,https://encrypted-tbn0.gstatic.com/images?q=tbn:ANd9GcSl_0QJXM0LcbhkFClbfILfC8ZiSCyO5XZpO0iSG1vfJg82v_FHjLXKSHs4cuyhvv4qL9jHKtP8ejqB62ObqFIQDnc3TDNCBAKM57ywZQ,2026-09-21,2026-09-28,"Air India, AirAsia, and AirAsia X",1,625,DEL,1 Week,Flexible (All),2026-04-06T01:58:07.038556
"Federal Territory of Kuala Lumpur, Malaysia",100.0,100.0,0.0,https://encrypted-tbn3.gstatic.com/images?q=tbn:ANd9GcQQIk1ExRSHJSg0CA3pM6ISxhFBQVZJ7iNmv02par-cAbKXlYKgy5PyTpGtQT33xTsdoO0dFIXrLwxWqlAmtUcQD7cziyQYbCZ55yo55Q,2026-07-09,2026-07-15,AirAsia,0,65,KUL,1 Week,Flexible (All),2026-04-06T01:58:07.038559
"Dubai, United Arab Emirates",568.0,568.0,0.0,https://encrypted-tbn2.gstatic.com/images?q=tbn:ANd9GcS8I-qzYsk8MfqbtG7XZriHCE-pfBAmDIEitgTNi6pkd4ydYfON7ave6PO0r4SphWZcLjoAZuDchjD45415sUjceoYWW2iZuva8SQ9Spg,2026-05-03,2026-05-09,Gulf Air,1,690,DXB,1 Week,Flexible (All),2026-04-06T01:58:07.038562
"Chiang Mai, Thailand",287.0,287.0,0.0,https://encrypted-tbn2.gstatic.com/images?q=tbn:ANd9GcTWkJDtb_3dOVc83TPKcKR6rRyKwp9M0n4vxVyFLuQ4ptiBf2FOEvVCTgmNI6dA6yLD85h9dhQ--u0VJsMWDGNwsAE013NEUxXHaHt00w,2026-05-03,2026-05-09,Scoot,0,185,CNX,1 Week,Flexible (All),2026-04-06T01:58:07.038565
"Jaipur, India",360.0,370.0,-10.0,https://encrypted-tbn2.gstatic.com/images?q=tbn:ANd9GcRHqyQ66crs-roykYQYxDmWP5W5OJrHQTXbb44A5zWulqxTZqTHGy2hBSBr8d_dU8AQ4qFU-hzSZNSDGh8MhIgg3DyUUeXB0f3QkYRhpw,2026-09-10,2026-09-18,Air India and Air India Express,1,765,JAI,1 Week,Flexible (All),2026-04-06T01:58:07.038568
"Phuket, Thailand",151.0,151.0,0.0,https://encrypted-tbn3.gstatic.com/images?q=tbn:ANd9GcTiBNj9z2Tf0lnw1uff6ooYy7liuVrHON7xT0xwWMJJWj3t4puxffP6RFtMin9PMz2RmGh6hiBIzk-1EGPwdS0BTJqDV9Dc_nMu3U5NQA,2026-05-07,2026-05-14,Thai Lion Air,0,105,HKT,1 Week,Flexible (All),2026-04-06T01:58:07.038572
"Beijing, China",350.0,350.0,0.0,https://encrypted-tbn1.gstatic.com/images?q=tbn:ANd9GcR6R3TE9LrMLUM8It2c4f4zpNHzm3U-Peq5u7VO4V6QKrFk0vcJi5BJqLmmSuBNCoOTLy0XsoAmhFwqm2sUijEusLJoXjMkTWCWUiNOcw,2026-09-28,2026-10-05,"AirAsia, AirAsia X, Firefly, and Malaysia Airlines",1,655,PKX,1 Week,Flexible (All),2026-04-06T01:58:07.038575
"Goa, India",386.0,362.0,24.0,https://encrypted-tbn1.gstatic.com/images?q=tbn:ANd9GcTO_bUFJ2hIpNKQP021IDGX5_9DjDgvZKtkIrDVxwM0u4I5OAp1Iax4_EW6hoaO9NUW0KWgILohWKKZLG9XzbzfZkpeonIKw3VgPDT5tQ,2026-09-10,2026-09-18,Air India and Air India Express,1,800,GOI,1 Week,Flexible (All),2026-04-06T01:58:07.038578
"Shanghai, China",292.0,292.0,0.0,https://encrypted-tbn2.gstatic.com/images?q=tbn:ANd9GcTujsAS0i3-zbeimLQQ8RJnTX80xFZm7VnTsswhTD6W1aHQZWxzA7pNb0BMAVpelCNQq3SEx1592gylHw,2026-09-28,2026-10-05,Spring,0,335,PVG,1 Week,Flexible (All),2026-04-06T01:58:07.038581
Hội An,204.0,204.0,0.0,https://encrypted-tbn3.gstatic.com/images?q=tbn:ANd9GcRRNok0jp9TQx-QJc8bQnN2ksLZePNr89SdiNSiwUwpXKh0aVOnLPThIeJfqztwgB97XWeFuxC9lhG0DimISpDGn4Hfkm_wLNu4dl340A,2026-09-26,2026-10-02,Scoot,0,170,DAD,1 Week,Flexible (All),2026-04-06T01:58:07.038585
"Bengaluru, India",339.0,339.0,0.0,https://encrypted-tbn2.gstatic.com/images?q=tbn:ANd9GcRRnVQMArN8G30p02VM6n18fD9LS-EXlKYRbJfv6CPLwRZ9C2wXHGXWsl6OOG5ubeHraoTiiKbSaBZnb2O3B02YbhgEtC8m9xRxgPwGfQ,2026-08-27,2026-09-02,Singapore Airlines,0,255,BLR,1 Week,Flexible (All),2026-04-06T01:58:07.038588
"Hạ Long Bay, Vietnam",230.0,230.0,0.0,https://encrypted-tbn0.gstatic.com/images?q=tbn:ANd9GcQdH7xkaOku2D4UGiEtbegMDLIWszqsJrVB-XkpO13CqXswYGnUUFMgsO4uFwTrf0y8EAbVZJI4A0eo4UHbgxYiQFIDVb-zsz70Dt0OOg,2026-07-02,2026-07-09,Scoot,0,205,HAN,1 Week,Flexible (All),2026-04-06T01:58:07.038592
"Abu Dhabi, United Arab Emirates",568.0,568.0,0.0,https://encrypted-tbn2.gstatic.com/images?q=tbn:ANd9GcTwBpYbpnuaEurTOeQbgYJzxk3uOAjB7bRvnTetkMlsdPqKciAFtLJswZmMHWpVhkLeEbJZCCZwoXaQ5D4aSc9sT4I-yBQBrT3r5vSWtA,2026-05-03,2026-05-09,Gulf Air,1,735,AUH,1 Week,Flexible (All),2026-04-06T01:58:07.038595
"Chennai, India",236.0,236.0,0.0,https://encrypted-tbn3.gstatic.com/images?q=tbn:ANd9GcT8jGx4Oe7gOIT3dSF0FgoYzjECbwXYCIq6g0sMhY30kkZu5ThtcjZeZrIwVErtNu0yP-R_6Fgzt1BlhFJgF4nE0Cxoy4q_LrB5mHM6_A,2026-07-26,2026-08-03,Scoot,0,240,MAA,1 Week,Flexible (All),2026-04-06T01:58:07.038598
"Varanasi, India",445.0,461.0,-16.0,https://encrypted-tbn2.gstatic.com/images?q=tbn:ANd9GcRg1OmvYJVmJRkkH48WQY4LvYje4OuiXjLle-GS5PpRg-nonn9JC3CvB7HFko6WDkJnbxLL2s8j9VJf3XEWtJjx9xwADzwK_XzESUnUsA,2026-05-18,2026-05-25,Air India and Air India Express,1,815,VNS,1 Week,Flexible (All),2026-04-06T01:58:07.038601
"Udaipur, India",487.0,487.0,0.0,https://encrypted-tbn3.gstatic.com/images?q=tbn:ANd9GcSDElWaJCFOU4Y_U3X_1eUQsKG7FBPTiC6ZjgywBhr-NVfC9MscjNzDtVWHXcZxqrvrg6doXFJ3HtKk7f7vlZEBRljFcaKQrvdT1Lfn8Q,2026-09-28,2026-10-07,Air India,1,585,UDR,1 Week,Flexible (All),2026-04-06T01:58:07.038605
"Agra, India",321.0,321.0,0.0,https://encrypted-tbn2.gstatic.com/images?q=tbn:ANd9GcQI0YQv8yflL3rak3GIymC_IQPCnsI79bxC_lkZZonTDvjgQT1rNO7yJFilB65Gezf2VFQaf9yZ_h8HiA,2026-09-21,2026-09-28,"Air India, AirAsia, and AirAsia X",1,625,DEL,1 Week,Flexible (All),2026-04-06T01:58:07.038608
"Ko Samui, Thailand",346.0,346.0,0.0,https://encrypted-tbn0.gstatic.com/images?q=tbn:ANd9GcQ5VBzIPEfByKaFwNzikHD-kPxvUCXDQnYSeSf5xfsIeLO82X1NYZAjeCuuPKR2bV5qteuV8eJwTlrqba9OPo7suR-eLdKQb1P0WeM74A,2026-05-17,2026-05-26,Scoot,0,105,USM,1 Week,Flexible (All),2026-04-06T01:58:07.038611
"Kolkata, India",346.0,346.0,0.0,https://encrypted-tbn1.gstatic.com/images?q=tbn:ANd9GcQkqRm0hB0I1L_Wd8J2SnHNwKFZT4kXBUBpwALXSPcPiN3P3c_WpHKIiaKVq1Y3OxMKtVX086O0hVbNFgQnycWMKjv8QwffmoMgidSS2Q,2026-07-02,2026-07-08,IndiGo and AirAsia,1,250,CCU,1 Week,Flexible (All),2026-04-06T01:58:07.038615
"Taipei City, Taiwan",238.0,238.0,0.0,https://encrypted-tbn3.gstatic.com/images?q=tbn:ANd9GcQXLhb-ghDjmkIYAVvdu4F0jxICbcNjvay2bPLvj8Hp1u_uQKcabDV_PEHWzUdFw6H1BPMdXV5ahY-NuEBcv5y050siHU3OyxbnIrgwfg,2026-05-14,2026-05-20,Scoot,0,285,TPE,1 Week,Flexible (All),2026-04-06T01:58:07.038618
"Kochi, India",277.0,277.0,0.0,https://encrypted-tbn3.gstatic.com/images?q=tbn:ANd9GcTPv3xu1wWA_PiElguRprW5LXIiyk1swUyWnl2QBNczqNvHpUCVW0j4KU7r7TduEUBjZLEgF1r2LndBwX3sPX83Xs2BTqGidMf9Wb4X7w,2026-07-04,2026-07-10,AirAsia,1,500,COK,1 Week,Flexible (All),2026-04-06T01:58:07.038621
"Kathmandu, Nepal",606.0,606.0,0.0,https://encrypted-tbn0.gstatic.com/images?q=tbn:ANd9GcT78awjGv8SH4zFojoNUasAJqCxFPYe5qPHDvKUhH54AJ48YS8N1M9idwAQkN9fOXSnaMT2Rb5XpFn5tN3eT-3_sfEtXzetNBogSwD10g,2026-07-06,2026-07-12,Air India,1,590,KTM,1 Week,Flexible (All),2026-04-06T01:58:07.038624
"Manila, Philippines",182.0,182.0,0.0,https://encrypted-tbn3.gstatic.com/images?q=tbn:ANd9GcRr9zUtKyDotaE-xA4DBVzZeavqk4R9wcvHmPGhQaJYfJO42GbiiIxaklB54UPajj9Fb2NgEdnVKsjvVPiBUWLwL4ShNsl8GI51yhA3MQ,2026-07-06,2026-07-14,Cebu Pacific,0,235,MNL,1 Week,Flexible (All),2026-04-06T01:58:07.038627
"Bahrain, Bahrain",857.0,857.0,0.0,https://encrypted-tbn2.gstatic.com/images?q=tbn:ANd9GcSV-vcI5g_BSfRsSLESsjQeatxt7gtRek4JeffV42nrl5WMmzv4CM01xYgIecZb8062y259TXOBwtIRf3oxl-QQmui-tpQaPs-3yLaarQ,2026-06-14,2026-06-20,Etihad,1,610,BAH,1 Week,Flexible (All),2026-04-06T01:58:07.038630
"Macao, Macao",372.0,371.0,1.0,https://encrypted-tbn1.gstatic.com/images?q=tbn:ANd9GcQSqvJMa-Boc6alR19GIwxB5x8fz6SLMX4U07VIkUBrXrHUId6y7gaY5UM0NjSMQ8dxCMqaO-Vb6NcCcpDkTJWIL-bb7VqXfHxBqGdPBQ,2026-09-12,2026-09-18,XiamenAir and Scoot,1,245,MFM,1 Week,Flexible (All),2026-04-06T01:58:07.038634
"Hyderabad, India",319.0,319.0,0.0,https://encrypted-tbn0.gstatic.com/images?q=tbn:ANd9GcS3lpOwI2CRkpJjacFXUmD9pyCXeZ-MP0UNVoSY-ZINyBSXwarclu3H5KLBmgmXLMvZ8CFEPC_CTn9MxVN2fSbIBcOTsu-WSQuxa1tkvQ,2026-07-05,2026-07-14,AirAsia,1,420,HYD,1 Week,Flexible (All),2026-04-06T01:58:07.038637
"Da Nang, Vietnam",204.0,204.0,0.0,https://encrypted-tbn0.gstatic.com/images?q=tbn:ANd9GcRY7AI9sBPAD8WaK_I7CMw80ft40TqnRp1EjFdp9GnRDSxju7-F8tl-8bCJnT0Wdb16UIVE-GplpFzGlWkWlV9HQ_ABPTCatv79wUf_ww,2026-09-26,2026-10-02,Scoot,0,170,DAD,1 Week,Flexible (All),2026-04-06T01:58:07.038641
"Shimla, India",321.0,321.0,0.0,https://encrypted-tbn1.gstatic.com/images?q=tbn:ANd9GcRmVtZCspa49qA-VRdGwLUuhCYbfJl99rU2w1Dr_PWQ3xiGSYx9VEXsN9QQ4eU8ASsCrKZe-uXEhGKoWavjil_p5W2zaaBuI22CrttqxA,2026-09-21,2026-09-28,"Air India, AirAsia, and AirAsia X",1,625,DEL,1 Week,Flexible (All),2026-04-06T01:58:07.038644
"Rishikesh, India",321.0,321.0,0.0,https://encrypted-tbn0.gstatic.com/images?q=tbn:ANd9GcQfnGK9xvCgM7SqaGAnrr-_xe7z2ObRVdDcCHEZvvCJmJvfPigk-FXOPJhBuaMZ11zbtVGZf7GaxmCkvgDB0PLXsaQ2WySPT5Fcf09Faw,2026-09-21,2026-09-28,"Air India, AirAsia, and AirAsia X",1,625,DEL,1 Week,Flexible (All),2026-04-06T01:58:07.038648
"Manali, India",321.0,321.0,0.0,https://encrypted-tbn2.gstatic.com/images?q=tbn:ANd9GcScenrP6gjGb22lYsm8hjewD2rWHNXHj5hgZhSH4EXtFQ9vluathDHuGxcS18s0x2hP3XoltAmZURaN8WbSwwbatRsnz2MFZ0ZwVnW8VQ,2026-09-21,2026-09-28,"Air India, AirAsia, and AirAsia X",1,625,DEL,1 Week,Flexible (All),2026-04-06T01:58:07.038652
"Jodhpur, India",402.0,402.0,0.0,https://encrypted-tbn0.gstatic.com/images?q=tbn:ANd9GcT8rBuapOqnIZRswSHWgHMRjC4gzYc6DE1yL1Z1ztSjcpHalJq26yGPgeI_ULnxNPCfK3LMV0Pj6xjeJh5akRjEUMHFxuGqEEiOou58Nw,2026-09-03,2026-09-09,Air India,1,1175,JDH,1 Week,Flexible (All),2026-04-06T01:58:07.038655
"Munnar, India",277.0,277.0,0.0,https://encrypted-tbn3.gstatic.com/images?q=tbn:ANd9GcRqTHPBvoWmkwj7azYfSnX-4D9m7HpvFFq2vilhEa-17FM8zY0YvpGbpPe8I3_sHgpMYKqd9FSkuFtZWe9eOFGaLBeC3_i-qhxMPS2ZZQ,2026-07-04,2026-07-10,AirAsia,1,500,COK,1 Week,Flexible (All),2026-04-06T01:58:07.038658
"Phú Quốc, Vietnam",232.0,232.0,0.0,https://encrypted-tbn3.gstatic.com/images?q=tbn:ANd9GcRGbWm0uqKOR9KmPBYMR8hSZRHOxqckm3gbBrinJy7yZfDpfAegfGEqPlX_NwjVJTCCRKnQ4hy7zd_tVOyEs6jNZ5fStfBDzeOslyEDoQ,2026-07-06,2026-07-15,AirAsia and Scoot,1,120,PQC,1 Week,Flexible (All),2026-04-06T01:58:07.038662
"Ranthambore National Park, India",360.0,370.0,-10.0,https://encrypted-tbn1.gstatic.com/images?q=tbn:ANd9GcSxrL0gNEqLJpancU8CANYgSjKoKEt_XeO5-xtU4ORG0m7IeWEhcCeab50BDvUMimSAhhiDtirU0aL_8w7CiKJslV3QM7voc7SLfRNUXA,2026-09-10,2026-09-18,Air India and Air India Express,1,765,JAI,1 Week,Flexible (All),2026-04-06T01:58:07.038666
"Colombo, Sri Lanka",319.0,319.0,0.0,https://encrypted-tbn3.gstatic.com/images?q=tbn:ANd9GcTCalYZRVLcftWCfdfjEucymsOsqadi9yimDG5NMHv6E53eNTkw3p5ze8wn7ynj7bthi5fSNd5TBC6kKSotrDYrF-RE3IV18bj2oW5xIA,2026-07-04,2026-07-10,AirAsia,1,340,CMB,1 Week,Flexible (All),2026-04-06T01:58:07.038670
"Puducherry, India",236.0,236.0,0.0,https://encrypted-tbn0.gstatic.com/images?q=tbn:ANd9GcSvFZF57d-2KCNUh2lGz_SpRX0BslRnbMeUh2sb9KCiupngoHKO-0XUl8KYr7aeQZe6FlJIbLdal0LuVroiG9Wi180UtMpxG6Jxk-ytPQ,2026-07-26,2026-08-03,Scoot,0,240,MAA,1 Week,Flexible (All),2026-04-06T01:58:07.038674
"Sapporo, Japan",552.0,553.0,-1.0,https://encrypted-tbn0.gstatic.com/images?q=tbn:ANd9GcR4AM45jXa1psI2Z1sNxUR2XylT_5MPK1SHculUYedH63c7x8IHbBm5vDFctSbaXhn0_6bbNf6i86ZYpVuYBbEH4GveYpJzK-y7SINH1w,2026-05-21,2026-05-28,Scoot,1,595,CTS,1 Week,Flexible (All),2026-04-06T01:58:07.038682
"Chengdu, China",346.0,346.0,0.0,https://encrypted-tbn3.gstatic.com/images?q=tbn:ANd9GcQY8DLeWQH982m5yXijXncNnKja_WtNJL9izzPLuwIjs4fWdKIGLfaVUBaXr3YLnyDVrv4RYKWVibM84S-hp3UpCGr78L0YycX0BZjRTw,2026-09-28,2026-10-05,AirAsia and AirAsia X,1,510,TFU,1 Week,Flexible (All),2026-04-06T01:58:07.038686
"Xi'An, China",353.0,353.0,0.0,https://encrypted-tbn3.gstatic.com/images?q=tbn:ANd9GcQlRRbLPcoitY2Dl9reXFIK_MTRgheCZMFkITdRumAZOoaWoPWH17MmpII3EMgCWZiqCnsu-ROsf2sFp9iSCYUPddP48tSGXwzfALtqvA,2026-09-27,2026-10-06,"AirAsia, AirAsia X, and Scoot",1,500,XIY,1 Week,Flexible (All),2026-04-06T01:58:07.038689
"Boracay, Philippines",250.0,250.0,0.0,https://encrypted-tbn2.gstatic.com/images?q=tbn:ANd9GcSWVEP-f4Tsv9itb6e5PrsSbMRzn1pCVXoPAN7uzJJb3pMDQfBH4KRylRfEcwRrRrkfkye1AZFE9payFqm1xehM0rWmEcZsd2t1jrRgsQ,2026-09-14,2026-09-22,Cebu Pacific,1,710,MPH,1 Week,Flexible (All),2026-04-06T01:58:07.038692
"Cebu City, Philippines",194.0,194.0,0.0,https://encrypted-tbn0.gstatic.com/images?q=tbn:ANd9GcRQkSFnL8j_JnNZIPer-g9BJfnnRj2BME3jwdM8u2pdZX5SMMAE6rz0Hghh-cgEA9re1JDSt3XMQWLcIHPANBsJgId_suPx16yEH4yKOA,2026-07-16,2026-07-22,Cebu Pacific,0,235,CEB,1 Week,Flexible (All),2026-04-06T01:58:07.038695
"Kaziranga National Park, India",443.0,443.0,0.0,https://encrypted-tbn1.gstatic.com/images?q=tbn:ANd9GcQDBQ8gOfMM5IwB9Kv4SMGtY_VPTDN01t38twMZQ4jvK04wX5tThshiljXNBOmn9R1pWAUQanV96n0LiujQ0L_2pHnHCpEZsWJr0pU7HA,2026-09-17,2026-09-23,Air India and Air India Express,1,715,GAU,1 Week,Flexible (All),2026-04-06T01:58:07.038699
"Guwahati, India",443.0,443.0,0.0,https://encrypted-tbn0.gstatic.com/images?q=tbn:ANd9GcSTNDJXSuGok1AmlZ2jJpvD_mzuF2s44iPPLEb27hyvOHBabF44H_oKWPTzHate__CBMAUXcvjMHojIKzvNCWdjG_BtKZSHWQXcb3rYuA,2026-09-17,2026-09-23,Air India and Air India Express,1,715,GAU,1 Week,Flexible (All),2026-04-06T01:58:07.038722
"Tashkent, Uzbekistan",597.0,597.0,0.0,https://encrypted-tbn2.gstatic.com/images?q=tbn:ANd9GcQA8i7cAg_5GT78C0ciF1cM-ly6BiS_ojUVXMMr6drRYdStr40B90277pTgsMCGul1IEbR6ZDAc4atr4D6HN9laieRaaJeaT3hmLsKqBg,2026-07-06,2026-07-13,AirAsia and AirAsia X,1,655,TAS,1 Week,Flexible (All),2026-04-06T01:58:07.038727
"Niseko, Japan",552.0,553.0,-1.0,https://encrypted-tbn0.gstatic.com/images?q=tbn:ANd9GcRF7wdJWoE22_Ai99rtZ7hjcWVIp65xTxNoA1-WBleQknbJwrCZRAi_Mk_xp720dO7R7O0VWM2ILl-qKWXESGCxtRNFgJE-m-HdGwrlxw,2026-05-21,2026-05-28,Scoot,1,595,CTS,1 Week,Flexible (All),2026-04-06T01:58:07.038730
"Almaty, Kazakhstan",825.0,825.0,0.0,https://encrypted-tbn2.gstatic.com/images?q=tbn:ANd9GcR8iDoh59ddyzKl4KpDTbZMB5nZzWIzPoHXHEhF6j5LF-er9e4arKtTln2lYA-WuD2Z23ZsHkv3IaTY8X4k7_H0sz7pZENVvOOpEEYVqA,2026-06-21,2026-06-29,Thai AirAsia and Thai AirAsia X,1,750,ALA,1 Week,Flexible (All),2026-04-06T01:58:07.038734
"Guam, Guam",709.0,709.0,0.0,https://encrypted-tbn2.gstatic.com/images?q=tbn:ANd9GcTuOFnrHa29K1tpqiPQklQESCCKp3f-FzHa53cUPpXN1fLNxBqzixLAbuWT60pbd7ARYOKKnNlHkSWX7ZK6YnEyD7CALkdWcBFLTcNWIw,2026-09-17,2026-09-24,Philippine Airlines,1,710,GUM,1 Week,Flexible (All),2026-04-06T01:58:07.038737
"Tehran, Iran",1216.0,1216.0,0.0,https://encrypted-tbn3.gstatic.com/images?q=tbn:ANd9GcSE4XzJ3-jox0HepD9O5KomPQPnuWx3ClgVoliBalJu3shkAEawZWYi-M4YltQCNIzSMcKVSDWIXucwru13GOVroOYQmrDyLJXemqgOsw,2026-06-18,2026-06-24,Qatar Airways,1,915,IKA,1 Week,Flexible (All),2026-04-06T01:58:07.038742
"Ras Al-Khaimah, United Arab Emirates",568.0,568.0,0.0,https://encrypted-tbn3.gstatic.com/licensed-image?q=tbn:ANd9GcRqN2nkqrp4EWzuegpcggvlBSbOvCKgapKriR2tAvPupr4oZcQEJa0C8uqHFmikgu9K9VL66dVOzdwZB61x1yLnkiy5zMTNcx-7NoCuvA,2026-05-03,2026-05-09,Gulf Air,1,690,DXB,1 Week,Flexible (All),2026-04-06T01:58:07.038745
"Harbin, China",462.0,462.0,0.0,https://encrypted-tbn2.gstatic.com/images?q=tbn:ANd9GcR_MvPBNPJRk-TEMtrt8B_sIPMp92xYO42dahjcu0DxdK4F66B0rsb64v3pXLOHINO5t9aBZpbKBmHOyvLO3vOdgKa6uK86bxFgkbX2Rw,2026-06-22,2026-06-29,Shandong,1,1060,HRB,1 Week,Flexible (All),2026-04-06T01:58:07.038749
"Ulaanbaatar, Mongolia",1246.0,1246.0,0.0,https://encrypted-tbn3.gstatic.com/images?q=tbn:ANd9GcQG0oMWF9H5cvBuRMc1phyW4DGIc3S1ZIRFEi4bS-9Ah2c3Co46HWv1_2zJ1tvvI65NTG8aEoXWTCclixETbnq0PNTGkXrnN9sz9iG0xg,2026-08-06,2026-08-12,Cathay Pacific and MIAT,1,1625,UBN,1 Week,Flexible (All),2026-04-06T01:58:07.038753
"Furano, Japan",552.0,553.0,-1.0,https://encrypted-tbn2.gstatic.com/images?q=tbn:ANd9GcToxhNswMamZEIFMbN4ViNIJsOoa4oiFtq7c4e5-91uhu2Jn90OSbq0u5zR3i6o5nafcKScuhJqbJsDFUCz3feBEspB5AhViICZylm6aA,2026-05-21,2026-05-28,Scoot,1,595,CTS,1 Week,Flexible (All),2026-04-06T01:58:07.038759
"Isfahan, Iran",1216.0,1216.0,0.0,https://encrypted-tbn1.gstatic.com/images?q=tbn:ANd9GcQwakxOitW8qCd-ni_IJjGONuLvWsVBR7rBET6-YCURz2311yI6ijeKgu8Oe3FsvU9mMUpcQj-oFf1Gpkcchug6yKOuFNeoBfZyPvXW3w,2026-06-18,2026-06-24,Qatar Airways,1,915,IKA,1 Week,Flexible (All),2026-04-06T01:58:07.038762
"Issyk Kul, Kyrgyzstan",825.0,825.0,0.0,https://encrypted-tbn0.gstatic.com/images?q=tbn:ANd9GcQDqLw0IWmVH11kyhh3ObcxYz5CmojvvYLlZDO2Ce_HdyewWrz_23BNsNt-RY463jE2YcjeCNoPPHhuv04pWUqf57iN5Knpc99fCpNHQA,2026-06-21,2026-06-29,Thai AirAsia and Thai AirAsia X,1,750,ALA,1 Week,Flexible (All),2026-04-06T01:58:07.038766
"Asahikawa, Japan",552.0,553.0,-1.0,https://encrypted-tbn2.gstatic.com/images?q=tbn:ANd9GcS0VqKQp5kcTlRC4ivn7m1K-O7wcMpVzC8dUZ1XU5NeI5AE8uYY9FQQG1l_nbbVdcA2ZVw6R_cydjdmi6UJBTkD6s84-qL6j1L0ppHZRw,2026-05-21,2026-05-28,Scoot,1,595,CTS,1 Week,Flexible (All),2026-04-06T01:58:07.038770
"Ürümqi, China",562.0,562.0,0.0,https://encrypted-tbn2.gstatic.com/images?q=tbn:ANd9GcQG7GdzgUFPXs__gKaBVRzQaJyESgnuqLvTQ2PKS1DtS6k70TghaCiYlvLODQcqYelNGewNj-hgj_pjCSM7n1Df_nnW-VeC8V0We0h8MQ,2026-04-23,2026-05-02,Shandong,2,1150,URC,1 Week,Flexible (All),2026-04-06T01:58:07.038774
"Dunhuang, China",1684.0,1684.0,0.0,https://encrypted-tbn2.gstatic.com/licensed-image?q=tbn:ANd9GcThJg9o0jjo_-CB9AIb72wD-kE_joSmHL8a9mCD09DuVRf8B32lMkO2hGB4CBbhLbbB9sz8R9BhhNWTIjAP4MtrgNQpIwPL2bxfNwsDSw,2026-04-16,2026-04-22,Hainan,2,1910,DNH,1 Week,Flexible (All),2026-04-06T01:58:07.038778
"Padang, Indonesia",179.0,179.0,0.0,https://encrypted-tbn3.gstatic.com/images?q=tbn:ANd9GcTDKL2EVQYGn6jKkf-kN_Rdm--pZIl3mnnwYSPeO8URaMSrnPVDbZRZO1nonj0WI2Z5L8nyBj7Jy5i5ERwaG24pySvVcU1OAwT7x1Wu2A,2026-07-13,2026-07-21,Scoot,0,75,PDG,1 Week,Flexible (All),2026-04-06T01:58:07.038784
"Gorkhi Terelj National Park, Mongolia",1246.0,1246.0,0.0,https://encrypted-tbn1.gstatic.com/images?q=tbn:ANd9GcRs_x--VIR1dafl4avf8s8m8flCHTx1toLHUv0UIkRJOqQDwiSLMgVvR7Hfv6y9hrDun52sIUrYRl_HhdPAXnHuZHjKef9kXZJycsNXmQ,2026-08-06,2026-08-12,Cathay Pacific and MIAT,1,1625,UBN,1 Week,Flexible (All),2026-04-06T01:58:07.038789
"Tokyo, Japan",370.0,370.0,0.0,https://encrypted-tbn3.gstatic.com/images?q=tbn:ANd9GcRiqAYuTkGrtxMazhSpAJve9ZzWSTvJ8xFHSX2ih6rQEoYgDOw0Aey3IBJh7-QF38k1xmhOiFoVXd8u5V1ip4G05Aprq0q6HulopWyM5A,2026-04-23,2026-05-07,Scoot and ZIPAIR Tokyo,0,440,NRT,2 Weeks,Flexible (All),2026-04-06T01:58:13.673493
"Hong Kong, Hong Kong",404.0,404.0,0.0,https://encrypted-tbn1.gstatic.com/images?q=tbn:ANd9GcTd4giZUOnVkLOK19qE-hoKaexrOb1lLvZOn_lzXx6X39chZYcKOZIlG92b-8CwcwsYWc8P53FjOTPh8YHr2wbh_ORXoEs2OLBTPE3kzw,2026-04-27,2026-05-11,Batik Air and Scoot,1,1005,HKG,2 Weeks,Flexible (All),2026-04-06T01:58:13.673502
"Bangkok, Thailand",176.0,176.0,0.0,https://encrypted-tbn3.gstatic.com/images?q=tbn:ANd9GcTPIoqStMvXXTYbUQSylJYyWjY5HYM1GX-AALOOPHhXdXZDY56SSslLQDDkdhOxRX31c8qW7XFzS5zSEG6PGhEhGzxEbzyUYrqVxP_mBg,2026-07-13,2026-07-29,Scoot,0,155,BKK,2 Weeks,Flexible (All),2026-04-06T01:58:13.673504
"Hanoi, Vietnam",221.0,221.0,0.0,https://encrypted-tbn2.gstatic.com/images?q=tbn:ANd9GcTh-Ne26gTyuHsN2ZHc-hQy1CJQ2ipECMiZPX8oGOu9Gw2plYSgbGAHFY4M4Eqls6MLlm3xgJf4uKpU0FRcZaKySylwTv73Ej3oD5pwEQ,2026-08-28,2026-09-10,Scoot,0,205,HAN,2 Weeks,Flexible (All),2026-04-06T01:58:13.673506
"Ho Chi Minh City, Vietnam",168.0,168.0,0.0,https://encrypted-tbn0.gstatic.com/images?q=tbn:ANd9GcRrJKZk1BiYhZ3mY3euABvLxDIBukBw5gmGkEhkLqxNVGRjU8fVETFnNMHQIvPummF_6pB1XJ3tWE5VN7coLGd63VogrXcGfgf569shwA,2026-08-20,2026-09-03,Scoot,0,135,SGN,2 Weeks,Flexible (All),2026-04-06T01:58:13.673508
"Mumbai, India",258.0,258.0,0.0,https://encrypted-tbn1.gstatic.com/images?q=tbn:ANd9GcTRRckp8mseYnYQ7l8HELq1GoFqwH1zksN3R-F36DAYjcG5Vt5RRGV-jd25K06kaNDTLkxXdzk0QUW09L6kHJOKEQg3Txbhyf9_10ZiXg,2026-09-07,2026-09-21,Air India,0,340,BOM,2 Weeks,Flexible (All),2026-04-06T01:58:13.673511
"New Delhi, India",302.0,302.0,0.0,https://encrypted-tbn0.gstatic.com/images?q=tbn:ANd9GcSl_0QJXM0LcbhkFClbfILfC8ZiSCyO5XZpO0iSG1vfJg82v_FHjLXKSHs4cuyhvv4qL9jHKtP8ejqB62ObqFIQDnc3TDNCBAKM57ywZQ,2026-05-11,2026-05-25,Air India and Air India Express,1,355,DEL,2 Weeks,Flexible (All),2026-04-06T01:58:13.673513
"Federal Territory of Kuala Lumpur, Malaysia",100.0,100.0,0.0,https://encrypted-tbn3.gstatic.com/images?q=tbn:ANd9GcQQIk1ExRSHJSg0CA3pM6ISxhFBQVZJ7iNmv02par-cAbKXlYKgy5PyTpGtQT33xTsdoO0dFIXrLwxWqlAmtUcQD7cziyQYbCZ55yo55Q,2026-06-28,2026-07-14,AirAsia,0,65,KUL,2 Weeks,Flexible (All),2026-04-06T01:58:13.673515
"Dubai, United Arab Emirates",568.0,568.0,0.0,https://encrypted-tbn2.gstatic.com/images?q=tbn:ANd9GcS8I-qzYsk8MfqbtG7XZriHCE-pfBAmDIEitgTNi6pkd4ydYfON7ave6PO0r4SphWZcLjoAZuDchjD45415sUjceoYWW2iZuva8SQ9Spg,2026-05-03,2026-05-16,Gulf Air,1,690,DXB,2 Weeks,Flexible (All),2026-04-06T01:58:13.673523
"Kyoto, Japan",325.0,325.0,0.0,https://encrypted-tbn2.gstatic.com/images?q=tbn:ANd9GcQtOVcFjC9WqGv4M70NBscJETxCioVhaxdDOixuut8dt708uPIEgFT53Jq9zXHfI6sAOAWzmyAXmctAP52yFO2Cgwinfa9tIJlulmeR_g,2026-06-29,2026-07-13,Peach Aviation,0,400,KIX,2 Weeks,Flexible (All),2026-04-06T01:58:13.673527
"Chiang Mai, Thailand",287.0,287.0,0.0,https://encrypted-tbn2.gstatic.com/images?q=tbn:ANd9GcTWkJDtb_3dOVc83TPKcKR6rRyKwp9M0n4vxVyFLuQ4ptiBf2FOEvVCTgmNI6dA6yLD85h9dhQ--u0VJsMWDGNwsAE013NEUxXHaHt00w,2026-05-03,2026-05-19,Scoot,0,185,CNX,2 Weeks,Flexible (All),2026-04-06T01:58:13.673531
"Jaipur, India",356.0,356.0,0.0,https://encrypted-tbn2.gstatic.com/images?q=tbn:ANd9GcRHqyQ66crs-roykYQYxDmWP5W5OJrHQTXbb44A5zWulqxTZqTHGy2hBSBr8d_dU8AQ4qFU-hzSZNSDGh8MhIgg3DyUUeXB0f3QkYRhpw,2026-09-07,2026-09-21,Air India and Air India Express,1,765,JAI,2 Weeks,Flexible (All),2026-04-06T01:58:13.673535
"Phuket, Thailand",151.0,151.0,0.0,https://encrypted-tbn3.gstatic.com/images?q=tbn:ANd9GcTiBNj9z2Tf0lnw1uff6ooYy7liuVrHON7xT0xwWMJJWj3t4puxffP6RFtMin9PMz2RmGh6hiBIzk-1EGPwdS0BTJqDV9Dc_nMu3U5NQA,2026-05-07,2026-05-21,Thai Lion Air,0,105,HKT,2 Weeks,Flexible (All),2026-04-06T01:58:13.673539
"Seoul, South Korea",303.0,313.0,-10.0,https://encrypted-tbn0.gstatic.com/images?q=tbn:ANd9GcSGy4LggtmRKCw-VDM7sZj2JVAI9kZiAlSkcki4ZP7jzUeqZlOBfwDo0IH5E2Xksu0CgoBvjpPlWiH4g5dXne5aQ5Iy4S01_z3bJg47cQ,2026-08-24,2026-09-09,Scoot,0,390,ICN,2 Weeks,Flexible (All),2026-04-06T01:58:13.673543
"Beijing, China",394.0,394.0,0.0,https://encrypted-tbn1.gstatic.com/images?q=tbn:ANd9GcR6R3TE9LrMLUM8It2c4f4zpNHzm3U-Peq5u7VO4V6QKrFk0vcJi5BJqLmmSuBNCoOTLy0XsoAmhFwqm2sUijEusLJoXjMkTWCWUiNOcw,2026-04-25,2026-05-08,XiamenAir,1,555,PKX,2 Weeks,Flexible (All),2026-04-06T01:58:13.673546
"Goa, India",339.0,339.0,0.0,https://encrypted-tbn1.gstatic.com/images?q=tbn:ANd9GcTO_bUFJ2hIpNKQP021IDGX5_9DjDgvZKtkIrDVxwM0u4I5OAp1Iax4_EW6hoaO9NUW0KWgILohWKKZLG9XzbzfZkpeonIKw3VgPDT5tQ,2026-09-07,2026-09-21,Air India and Air India Express,1,800,GOI,2 Weeks,Flexible (All),2026-04-06T01:58:13.673550
"Osaka, Japan",325.0,325.0,0.0,https://encrypted-tbn3.gstatic.com/images?q=tbn:ANd9GcQ4taqtiRvr48l49Sh_f8rfRxj-enava5SmEA0s6U_pWeh7BW8eHOvOFczJy-B5oH6n3Wu-KNzT4A-NY_SzrseToTfHLKVhkr-mWGLWIA,2026-06-29,2026-07-13,Peach Aviation,0,400,KIX,2 Weeks,Flexible (All),2026-04-06T01:58:13.673553
"Shanghai, China",292.0,292.0,0.0,https://encrypted-tbn2.gstatic.com/images?q=tbn:ANd9GcTujsAS0i3-zbeimLQQ8RJnTX80xFZm7VnTsswhTD6W1aHQZWxzA7pNb0BMAVpelCNQq3SEx1592gylHw,2026-09-21,2026-10-05,Spring,0,350,PVG,2 Weeks,Flexible (All),2026-04-06T01:58:13.673557
Hội An,204.0,204.0,0.0,https://encrypted-tbn3.gstatic.com/images?q=tbn:ANd9GcRRNok0jp9TQx-QJc8bQnN2ksLZePNr89SdiNSiwUwpXKh0aVOnLPThIeJfqztwgB97XWeFuxC9lhG0DimISpDGn4Hfkm_wLNu4dl340A,2026-09-19,2026-10-02,Scoot,0,170,DAD,2 Weeks,Flexible (All),2026-04-06T01:58:13.673560
"Bengaluru, India",415.0,415.0,0.0,https://encrypted-tbn2.gstatic.com/images?q=tbn:ANd9GcRRnVQMArN8G30p02VM6n18fD9LS-EXlKYRbJfv6CPLwRZ9C2wXHGXWsl6OOG5ubeHraoTiiKbSaBZnb2O3B02YbhgEtC8m9xRxgPwGfQ,2026-05-16,2026-05-29,"Air India, Air India Express, and Singapore Airlines",1,970,BLR,2 Weeks,Flexible (All),2026-04-06T01:58:13.673563
"Hạ Long Bay, Vietnam",221.0,221.0,0.0,https://encrypted-tbn0.gstatic.com/images?q=tbn:ANd9GcQdH7xkaOku2D4UGiEtbegMDLIWszqsJrVB-XkpO13CqXswYGnUUFMgsO4uFwTrf0y8EAbVZJI4A0eo4UHbgxYiQFIDVb-zsz70Dt0OOg,2026-09-10,2026-09-25,Scoot,0,205,HAN,2 Weeks,Flexible (All),2026-04-06T01:58:13.673567
"Abu Dhabi, United Arab Emirates",568.0,568.0,0.0,https://encrypted-tbn2.gstatic.com/images?q=tbn:ANd9GcTwBpYbpnuaEurTOeQbgYJzxk3uOAjB7bRvnTetkMlsdPqKciAFtLJswZmMHWpVhkLeEbJZCCZwoXaQ5D4aSc9sT4I-yBQBrT3r5vSWtA,2026-05-03,2026-05-16,Gulf Air,1,735,AUH,2 Weeks,Flexible (All),2026-04-06T01:58:13.673570
"Chennai, India",236.0,236.0,0.0,https://encrypted-tbn3.gstatic.com/images?q=tbn:ANd9GcT8jGx4Oe7gOIT3dSF0FgoYzjECbwXYCIq6g0sMhY30kkZu5ThtcjZeZrIwVErtNu0yP-R_6Fgzt1BlhFJgF4nE0Cxoy4q_LrB5mHM6_A,2026-07-05,2026-07-19,Scoot,0,240,MAA,2 Weeks,Flexible (All),2026-04-06T01:58:13.673574
"Varanasi, India",392.0,392.0,0.0,https://encrypted-tbn2.gstatic.com/images?q=tbn:ANd9GcRg1OmvYJVmJRkkH48WQY4LvYje4OuiXjLle-GS5PpRg-nonn9JC3CvB7HFko6WDkJnbxLL2s8j9VJf3XEWtJjx9xwADzwK_XzESUnUsA,2026-05-15,2026-05-28,Air India and Air India Express,1,690,VNS,2 Weeks,Flexible (All),2026-04-06T01:58:13.673577
"Agra, India",302.0,302.0,0.0,https://encrypted-tbn2.gstatic.com/images?q=tbn:ANd9GcQI0YQv8yflL3rak3GIymC_IQPCnsI79bxC_lkZZonTDvjgQT1rNO7yJFilB65Gezf2VFQaf9yZ_h8HiA,2026-05-11,2026-05-25,Air India and Air India Express,1,355,DEL,2 Weeks,Flexible (All),2026-04-06T01:58:13.673582
"Ko Samui, Thailand",346.0,346.0,0.0,https://encrypted-tbn0.gstatic.com/images?q=tbn:ANd9GcQ5VBzIPEfByKaFwNzikHD-kPxvUCXDQnYSeSf5xfsIeLO82X1NYZAjeCuuPKR2bV5qteuV8eJwTlrqba9OPo7suR-eLdKQb1P0WeM74A,2026-04-23,2026-05-07,Scoot,0,105,USM,2 Weeks,Flexible (All),2026-04-06T01:58:13.673585
"Kolkata, India",408.0,408.0,0.0,https://encrypted-tbn1.gstatic.com/images?q=tbn:ANd9GcQkqRm0hB0I1L_Wd8J2SnHNwKFZT4kXBUBpwALXSPcPiN3P3c_WpHKIiaKVq1Y3OxMKtVX086O0hVbNFgQnycWMKjv8QwffmoMgidSS2Q,2026-06-27,2026-07-10,IndiGo and AirAsia,1,565,CCU,2 Weeks,Flexible (All),2026-04-06T01:58:13.673589
"Taipei City, Taiwan",238.0,238.0,0.0,https://encrypted-tbn3.gstatic.com/images?q=tbn:ANd9GcQXLhb-ghDjmkIYAVvdu4F0jxICbcNjvay2bPLvj8Hp1u_uQKcabDV_PEHWzUdFw6H1BPMdXV5ahY-NuEBcv5y050siHU3OyxbnIrgwfg,2026-04-27,2026-05-12,Scoot,0,285,TPE,2 Weeks,Flexible (All),2026-04-06T01:58:13.673592
"Kochi, India",277.0,277.0,0.0,https://encrypted-tbn3.gstatic.com/images?q=tbn:ANd9GcTPv3xu1wWA_PiElguRprW5LXIiyk1swUyWnl2QBNczqNvHpUCVW0j4KU7r7TduEUBjZLEgF1r2LndBwX3sPX83Xs2BTqGidMf9Wb4X7w,2026-07-04,2026-07-17,AirAsia,1,500,COK,2 Weeks,Flexible (All),2026-04-06T01:58:13.673595
"Kathmandu, Nepal",606.0,606.0,0.0,https://encrypted-tbn0.gstatic.com/images?q=tbn:ANd9GcT78awjGv8SH4zFojoNUasAJqCxFPYe5qPHDvKUhH54AJ48YS8N1M9idwAQkN9fOXSnaMT2Rb5XpFn5tN3eT-3_sfEtXzetNBogSwD10g,2026-07-06,2026-07-19,Air India,1,590,KTM,2 Weeks,Flexible (All),2026-04-06T01:58:13.673599
"Manila, Philippines",182.0,182.0,0.0,https://encrypted-tbn3.gstatic.com/images?q=tbn:ANd9GcRr9zUtKyDotaE-xA4DBVzZeavqk4R9wcvHmPGhQaJYfJO42GbiiIxaklB54UPajj9Fb2NgEdnVKsjvVPiBUWLwL4ShNsl8GI51yhA3MQ,2026-07-06,2026-07-21,Cebu Pacific,0,235,MNL,2 Weeks,Flexible (All),2026-04-06T01:58:13.673602
"Bahrain, Bahrain",857.0,857.0,0.0,https://encrypted-tbn2.gstatic.com/images?q=tbn:ANd9GcSV-vcI5g_BSfRsSLESsjQeatxt7gtRek4JeffV42nrl5WMmzv4CM01xYgIecZb8062y259TXOBwtIRf3oxl-QQmui-tpQaPs-3yLaarQ,2026-06-14,2026-06-27,Etihad,1,610,BAH,2 Weeks,Flexible (All),2026-04-06T01:58:13.673605
"Macao, Macao",387.0,387.0,0.0,https://encrypted-tbn1.gstatic.com/images?q=tbn:ANd9GcQSqvJMa-Boc6alR19GIwxB5x8fz6SLMX4U07VIkUBrXrHUId6y7gaY5UM0NjSMQ8dxCMqaO-Vb6NcCcpDkTJWIL-bb7VqXfHxBqGdPBQ,2026-07-02,2026-07-15,XiamenAir and Scoot,1,245,MFM,2 Weeks,Flexible (All),2026-04-06T01:58:13.673609
"Hyderabad, India",319.0,319.0,0.0,https://encrypted-tbn0.gstatic.com/images?q=tbn:ANd9GcS3lpOwI2CRkpJjacFXUmD9pyCXeZ-MP0UNVoSY-ZINyBSXwarclu3H5KLBmgmXLMvZ8CFEPC_CTn9MxVN2fSbIBcOTsu-WSQuxa1tkvQ,2026-07-05,2026-07-20,AirAsia,1,420,HYD,2 Weeks,Flexible (All),2026-04-06T01:58:13.673612
"Da Nang, Vietnam",204.0,204.0,0.0,https://encrypted-tbn0.gstatic.com/images?q=tbn:ANd9GcRY7AI9sBPAD8WaK_I7CMw80ft40TqnRp1EjFdp9GnRDSxju7-F8tl-8bCJnT0Wdb16UIVE-GplpFzGlWkWlV9HQ_ABPTCatv79wUf_ww,2026-09-19,2026-10-02,Scoot,0,170,DAD,2 Weeks,Flexible (All),2026-04-06T01:58:13.673615
"Munnar, India",277.0,277.0,0.0,https://encrypted-tbn3.gstatic.com/images?q=tbn:ANd9GcRqTHPBvoWmkwj7azYfSnX-4D9m7HpvFFq2vilhEa-17FM8zY0YvpGbpPe8I3_sHgpMYKqd9FSkuFtZWe9eOFGaLBeC3_i-qhxMPS2ZZQ,2026-07-04,2026-07-17,AirAsia,1,500,COK,2 Weeks,Flexible (All),2026-04-06T01:58:13.673621
"Phú Quốc, Vietnam",232.0,232.0,0.0,https://encrypted-tbn3.gstatic.com/images?q=tbn:ANd9GcRGbWm0uqKOR9KmPBYMR8hSZRHOxqckm3gbBrinJy7yZfDpfAegfGEqPlX_NwjVJTCCRKnQ4hy7zd_tVOyEs6jNZ5fStfBDzeOslyEDoQ,2026-07-20,2026-08-04,AirAsia and Scoot,1,120,PQC,2 Weeks,Flexible (All),2026-04-06T01:58:13.673625
"Ranthambore National Park, India",356.0,356.0,0.0,https://encrypted-tbn1.gstatic.com/images?q=tbn:ANd9GcSxrL0gNEqLJpancU8CANYgSjKoKEt_XeO5-xtU4ORG0m7IeWEhcCeab50BDvUMimSAhhiDtirU0aL_8w7CiKJslV3QM7voc7SLfRNUXA,2026-09-07,2026-09-21,Air India and Air India Express,1,765,JAI,2 Weeks,Flexible (All),2026-04-06T01:58:13.673629
"Colombo, Sri Lanka",319.0,319.0,0.0,https://encrypted-tbn3.gstatic.com/images?q=tbn:ANd9GcTCalYZRVLcftWCfdfjEucymsOsqadi9yimDG5NMHv6E53eNTkw3p5ze8wn7ynj7bthi5fSNd5TBC6kKSotrDYrF-RE3IV18bj2oW5xIA,2026-07-04,2026-07-17,AirAsia,1,340,CMB,2 Weeks,Flexible (All),2026-04-06T01:58:13.673634
"Puducherry, India",236.0,236.0,0.0,https://encrypted-tbn0.gstatic.com/images?q=tbn:ANd9GcSvFZF57d-2KCNUh2lGz_SpRX0BslRnbMeUh2sb9KCiupngoHKO-0XUl8KYr7aeQZe6FlJIbLdal0LuVroiG9Wi180UtMpxG6Jxk-ytPQ,2026-07-05,2026-07-19,Scoot,0,240,MAA,2 Weeks,Flexible (All),2026-04-06T01:58:13.673638
"Sapporo, Japan",553.0,553.0,0.0,https://encrypted-tbn0.gstatic.com/images?q=tbn:ANd9GcR4AM45jXa1psI2Z1sNxUR2XylT_5MPK1SHculUYedH63c7x8IHbBm5vDFctSbaXhn0_6bbNf6i86ZYpVuYBbEH4GveYpJzK-y7SINH1w,2026-05-14,2026-05-28,Scoot,1,595,CTS,2 Weeks,Flexible (All),2026-04-06T01:58:13.673644
"Boracay, Philippines",250.0,250.0,0.0,https://encrypted-tbn2.gstatic.com/images?q=tbn:ANd9GcSWVEP-f4Tsv9itb6e5PrsSbMRzn1pCVXoPAN7uzJJb3pMDQfBH4KRylRfEcwRrRrkfkye1AZFE9payFqm1xehM0rWmEcZsd2t1jrRgsQ,2026-09-28,2026-10-12,Cebu Pacific,1,710,MPH,2 Weeks,Flexible (All),2026-04-06T01:58:13.673648
"Cebu City, Philippines",204.0,194.0,10.0,https://encrypted-tbn0.gstatic.com/images?q=tbn:ANd9GcRQkSFnL8j_JnNZIPer-g9BJfnnRj2BME3jwdM8u2pdZX5SMMAE6rz0Hghh-cgEA9re1JDSt3XMQWLcIHPANBsJgId_suPx16yEH4yKOA,2026-07-09,2026-07-22,Cebu Pacific,0,235,CEB,2 Weeks,Flexible (All),2026-04-06T01:58:13.673650
"Kaziranga National Park, India",443.0,443.0,0.0,https://encrypted-tbn1.gstatic.com/images?q=tbn:ANd9GcQDBQ8gOfMM5IwB9Kv4SMGtY_VPTDN01t38twMZQ4jvK04wX5tThshiljXNBOmn9R1pWAUQanV96n0LiujQ0L_2pHnHCpEZsWJr0pU7HA,2026-09-14,2026-09-27,Air India and Air India Express,1,715,GAU,2 Weeks,Flexible (All),2026-04-06T01:58:13.673652
"Guwahati, India",443.0,443.0,0.0,https://encrypted-tbn0.gstatic.com/images?q=tbn:ANd9GcSTNDJXSuGok1AmlZ2jJpvD_mzuF2s44iPPLEb27hyvOHBabF44H_oKWPTzHate__CBMAUXcvjMHojIKzvNCWdjG_BtKZSHWQXcb3rYuA,2026-09-14,2026-09-27,Air India and Air India Express,1,715,GAU,2 Weeks,Flexible (All),2026-04-06T01:58:13.673654
"Niseko, Japan",553.0,553.0,0.0,https://encrypted-tbn0.gstatic.com/images?q=tbn:ANd9GcRF7wdJWoE22_Ai99rtZ7hjcWVIp65xTxNoA1-WBleQknbJwrCZRAi_Mk_xp720dO7R7O0VWM2ILl-qKWXESGCxtRNFgJE-m-HdGwrlxw,2026-05-14,2026-05-28,Scoot,1,595,CTS,2 Weeks,Flexible (All),2026-04-06T01:58:13.673656
"Almaty, Kazakhstan",825.0,825.0,0.0,https://encrypted-tbn2.gstatic.com/images?q=tbn:ANd9GcR8iDoh59ddyzKl4KpDTbZMB5nZzWIzPoHXHEhF6j5LF-er9e4arKtTln2lYA-WuD2Z23ZsHkv3IaTY8X4k7_H0sz7pZENVvOOpEEYVqA,2026-06-15,2026-06-29,Thai AirAsia and Thai AirAsia X,1,750,ALA,2 Weeks,Flexible (All),2026-04-06T01:58:13.673658
"Guam, Guam",709.0,709.0,0.0,https://encrypted-tbn2.gstatic.com/images?q=tbn:ANd9GcTuOFnrHa29K1tpqiPQklQESCCKp3f-FzHa53cUPpXN1fLNxBqzixLAbuWT60pbd7ARYOKKnNlHkSWX7ZK6YnEyD7CALkdWcBFLTcNWIw,2026-09-10,2026-09-24,Philippine Airlines,1,710,GUM,2 Weeks,Flexible (All),2026-04-06T01:58:13.673660
"Tehran, Iran",1216.0,1216.0,0.0,https://encrypted-tbn3.gstatic.com/images?q=tbn:ANd9GcSE4XzJ3-jox0HepD9O5KomPQPnuWx3ClgVoliBalJu3shkAEawZWYi-M4YltQCNIzSMcKVSDWIXucwru13GOVroOYQmrDyLJXemqgOsw,2026-06-18,2026-07-01,Qatar Airways,1,915,IKA,2 Weeks,Flexible (All),2026-04-06T01:58:13.673663
"Harbin, China",462.0,462.0,0.0,https://encrypted-tbn2.gstatic.com/images?q=tbn:ANd9GcR_MvPBNPJRk-TEMtrt8B_sIPMp92xYO42dahjcu0DxdK4F66B0rsb64v3pXLOHINO5t9aBZpbKBmHOyvLO3vOdgKa6uK86bxFgkbX2Rw,2026-06-15,2026-06-29,Shandong,1,745,HRB,2 Weeks,Flexible (All),2026-04-06T01:58:13.673665
"Isfahan, Iran",1216.0,1216.0,0.0,https://encrypted-tbn1.gstatic.com/images?q=tbn:ANd9GcQwakxOitW8qCd-ni_IJjGONuLvWsVBR7rBET6-YCURz2311yI6ijeKgu8Oe3FsvU9mMUpcQj-oFf1Gpkcchug6yKOuFNeoBfZyPvXW3w,2026-06-18,2026-07-01,Qatar Airways,1,915,IKA,2 Weeks,Flexible (All),2026-04-06T01:58:13.673670
"Issyk Kul, Kyrgyzstan",825.0,825.0,0.0,https://encrypted-tbn0.gstatic.com/images?q=tbn:ANd9GcQDqLw0IWmVH11kyhh3ObcxYz5CmojvvYLlZDO2Ce_HdyewWrz_23BNsNt-RY463jE2YcjeCNoPPHhuv04pWUqf57iN5Knpc99fCpNHQA,2026-06-15,2026-06-29,Thai AirAsia and Thai AirAsia X,1,750,ALA,2 Weeks,Flexible (All),2026-04-06T01:58:13.673672
"Ürümqi, China",2253.0,1652.0,601.0,https://encrypted-tbn2.gstatic.com/images?q=tbn:ANd9GcQG7GdzgUFPXs__gKaBVRzQaJyESgnuqLvTQ2PKS1DtS6k70TghaCiYlvLODQcqYelNGewNj-hgj_pjCSM7n1Df_nnW-VeC8V0We0h8MQ,2026-04-06,2026-04-19,China Southern,1,1075,URC,2 Weeks,Flexible (All),2026-04-06T01:58:13.673675
"Padang, Indonesia",201.0,201.0,0.0,https://encrypted-tbn3.gstatic.com/images?q=tbn:ANd9GcTDKL2EVQYGn6jKkf-kN_Rdm--pZIl3mnnwYSPeO8URaMSrnPVDbZRZO1nonj0WI2Z5L8nyBj7Jy5i5ERwaG24pySvVcU1OAwT7x1Wu2A,2026-04-27,2026-05-11,Scoot,0,75,PDG,2 Weeks,Flexible (All),2026-04-06T01:58:13.673678
"Federal Territory of Kuala Lumpur, Malaysia",133.0,133.0,0.0,https://encrypted-tbn3.gstatic.com/images?q=tbn:ANd9GcQQIk1ExRSHJSg0CA3pM6ISxhFBQVZJ7iNmv02par-cAbKXlYKgy5PyTpGtQT33xTsdoO0dFIXrLwxWqlAmtUcQD7cziyQYbCZ55yo55Q,2026-04-16,2026-04-19,AirAsia,0,65,KUL,Weekend,April,2026-04-06T01:58:21.313600
"Hong Kong, Hong Kong",458.0,458.0,0.0,https://encrypted-tbn1.gstatic.com/images?q=tbn:ANd9GcTd4giZUOnVkLOK19qE-hoKaexrOb1lLvZOn_lzXx6X39chZYcKOZIlG92b-8CwcwsYWc8P53FjOTPh8YHr2wbh_ORXoEs2OLBTPE3kzw,2026-04-30,2026-05-04,Cathay Pacific,0,250,HKG,Weekend,April,2026-04-06T01:58:21.313615
"Bangkok, Thailand",313.0,313.0,0.0,https://encrypted-tbn3.gstatic.com/images?q=tbn:ANd9GcTPIoqStMvXXTYbUQSylJYyWjY5HYM1GX-AALOOPHhXdXZDY56SSslLQDDkdhOxRX31c8qW7XFzS5zSEG6PGhEhGzxEbzyUYrqVxP_mBg,2026-04-25,2026-04-27,Thai Lion Air,1,150,DMK,Weekend,April,2026-04-06T01:58:21.313620
"Hanoi, Vietnam",411.0,395.0,16.0,https://encrypted-tbn2.gstatic.com/images?q=tbn:ANd9GcTh-Ne26gTyuHsN2ZHc-hQy1CJQ2ipECMiZPX8oGOu9Gw2plYSgbGAHFY4M4Eqls6MLlm3xgJf4uKpU0FRcZaKySylwTv73Ej3oD5pwEQ,2026-04-17,2026-04-20,Vietjet,0,210,HAN,Weekend,April,2026-04-06T01:58:21.313624
"Ho Chi Minh City, Vietnam",307.0,307.0,0.0,https://encrypted-tbn0.gstatic.com/images?q=tbn:ANd9GcRrJKZk1BiYhZ3mY3euABvLxDIBukBw5gmGkEhkLqxNVGRjU8fVETFnNMHQIvPummF_6pB1XJ3tWE5VN7coLGd63VogrXcGfgf569shwA,2026-04-18,2026-04-20,Malaysia Airlines and Scoot,1,135,SGN,Weekend,April,2026-04-06T01:58:21.313627
"Tokyo, Japan",551.0,551.0,0.0,https://encrypted-tbn3.gstatic.com/images?q=tbn:ANd9GcRiqAYuTkGrtxMazhSpAJve9ZzWSTvJ8xFHSX2ih6rQEoYgDOw0Aey3IBJh7-QF38k1xmhOiFoVXd8u5V1ip4G05Aprq0q6HulopWyM5A,2026-04-23,2026-04-27,Scoot and ZIPAIR Tokyo,0,440,NRT,Weekend,April,2026-04-06T01:58:21.313631
"Mumbai, India",299.0,299.0,0.0,https://encrypted-tbn1.gstatic.com/images?q=tbn:ANd9GcTRRckp8mseYnYQ7l8HELq1GoFqwH1zksN3R-F36DAYjcG5Vt5RRGV-jd25K06kaNDTLkxXdzk0QUW09L6kHJOKEQg3Txbhyf9_10ZiXg,2026-04-16,2026-04-20,Air India,0,340,BOM,Weekend,April,2026-04-06T01:58:21.313635
"New Delhi, India",356.0,366.0,-10.0,https://encrypted-tbn0.gstatic.com/images?q=tbn:ANd9GcSl_0QJXM0LcbhkFClbfILfC8ZiSCyO5XZpO0iSG1vfJg82v_FHjLXKSHs4cuyhvv4qL9jHKtP8ejqB62ObqFIQDnc3TDNCBAKM57ywZQ,2026-04-16,2026-04-20,Air India and Air India Express,1,365,DEL,Weekend,April,2026-04-06T01:58:21.313639
"Dubai, United Arab Emirates",667.0,667.0,0.0,https://encrypted-tbn2.gstatic.com/images?q=tbn:ANd9GcS8I-qzYsk8MfqbtG7XZriHCE-pfBAmDIEitgTNi6pkd4ydYfON7ave6PO0r4SphWZcLjoAZuDchjD45415sUjceoYWW2iZuva8SQ9Spg,2026-04-09,2026-04-13,Emirates,0,435,DXB,Weekend,April,2026-04-06T01:58:21.313643
"Kyoto, Japan",596.0,596.0,0.0,https://encrypted-tbn2.gstatic.com/images?q=tbn:ANd9GcQtOVcFjC9WqGv4M70NBscJETxCioVhaxdDOixuut8dt708uPIEgFT53Jq9zXHfI6sAOAWzmyAXmctAP52yFO2Cgwinfa9tIJlulmeR_g,2026-04-23,2026-04-26,Jeju Air and Peach Aviation,1,400,KIX,Weekend,April,2026-04-06T01:58:21.313646
"Chiang Mai, Thailand",337.0,337.0,0.0,https://encrypted-tbn2.gstatic.com/images?q=tbn:ANd9GcTWkJDtb_3dOVc83TPKcKR6rRyKwp9M0n4vxVyFLuQ4ptiBf2FOEvVCTgmNI6dA6yLD85h9dhQ--u0VJsMWDGNwsAE013NEUxXHaHt00w,2026-04-24,2026-04-26,Scoot,0,185,CNX,Weekend,April,2026-04-06T01:58:21.313648
"Phuket, Thailand",203.0,203.0,0.0,https://encrypted-tbn3.gstatic.com/images?q=tbn:ANd9GcTiBNj9z2Tf0lnw1uff6ooYy7liuVrHON7xT0xwWMJJWj3t4puxffP6RFtMin9PMz2RmGh6hiBIzk-1EGPwdS0BTJqDV9Dc_nMu3U5NQA,2026-04-23,2026-04-26,Thai Lion Air,0,105,HKT,Weekend,April,2026-04-06T01:58:21.313650
"Jaipur, India",412.0,412.0,0.0,https://encrypted-tbn2.gstatic.com/images?q=tbn:ANd9GcRHqyQ66crs-roykYQYxDmWP5W5OJrHQTXbb44A5zWulqxTZqTHGy2hBSBr8d_dU8AQ4qFU-hzSZNSDGh8MhIgg3DyUUeXB0f3QkYRhpw,2026-04-23,2026-04-27,Air India and Air India Express,1,960,JAI,Weekend,April,2026-04-06T01:58:21.313652
"Seoul, South Korea",548.0,548.0,0.0,https://encrypted-tbn0.gstatic.com/images?q=tbn:ANd9GcSGy4LggtmRKCw-VDM7sZj2JVAI9kZiAlSkcki4ZP7jzUeqZlOBfwDo0IH5E2Xksu0CgoBvjpPlWiH4g5dXne5aQ5Iy4S01_z3bJg47cQ,2026-04-16,2026-04-20,Hainan and Scoot,1,1880,ICN,Weekend,April,2026-04-06T01:58:21.313654
"Beijing, China",371.0,375.0,-4.0,https://encrypted-tbn1.gstatic.com/images?q=tbn:ANd9GcR6R3TE9LrMLUM8It2c4f4zpNHzm3U-Peq5u7VO4V6QKrFk0vcJi5BJqLmmSuBNCoOTLy0XsoAmhFwqm2sUijEusLJoXjMkTWCWUiNOcw,2026-04-30,2026-05-04,XiamenAir and Hebei Airlines,1,555,PKX,Weekend,April,2026-04-06T01:58:21.313656
"Goa, India",424.0,424.0,0.0,https://encrypted-tbn1.gstatic.com/images?q=tbn:ANd9GcTO_bUFJ2hIpNKQP021IDGX5_9DjDgvZKtkIrDVxwM0u4I5OAp1Iax4_EW6hoaO9NUW0KWgILohWKKZLG9XzbzfZkpeonIKw3VgPDT5tQ,2026-04-23,2026-04-27,Air India and Air India Express,1,695,GOI,Weekend,April,2026-04-06T01:58:21.313658
"Osaka, Japan",596.0,596.0,0.0,https://encrypted-tbn3.gstatic.com/images?q=tbn:ANd9GcQ4taqtiRvr48l49Sh_f8rfRxj-enava5SmEA0s6U_pWeh7BW8eHOvOFczJy-B5oH6n3Wu-KNzT4A-NY_SzrseToTfHLKVhkr-mWGLWIA,2026-04-23,2026-04-26,Jeju Air and Peach Aviation,1,400,KIX,Weekend,April,2026-04-06T01:58:21.313660
"Shanghai, China",329.0,329.0,0.0,https://encrypted-tbn2.gstatic.com/images?q=tbn:ANd9GcTujsAS0i3-zbeimLQQ8RJnTX80xFZm7VnTsswhTD6W1aHQZWxzA7pNb0BMAVpelCNQq3SEx1592gylHw,2026-04-30,2026-05-04,Spring,0,335,PVG,Weekend,April,2026-04-06T01:58:21.313662
Hội An,367.0,367.0,0.0,https://encrypted-tbn3.gstatic.com/images?q=tbn:ANd9GcRRNok0jp9TQx-QJc8bQnN2ksLZePNr89SdiNSiwUwpXKh0aVOnLPThIeJfqztwgB97XWeFuxC9lhG0DimISpDGn4Hfkm_wLNu4dl340A,2026-04-23,2026-04-27,Malaysia Airlines and Vietjet,1,170,DAD,Weekend,April,2026-04-06T01:58:21.313664
"Bengaluru, India",426.0,426.0,0.0,https://encrypted-tbn2.gstatic.com/images?q=tbn:ANd9GcRRnVQMArN8G30p02VM6n18fD9LS-EXlKYRbJfv6CPLwRZ9C2wXHGXWsl6OOG5ubeHraoTiiKbSaBZnb2O3B02YbhgEtC8m9xRxgPwGfQ,2026-04-23,2026-04-27,Air India and Air India Express,1,1095,BLR,Weekend,April,2026-04-06T01:58:21.313666
"Hạ Long Bay, Vietnam",411.0,395.0,16.0,https://encrypted-tbn0.gstatic.com/images?q=tbn:ANd9GcQdH7xkaOku2D4UGiEtbegMDLIWszqsJrVB-XkpO13CqXswYGnUUFMgsO4uFwTrf0y8EAbVZJI4A0eo4UHbgxYiQFIDVb-zsz70Dt0OOg,2026-04-17,2026-04-20,Vietjet,0,210,HAN,Weekend,April,2026-04-06T01:58:21.313668
"Abu Dhabi, United Arab Emirates",667.0,667.0,0.0,https://encrypted-tbn2.gstatic.com/images?q=tbn:ANd9GcTwBpYbpnuaEurTOeQbgYJzxk3uOAjB7bRvnTetkMlsdPqKciAFtLJswZmMHWpVhkLeEbJZCCZwoXaQ5D4aSc9sT4I-yBQBrT3r5vSWtA,2026-04-09,2026-04-13,Emirates,0,435,DXB,Weekend,April,2026-04-06T01:58:21.313670
"Chennai, India",425.0,425.0,0.0,https://encrypted-tbn3.gstatic.com/images?q=tbn:ANd9GcT8jGx4Oe7gOIT3dSF0FgoYzjECbwXYCIq6g0sMhY30kkZu5ThtcjZeZrIwVErtNu0yP-R_6Fgzt1BlhFJgF4nE0Cxoy4q_LrB5mHM6_A,2026-04-16,2026-04-19,Singapore Airlines and Scoot,0,235,MAA,Weekend,April,2026-04-06T01:58:21.313672
"Varanasi, India",424.0,424.0,0.0,https://encrypted-tbn2.gstatic.com/images?q=tbn:ANd9GcRg1OmvYJVmJRkkH48WQY4LvYje4OuiXjLle-GS5PpRg-nonn9JC3CvB7HFko6WDkJnbxLL2s8j9VJf3XEWtJjx9xwADzwK_XzESUnUsA,2026-04-16,2026-04-19,Air India and Air India Express,1,815,VNS,Weekend,April,2026-04-06T01:58:21.313674
"Udaipur, India",524.0,524.0,0.0,https://encrypted-tbn3.gstatic.com/images?q=tbn:ANd9GcSDElWaJCFOU4Y_U3X_1eUQsKG7FBPTiC6ZjgywBhr-NVfC9MscjNzDtVWHXcZxqrvrg6doXFJ3HtKk7f7vlZEBRljFcaKQrvdT1Lfn8Q,2026-04-17,2026-04-19,Air India,1,585,UDR,Weekend,April,2026-04-06T01:58:21.313676
"Agra, India",356.0,366.0,-10.0,https://encrypted-tbn2.gstatic.com/images?q=tbn:ANd9GcQI0YQv8yflL3rak3GIymC_IQPCnsI79bxC_lkZZonTDvjgQT1rNO7yJFilB65Gezf2VFQaf9yZ_h8HiA,2026-04-16,2026-04-20,Air India and Air India Express,1,365,DEL,Weekend,April,2026-04-06T01:58:21.313678
"Ko Samui, Thailand",424.0,425.0,-1.0,https://encrypted-tbn0.gstatic.com/images?q=tbn:ANd9GcQ5VBzIPEfByKaFwNzikHD-kPxvUCXDQnYSeSf5xfsIeLO82X1NYZAjeCuuPKR2bV5qteuV8eJwTlrqba9OPo7suR-eLdKQb1P0WeM74A,2026-04-16,2026-04-20,Scoot,0,105,USM,Weekend,April,2026-04-06T01:58:21.313680
"Kolkata, India",397.0,397.0,0.0,https://encrypted-tbn1.gstatic.com/images?q=tbn:ANd9GcQkqRm0hB0I1L_Wd8J2SnHNwKFZT4kXBUBpwALXSPcPiN3P3c_WpHKIiaKVq1Y3OxMKtVX086O0hVbNFgQnycWMKjv8QwffmoMgidSS2Q,2026-04-23,2026-04-27,IndiGo,0,250,CCU,Weekend,April,2026-04-06T01:58:21.313681
"Taipei City, Taiwan",373.0,373.0,0.0,https://encrypted-tbn3.gstatic.com/images?q=tbn:ANd9GcQXLhb-ghDjmkIYAVvdu4F0jxICbcNjvay2bPLvj8Hp1u_uQKcabDV_PEHWzUdFw6H1BPMdXV5ahY-NuEBcv5y050siHU3OyxbnIrgwfg,2026-04-16,2026-04-19,Scoot,0,285,TPE,Weekend,April,2026-04-06T01:58:21.313683
"Kochi, India",466.0,466.0,0.0,https://encrypted-tbn3.gstatic.com/images?q=tbn:ANd9GcTPv3xu1wWA_PiElguRprW5LXIiyk1swUyWnl2QBNczqNvHpUCVW0j4KU7r7TduEUBjZLEgF1r2LndBwX3sPX83Xs2BTqGidMf9Wb4X7w,2026-04-23,2026-04-26,IndiGo and Air India,1,500,COK,Weekend,April,2026-04-06T01:58:21.313685
"Kathmandu, Nepal",1157.0,1157.0,0.0,https://encrypted-tbn0.gstatic.com/images?q=tbn:ANd9GcT78awjGv8SH4zFojoNUasAJqCxFPYe5qPHDvKUhH54AJ48YS8N1M9idwAQkN9fOXSnaMT2Rb5XpFn5tN3eT-3_sfEtXzetNBogSwD10g,2026-04-09,2026-04-12,Air India and Thai Lion Air,1,555,KTM,Weekend,April,2026-04-06T01:58:21.313687
"Manila, Philippines",476.0,477.0,-1.0,https://encrypted-tbn3.gstatic.com/images?q=tbn:ANd9GcRr9zUtKyDotaE-xA4DBVzZeavqk4R9wcvHmPGhQaJYfJO42GbiiIxaklB54UPajj9Fb2NgEdnVKsjvVPiBUWLwL4ShNsl8GI51yhA3MQ,2026-04-09,2026-04-12,Cebu Pacific and Vietjet,1,235,MNL,Weekend,April,2026-04-06T01:58:21.313689
"Bahrain, Bahrain",997.0,929.0,68.0,https://encrypted-tbn2.gstatic.com/images?q=tbn:ANd9GcSV-vcI5g_BSfRsSLESsjQeatxt7gtRek4JeffV42nrl5WMmzv4CM01xYgIecZb8062y259TXOBwtIRf3oxl-QQmui-tpQaPs-3yLaarQ,2026-04-30,2026-05-03,"Air India, Etihad, and Air India Express",2,1230,BAH,Weekend,April,2026-04-06T01:58:21.313691
"Macao, Macao",431.0,431.0,0.0,https://encrypted-tbn1.gstatic.com/images?q=tbn:ANd9GcQSqvJMa-Boc6alR19GIwxB5x8fz6SLMX4U07VIkUBrXrHUId6y7gaY5UM0NjSMQ8dxCMqaO-Vb6NcCcpDkTJWIL-bb7VqXfHxBqGdPBQ,2026-04-23,2026-04-26,XiamenAir and Scoot,1,245,MFM,Weekend,April,2026-04-06T01:58:21.313692
"Hyderabad, India",489.0,467.0,22.0,https://encrypted-tbn0.gstatic.com/images?q=tbn:ANd9GcS3lpOwI2CRkpJjacFXUmD9pyCXeZ-MP0UNVoSY-ZINyBSXwarclu3H5KLBmgmXLMvZ8CFEPC_CTn9MxVN2fSbIBcOTsu-WSQuxa1tkvQ,2026-04-09,2026-04-13,IndiGo,0,275,HYD,Weekend,April,2026-04-06T01:58:21.313694
"Da Nang, Vietnam",367.0,367.0,0.0,https://encrypted-tbn0.gstatic.com/images?q=tbn:ANd9GcRY7AI9sBPAD8WaK_I7CMw80ft40TqnRp1EjFdp9GnRDSxju7-F8tl-8bCJnT0Wdb16UIVE-GplpFzGlWkWlV9HQ_ABPTCatv79wUf_ww,2026-04-23,2026-04-27,Malaysia Airlines and Vietjet,1,170,DAD,Weekend,April,2026-04-06T01:58:21.313696
"Shimla, India",356.0,366.0,-10.0,https://encrypted-tbn1.gstatic.com/images?q=tbn:ANd9GcRmVtZCspa49qA-VRdGwLUuhCYbfJl99rU2w1Dr_PWQ3xiGSYx9VEXsN9QQ4eU8ASsCrKZe-uXEhGKoWavjil_p5W2zaaBuI22CrttqxA,2026-04-16,2026-04-20,Air India and Air India Express,1,365,DEL,Weekend,April,2026-04-06T01:58:21.313698
"Phi Phi Islands, Thailand",203.0,203.0,0.0,https://encrypted-tbn0.gstatic.com/images?q=tbn:ANd9GcRNzFqylUFfDPlSFl6ftR_AaTDgRKnsnWELQ1AhaG8PoviVYfUBfL58bO2mI4nquyKwQLjH5nBD0o6jPu4wuLM7OfrGuryPm0fGnejIAw,2026-04-23,2026-04-26,Thai Lion Air,0,105,HKT,Weekend,April,2026-04-06T01:58:21.313700
"Rishikesh, India",356.0,366.0,-10.0,https://encrypted-tbn0.gstatic.com/images?q=tbn:ANd9GcQfnGK9xvCgM7SqaGAnrr-_xe7z2ObRVdDcCHEZvvCJmJvfPigk-FXOPJhBuaMZ11zbtVGZf7GaxmCkvgDB0PLXsaQ2WySPT5Fcf09Faw,2026-04-16,2026-04-20,Air India and Air India Express,1,365,DEL,Weekend,April,2026-04-06T01:58:21.313723
"Manali, India",356.0,366.0,-10.0,https://encrypted-tbn2.gstatic.com/images?q=tbn:ANd9GcScenrP6gjGb22lYsm8hjewD2rWHNXHj5hgZhSH4EXtFQ9vluathDHuGxcS18s0x2hP3XoltAmZURaN8WbSwwbatRsnz2MFZ0ZwVnW8VQ,2026-04-16,2026-04-20,Air India and Air India Express,1,365,DEL,Weekend,April,2026-04-06T01:58:21.313729
"Jodhpur, India",447.0,447.0,0.0,https://encrypted-tbn0.gstatic.com/images?q=tbn:ANd9GcT8rBuapOqnIZRswSHWgHMRjC4gzYc6DE1yL1Z1ztSjcpHalJq26yGPgeI_ULnxNPCfK3LMV0Pj6xjeJh5akRjEUMHFxuGqEEiOou58Nw,2026-04-30,2026-05-04,Air India,1,1830,JDH,Weekend,April,2026-04-06T01:58:21.313732
"Munnar, India",466.0,466.0,0.0,https://encrypted-tbn3.gstatic.com/images?q=tbn:ANd9GcRqTHPBvoWmkwj7azYfSnX-4D9m7HpvFFq2vilhEa-17FM8zY0YvpGbpPe8I3_sHgpMYKqd9FSkuFtZWe9eOFGaLBeC3_i-qhxMPS2ZZQ,2026-04-23,2026-04-26,IndiGo and Air India,1,500,COK,Weekend,April,2026-04-06T01:58:21.313734
"Phú Quốc, Vietnam",358.0,358.0,0.0,https://encrypted-tbn3.gstatic.com/images?q=tbn:ANd9GcRGbWm0uqKOR9KmPBYMR8hSZRHOxqckm3gbBrinJy7yZfDpfAegfGEqPlX_NwjVJTCCRKnQ4hy7zd_tVOyEs6jNZ5fStfBDzeOslyEDoQ,2026-04-25,2026-04-27,Vietjet,0,100,PQC,Weekend,April,2026-04-06T01:58:21.313736
"Ranthambore National Park, India",412.0,412.0,0.0,https://encrypted-tbn1.gstatic.com/images?q=tbn:ANd9GcSxrL0gNEqLJpancU8CANYgSjKoKEt_XeO5-xtU4ORG0m7IeWEhcCeab50BDvUMimSAhhiDtirU0aL_8w7CiKJslV3QM7voc7SLfRNUXA,2026-04-23,2026-04-27,Air India and Air India Express,1,960,JAI,Weekend,April,2026-04-06T01:58:21.313738
"Colombo, Sri Lanka",359.0,359.0,0.0,https://encrypted-tbn3.gstatic.com/images?q=tbn:ANd9GcTCalYZRVLcftWCfdfjEucymsOsqadi9yimDG5NMHv6E53eNTkw3p5ze8wn7ynj7bthi5fSNd5TBC6kKSotrDYrF-RE3IV18bj2oW5xIA,2026-04-10,2026-04-12,Air India,1,1765,CMB,Weekend,April,2026-04-06T01:58:21.313742
"Puducherry, India",425.0,425.0,0.0,https://encrypted-tbn0.gstatic.com/images?q=tbn:ANd9GcSvFZF57d-2KCNUh2lGz_SpRX0BslRnbMeUh2sb9KCiupngoHKO-0XUl8KYr7aeQZe6FlJIbLdal0LuVroiG9Wi180UtMpxG6Jxk-ytPQ,2026-04-16,2026-04-19,Singapore Airlines and Scoot,0,235,MAA,Weekend,April,2026-04-06T01:58:21.313744
"Sapporo, Japan",783.0,783.0,0.0,https://encrypted-tbn0.gstatic.com/images?q=tbn:ANd9GcR4AM45jXa1psI2Z1sNxUR2XylT_5MPK1SHculUYedH63c7x8IHbBm5vDFctSbaXhn0_6bbNf6i86ZYpVuYBbEH4GveYpJzK-y7SINH1w,2026-04-16,2026-04-20,ANA,1,725,CTS,Weekend,April,2026-04-06T01:58:21.313746
"Chengdu, China",394.0,394.0,0.0,https://encrypted-tbn3.gstatic.com/images?q=tbn:ANd9GcQY8DLeWQH982m5yXijXncNnKja_WtNJL9izzPLuwIjs4fWdKIGLfaVUBaXr3YLnyDVrv4RYKWVibM84S-hp3UpCGr78L0YycX0BZjRTw,2026-04-09,2026-04-12,XiamenAir,1,1175,TFU,Weekend,April,2026-04-06T01:58:21.313748
"Xi'An, China",394.0,394.0,0.0,https://encrypted-tbn3.gstatic.com/images?q=tbn:ANd9GcQlRRbLPcoitY2Dl9reXFIK_MTRgheCZMFkITdRumAZOoaWoPWH17MmpII3EMgCWZiqCnsu-ROsf2sFp9iSCYUPddP48tSGXwzfALtqvA,2026-04-16,2026-04-19,XiamenAir,1,595,XIY,Weekend,April,2026-04-06T01:58:21.313750
"Boracay, Philippines",760.0,760.0,0.0,https://encrypted-tbn2.gstatic.com/images?q=tbn:ANd9GcSWVEP-f4Tsv9itb6e5PrsSbMRzn1pCVXoPAN7uzJJb3pMDQfBH4KRylRfEcwRrRrkfkye1AZFE9payFqm1xehM0rWmEcZsd2t1jrRgsQ,2026-04-11,2026-04-13,Philippine Airlines,1,410,MPH,Weekend,April,2026-04-06T01:58:21.313752
"Cebu City, Philippines",506.0,506.0,0.0,https://encrypted-tbn0.gstatic.com/images?q=tbn:ANd9GcRQkSFnL8j_JnNZIPer-g9BJfnnRj2BME3jwdM8u2pdZX5SMMAE6rz0Hghh-cgEA9re1JDSt3XMQWLcIHPANBsJgId_suPx16yEH4yKOA,2026-04-23,2026-04-27,"AirAsia, Scoot, and Philippines AirAsia",1,555,CEB,Weekend,April,2026-04-06T01:58:21.313754
"Kaziranga National Park, India",461.0,461.0,0.0,https://encrypted-tbn1.gstatic.com/images?q=tbn:ANd9GcQDBQ8gOfMM5IwB9Kv4SMGtY_VPTDN01t38twMZQ4jvK04wX5tThshiljXNBOmn9R1pWAUQanV96n0LiujQ0L_2pHnHCpEZsWJr0pU7HA,2026-04-16,2026-04-19,Air India and Air India Express,1,1355,GAU,Weekend,April,2026-04-06T01:58:21.313756
"Guwahati, India",461.0,461.0,0.0,https://encrypted-tbn0.gstatic.com/images?q=tbn:ANd9GcSTNDJXSuGok1AmlZ2jJpvD_mzuF2s44iPPLEb27hyvOHBabF44H_oKWPTzHate__CBMAUXcvjMHojIKzvNCWdjG_BtKZSHWQXcb3rYuA,2026-04-16,2026-04-19,Air India and Air India Express,1,1355,GAU,Weekend,April,2026-04-06T01:58:21.313758
"Tashkent, Uzbekistan",1032.0,1077.0,-45.0,https://encrypted-tbn2.gstatic.com/images?q=tbn:ANd9GcQA8i7cAg_5GT78C0ciF1cM-ly6BiS_ojUVXMMr6drRYdStr40B90277pTgsMCGul1IEbR6ZDAc4atr4D6HN9laieRaaJeaT3hmLsKqBg,2026-04-10,2026-04-12,Batik Air,2,740,TAS,Weekend,April,2026-04-06T01:58:21.313760
"Niseko, Japan",783.0,783.0,0.0,https://encrypted-tbn0.gstatic.com/images?q=tbn:ANd9GcRF7wdJWoE22_Ai99rtZ7hjcWVIp65xTxNoA1-WBleQknbJwrCZRAi_Mk_xp720dO7R7O0VWM2ILl-qKWXESGCxtRNFgJE-m-HdGwrlxw,2026-04-16,2026-04-20,ANA,1,725,CTS,Weekend,April,2026-04-06T01:58:21.313762
"Almaty, Kazakhstan",1283.0,1283.0,0.0,https://encrypted-tbn2.gstatic.com/images?q=tbn:ANd9GcR8iDoh59ddyzKl4KpDTbZMB5nZzWIzPoHXHEhF6j5LF-er9e4arKtTln2lYA-WuD2Z23ZsHkv3IaTY8X4k7_H0sz7pZENVvOOpEEYVqA,2026-04-24,2026-04-27,Thai AirAsia and Thai AirAsia X,1,750,ALA,Weekend,April,2026-04-06T01:58:21.313764
"Guam, Guam",775.0,775.0,0.0,https://encrypted-tbn2.gstatic.com/images?q=tbn:ANd9GcTuOFnrHa29K1tpqiPQklQESCCKp3f-FzHa53cUPpXN1fLNxBqzixLAbuWT60pbd7ARYOKKnNlHkSWX7ZK6YnEyD7CALkdWcBFLTcNWIw,2026-04-09,2026-04-13,Philippine Airlines,1,975,GUM,Weekend,April,2026-04-06T01:58:21.313766
"Tehran, Iran",1704.0,1704.0,0.0,https://encrypted-tbn3.gstatic.com/images?q=tbn:ANd9GcSE4XzJ3-jox0HepD9O5KomPQPnuWx3ClgVoliBalJu3shkAEawZWYi-M4YltQCNIzSMcKVSDWIXucwru13GOVroOYQmrDyLJXemqgOsw,2026-04-30,2026-05-03,"Emirates, flydubai, Malaysia Airlines, and Batik Air",2,2385,IKA,Weekend,April,2026-04-06T01:58:21.313768
"Ras Al-Khaimah, United Arab Emirates",667.0,667.0,0.0,https://encrypted-tbn3.gstatic.com/licensed-image?q=tbn:ANd9GcRqN2nkqrp4EWzuegpcggvlBSbOvCKgapKriR2tAvPupr4oZcQEJa0C8uqHFmikgu9K9VL66dVOzdwZB61x1yLnkiy5zMTNcx-7NoCuvA,2026-04-09,2026-04-13,Emirates,0,435,DXB,Weekend,April,2026-04-06T01:58:21.313770
"Harbin, China",463.0,463.0,0.0,https://encrypted-tbn2.gstatic.com/images?q=tbn:ANd9GcR_MvPBNPJRk-TEMtrt8B_sIPMp92xYO42dahjcu0DxdK4F66B0rsb64v3pXLOHINO5t9aBZpbKBmHOyvLO3vOdgKa6uK86bxFgkbX2Rw,2026-04-23,2026-04-26,Shenzhen,1,650,HRB,Weekend,April,2026-04-06T01:58:21.313772
"Ulaanbaatar, Mongolia",1046.0,1046.0,0.0,https://encrypted-tbn3.gstatic.com/images?q=tbn:ANd9GcQG0oMWF9H5cvBuRMc1phyW4DGIc3S1ZIRFEi4bS-9Ah2c3Co46HWv1_2zJ1tvvI65NTG8aEoXWTCclixETbnq0PNTGkXrnN9sz9iG0xg,2026-04-24,2026-04-27,Hainan and MIAT,2,1435,UBN,Weekend,April,2026-04-06T01:58:21.313774
"Khiva, Uzbekistan",2631.0,2631.0,0.0,https://encrypted-tbn1.gstatic.com/licensed-image?q=tbn:ANd9GcTTv9IJoMpbQ2sQACn8yO3-ZRhgmnMjqYdK_Kp30CIVDmkPl9K78xuS3VDUC8LyHzwu4ucNJhNQUck20YD2p7yfgf04GvMsl-hYaRTgYdM,2026-04-16,2026-04-20,Turkish Airlines,1,1260,UGC,Weekend,April,2026-04-06T01:58:21.313777
"Furano, Japan",754.0,754.0,0.0,https://encrypted-tbn2.gstatic.com/images?q=tbn:ANd9GcToxhNswMamZEIFMbN4ViNIJsOoa4oiFtq7c4e5-91uhu2Jn90OSbq0u5zR3i6o5nafcKScuhJqbJsDFUCz3feBEspB5AhViICZylm6aA,2026-04-16,2026-04-20,ANA,1,1520,AKJ,Weekend,April,2026-04-06T01:58:21.313779
"Issyk Kul, Kyrgyzstan",1283.0,1283.0,0.0,https://encrypted-tbn0.gstatic.com/images?q=tbn:ANd9GcQDqLw0IWmVH11kyhh3ObcxYz5CmojvvYLlZDO2Ce_HdyewWrz_23BNsNt-RY463jE2YcjeCNoPPHhuv04pWUqf57iN5Knpc99fCpNHQA,2026-04-24,2026-04-27,Thai AirAsia and Thai AirAsia X,1,750,ALA,Weekend,April,2026-04-06T01:58:21.313782
"Asahikawa, Japan",754.0,754.0,0.0,https://encrypted-tbn2.gstatic.com/images?q=tbn:ANd9GcS0VqKQp5kcTlRC4ivn7m1K-O7wcMpVzC8dUZ1XU5NeI5AE8uYY9FQQG1l_nbbVdcA2ZVw6R_cydjdmi6UJBTkD6s84-qL6j1L0ppHZRw,2026-04-16,2026-04-20,ANA,1,1520,AKJ,Weekend,April,2026-04-06T01:58:21.313785
"Ürümqi, China",672.0,672.0,0.0,https://encrypted-tbn2.gstatic.com/images?q=tbn:ANd9GcQG7GdzgUFPXs__gKaBVRzQaJyESgnuqLvTQ2PKS1DtS6k70TghaCiYlvLODQcqYelNGewNj-hgj_pjCSM7n1Df_nnW-VeC8V0We0h8MQ,2026-04-09,2026-04-13,Shandong,2,1005,URC,Weekend,April,2026-04-06T01:58:21.313787
"Dunhuang, China",1684.0,1684.0,0.0,https://encrypted-tbn2.gstatic.com/licensed-image?q=tbn:ANd9GcThJg9o0jjo_-CB9AIb72wD-kE_joSmHL8a9mCD09DuVRf8B32lMkO2hGB4CBbhLbbB9sz8R9BhhNWTIjAP4MtrgNQpIwPL2bxfNwsDSw,2026-04-09,2026-04-12,Hainan,2,1910,DNH,Weekend,April,2026-04-06T01:58:21.313789
"Padang, Indonesia",241.0,241.0,0.0,https://encrypted-tbn3.gstatic.com/images?q=tbn:ANd9GcTDKL2EVQYGn6jKkf-kN_Rdm--pZIl3mnnwYSPeO8URaMSrnPVDbZRZO1nonj0WI2Z5L8nyBj7Jy5i5ERwaG24pySvVcU1OAwT7x1Wu2A,2026-04-25,2026-04-27,Scoot,0,75,PDG,Weekend,April,2026-04-06T01:58:21.313792
"Gorkhi Terelj National Park, Mongolia",1046.0,1046.0,0.0,https://encrypted-tbn1.gstatic.com/images?q=tbn:ANd9GcRs_x--VIR1dafl4avf8s8m8flCHTx1toLHUv0UIkRJOqQDwiSLMgVvR7Hfv6y9hrDun52sIUrYRl_HhdPAXnHuZHjKef9kXZJycsNXmQ,2026-04-24,2026-04-27,Hainan and MIAT,2,1435,UBN,Weekend,April,2026-04-06T01:58:21.313794
"Tokyo, Japan",493.0,493.0,0.0,https://encrypted-tbn3.gstatic.com/images?q=tbn:ANd9GcRiqAYuTkGrtxMazhSpAJve9ZzWSTvJ8xFHSX2ih6rQEoYgDOw0Aey3IBJh7-QF38k1xmhOiFoVXd8u5V1ip4G05Aprq0q6HulopWyM5A,2026-04-30,2026-05-07,Scoot,0,410,HND,1 Week,April,2026-04-06T01:58:26.529950
"Kyoto, Japan",391.0,391.0,0.0,https://encrypted-tbn2.gstatic.com/images?q=tbn:ANd9GcQtOVcFjC9WqGv4M70NBscJETxCioVhaxdDOixuut8dt708uPIEgFT53Jq9zXHfI6sAOAWzmyAXmctAP52yFO2Cgwinfa9tIJlulmeR_g,2026-04-26,2026-05-05,"AirAsia, AirAsia X, and Peach Aviation",1,400,KIX,1 Week,April,2026-04-06T01:58:26.529964
"Osaka, Japan",391.0,391.0,0.0,https://encrypted-tbn3.gstatic.com/images?q=tbn:ANd9GcQ4taqtiRvr48l49Sh_f8rfRxj-enava5SmEA0s6U_pWeh7BW8eHOvOFczJy-B5oH6n3Wu-KNzT4A-NY_SzrseToTfHLKVhkr-mWGLWIA,2026-04-26,2026-05-05,"AirAsia, AirAsia X, and Peach Aviation",1,400,KIX,1 Week,April,2026-04-06T01:58:26.529968
"Hong Kong, Hong Kong",400.0,400.0,0.0,https://encrypted-tbn1.gstatic.com/images?q=tbn:ANd9GcTd4giZUOnVkLOK19qE-hoKaexrOb1lLvZOn_lzXx6X39chZYcKOZIlG92b-8CwcwsYWc8P53FjOTPh8YHr2wbh_ORXoEs2OLBTPE3kzw,2026-04-27,2026-05-04,Batik Air,1,1005,HKG,1 Week,April,2026-04-06T01:58:26.529972
"Bangkok, Thailand",267.0,250.0,17.0,https://encrypted-tbn3.gstatic.com/images?q=tbn:ANd9GcTPIoqStMvXXTYbUQSylJYyWjY5HYM1GX-AALOOPHhXdXZDY56SSslLQDDkdhOxRX31c8qW7XFzS5zSEG6PGhEhGzxEbzyUYrqVxP_mBg,2026-04-27,2026-05-06,Thai Lion Air,0,150,DMK,1 Week,April,2026-04-06T01:58:26.529977
"Hanoi, Vietnam",368.0,368.0,0.0,https://encrypted-tbn2.gstatic.com/images?q=tbn:ANd9GcTh-Ne26gTyuHsN2ZHc-hQy1CJQ2ipECMiZPX8oGOu9Gw2plYSgbGAHFY4M4Eqls6MLlm3xgJf4uKpU0FRcZaKySylwTv73Ej3oD5pwEQ,2026-04-27,2026-05-05,Batik Air and Scoot,1,205,HAN,1 Week,April,2026-04-06T01:58:26.529980
"Seoul, South Korea",380.0,385.0,-5.0,https://encrypted-tbn0.gstatic.com/images?q=tbn:ANd9GcSGy4LggtmRKCw-VDM7sZj2JVAI9kZiAlSkcki4ZP7jzUeqZlOBfwDo0IH5E2Xksu0CgoBvjpPlWiH4g5dXne5aQ5Iy4S01_z3bJg47cQ,2026-04-27,2026-05-06,Jeju Air and Scoot,0,390,ICN,1 Week,April,2026-04-06T01:58:26.529982
"Ho Chi Minh City, Vietnam",307.0,307.0,0.0,https://encrypted-tbn0.gstatic.com/images?q=tbn:ANd9GcRrJKZk1BiYhZ3mY3euABvLxDIBukBw5gmGkEhkLqxNVGRjU8fVETFnNMHQIvPummF_6pB1XJ3tWE5VN7coLGd63VogrXcGfgf569shwA,2026-04-23,2026-04-30,Malaysia Airlines and Scoot,1,135,SGN,1 Week,April,2026-04-06T01:58:26.529984
"Mumbai, India",299.0,337.0,-38.0,https://encrypted-tbn1.gstatic.com/images?q=tbn:ANd9GcTRRckp8mseYnYQ7l8HELq1GoFqwH1zksN3R-F36DAYjcG5Vt5RRGV-jd25K06kaNDTLkxXdzk0QUW09L6kHJOKEQg3Txbhyf9_10ZiXg,2026-04-09,2026-04-15,Air India,0,340,BOM,1 Week,April,2026-04-06T01:58:26.529986
"New Delhi, India",342.0,366.0,-24.0,https://encrypted-tbn0.gstatic.com/images?q=tbn:ANd9GcSl_0QJXM0LcbhkFClbfILfC8ZiSCyO5XZpO0iSG1vfJg82v_FHjLXKSHs4cuyhvv4qL9jHKtP8ejqB62ObqFIQDnc3TDNCBAKM57ywZQ,2026-04-16,2026-04-22,Air India and Air India Express,1,365,DEL,1 Week,April,2026-04-06T01:58:26.529988
"Federal Territory of Kuala Lumpur, Malaysia",107.0,108.0,-1.0,https://encrypted-tbn3.gstatic.com/images?q=tbn:ANd9GcQQIk1ExRSHJSg0CA3pM6ISxhFBQVZJ7iNmv02par-cAbKXlYKgy5PyTpGtQT33xTsdoO0dFIXrLwxWqlAmtUcQD7cziyQYbCZ55yo55Q,2026-04-27,2026-05-06,AirAsia,0,65,KUL,1 Week,April,2026-04-06T01:58:26.529990
"Dubai, United Arab Emirates",643.0,643.0,0.0,https://encrypted-tbn2.gstatic.com/images?q=tbn:ANd9GcS8I-qzYsk8MfqbtG7XZriHCE-pfBAmDIEitgTNi6pkd4ydYfON7ave6PO0r4SphWZcLjoAZuDchjD45415sUjceoYWW2iZuva8SQ9Spg,2026-04-19,2026-04-26,Etihad,0,440,AUH,1 Week,April,2026-04-06T01:58:26.529992
"Chiang Mai, Thailand",304.0,304.0,0.0,https://encrypted-tbn2.gstatic.com/images?q=tbn:ANd9GcTWkJDtb_3dOVc83TPKcKR6rRyKwp9M0n4vxVyFLuQ4ptiBf2FOEvVCTgmNI6dA6yLD85h9dhQ--u0VJsMWDGNwsAE013NEUxXHaHt00w,2026-04-20,2026-04-29,Scoot,0,185,CNX,1 Week,April,2026-04-06T01:58:26.529994
"Jaipur, India",416.0,416.0,0.0,https://encrypted-tbn2.gstatic.com/images?q=tbn:ANd9GcRHqyQ66crs-roykYQYxDmWP5W5OJrHQTXbb44A5zWulqxTZqTHGy2hBSBr8d_dU8AQ4qFU-hzSZNSDGh8MhIgg3DyUUeXB0f3QkYRhpw,2026-04-12,2026-04-19,Air India and Air India Express,1,960,JAI,1 Week,April,2026-04-06T01:58:26.529996
"Phuket, Thailand",167.0,167.0,0.0,https://encrypted-tbn3.gstatic.com/images?q=tbn:ANd9GcTiBNj9z2Tf0lnw1uff6ooYy7liuVrHON7xT0xwWMJJWj3t4puxffP6RFtMin9PMz2RmGh6hiBIzk-1EGPwdS0BTJqDV9Dc_nMu3U5NQA,2026-04-20,2026-04-29,Scoot,0,110,HKT,1 Week,April,2026-04-06T01:58:26.529998
"Beijing, China",371.0,371.0,0.0,https://encrypted-tbn1.gstatic.com/images?q=tbn:ANd9GcR6R3TE9LrMLUM8It2c4f4zpNHzm3U-Peq5u7VO4V6QKrFk0vcJi5BJqLmmSuBNCoOTLy0XsoAmhFwqm2sUijEusLJoXjMkTWCWUiNOcw,2026-04-25,2026-05-04,XiamenAir and Hebei Airlines,1,555,PKX,1 Week,April,2026-04-06T01:58:26.530000
"Goa, India",411.0,411.0,0.0,https://encrypted-tbn1.gstatic.com/images?q=tbn:ANd9GcTO_bUFJ2hIpNKQP021IDGX5_9DjDgvZKtkIrDVxwM0u4I5OAp1Iax4_EW6hoaO9NUW0KWgILohWKKZLG9XzbzfZkpeonIKw3VgPDT5tQ,2026-04-23,2026-04-29,Air India and Air India Express,1,695,GOI,1 Week,April,2026-04-06T01:58:26.530002
"Shanghai, China",347.0,347.0,0.0,https://encrypted-tbn2.gstatic.com/images?q=tbn:ANd9GcTujsAS0i3-zbeimLQQ8RJnTX80xFZm7VnTsswhTD6W1aHQZWxzA7pNb0BMAVpelCNQq3SEx1592gylHw,2026-04-09,2026-04-16,Spring,0,345,PVG,1 Week,April,2026-04-06T01:58:26.530004
Hội An,342.0,342.0,0.0,https://encrypted-tbn3.gstatic.com/images?q=tbn:ANd9GcRRNok0jp9TQx-QJc8bQnN2ksLZePNr89SdiNSiwUwpXKh0aVOnLPThIeJfqztwgB97XWeFuxC9lhG0DimISpDGn4Hfkm_wLNu4dl340A,2026-04-20,2026-04-29,Scoot,0,165,DAD,1 Week,April,2026-04-06T01:58:26.530006
"Bengaluru, India",459.0,503.0,-44.0,https://encrypted-tbn2.gstatic.com/images?q=tbn:ANd9GcRRnVQMArN8G30p02VM6n18fD9LS-EXlKYRbJfv6CPLwRZ9C2wXHGXWsl6OOG5ubeHraoTiiKbSaBZnb2O3B02YbhgEtC8m9xRxgPwGfQ,2026-04-20,2026-04-26,Air India and Air India Express,1,1095,BLR,1 Week,April,2026-04-06T01:58:26.530008
"Hạ Long Bay, Vietnam",368.0,368.0,0.0,https://encrypted-tbn0.gstatic.com/images?q=tbn:ANd9GcQdH7xkaOku2D4UGiEtbegMDLIWszqsJrVB-XkpO13CqXswYGnUUFMgsO4uFwTrf0y8EAbVZJI4A0eo4UHbgxYiQFIDVb-zsz70Dt0OOg,2026-04-27,2026-05-05,Batik Air and Scoot,1,205,HAN,1 Week,April,2026-04-06T01:58:26.530010
"Abu Dhabi, United Arab Emirates",643.0,643.0,0.0,https://encrypted-tbn2.gstatic.com/images?q=tbn:ANd9GcTwBpYbpnuaEurTOeQbgYJzxk3uOAjB7bRvnTetkMlsdPqKciAFtLJswZmMHWpVhkLeEbJZCCZwoXaQ5D4aSc9sT4I-yBQBrT3r5vSWtA,2026-04-19,2026-04-26,Etihad,0,440,AUH,1 Week,April,2026-04-06T01:58:26.530012
"Chennai, India",345.0,345.0,0.0,https://encrypted-tbn3.gstatic.com/images?q=tbn:ANd9GcT8jGx4Oe7gOIT3dSF0FgoYzjECbwXYCIq6g0sMhY30kkZu5ThtcjZeZrIwVErtNu0yP-R_6Fgzt1BlhFJgF4nE0Cxoy4q_LrB5mHM6_A,2026-04-12,2026-04-19,Scoot,0,240,MAA,1 Week,April,2026-04-06T01:58:26.530014
"Varanasi, India",458.0,458.0,0.0,https://encrypted-tbn2.gstatic.com/images?q=tbn:ANd9GcRg1OmvYJVmJRkkH48WQY4LvYje4OuiXjLle-GS5PpRg-nonn9JC3CvB7HFko6WDkJnbxLL2s8j9VJf3XEWtJjx9xwADzwK_XzESUnUsA,2026-04-27,2026-05-04,Air India and Air India Express,1,815,VNS,1 Week,April,2026-04-06T01:58:26.530016
"Udaipur, India",493.0,493.0,0.0,https://encrypted-tbn3.gstatic.com/images?q=tbn:ANd9GcSDElWaJCFOU4Y_U3X_1eUQsKG7FBPTiC6ZjgywBhr-NVfC9MscjNzDtVWHXcZxqrvrg6doXFJ3HtKk7f7vlZEBRljFcaKQrvdT1Lfn8Q,2026-04-12,2026-04-21,Air India,1,585,UDR,1 Week,April,2026-04-06T01:58:26.530018
"Agra, India",342.0,366.0,-24.0,https://encrypted-tbn2.gstatic.com/images?q=tbn:ANd9GcQI0YQv8yflL3rak3GIymC_IQPCnsI79bxC_lkZZonTDvjgQT1rNO7yJFilB65Gezf2VFQaf9yZ_h8HiA,2026-04-16,2026-04-22,Air India and Air India Express,1,365,DEL,1 Week,April,2026-04-06T01:58:26.530020
"Ko Samui, Thailand",385.0,385.0,0.0,https://encrypted-tbn0.gstatic.com/images?q=tbn:ANd9GcQ5VBzIPEfByKaFwNzikHD-kPxvUCXDQnYSeSf5xfsIeLO82X1NYZAjeCuuPKR2bV5qteuV8eJwTlrqba9OPo7suR-eLdKQb1P0WeM74A,2026-04-16,2026-04-22,Scoot,0,105,USM,1 Week,April,2026-04-06T01:58:26.530022
"Kolkata, India",360.0,360.0,0.0,https://encrypted-tbn1.gstatic.com/images?q=tbn:ANd9GcQkqRm0hB0I1L_Wd8J2SnHNwKFZT4kXBUBpwALXSPcPiN3P3c_WpHKIiaKVq1Y3OxMKtVX086O0hVbNFgQnycWMKjv8QwffmoMgidSS2Q,2026-04-30,2026-05-06,IndiGo and AirAsia,1,250,CCU,1 Week,April,2026-04-06T01:58:26.530024
"Taipei City, Taiwan",248.0,248.0,0.0,https://encrypted-tbn3.gstatic.com/images?q=tbn:ANd9GcQXLhb-ghDjmkIYAVvdu4F0jxICbcNjvay2bPLvj8Hp1u_uQKcabDV_PEHWzUdFw6H1BPMdXV5ahY-NuEBcv5y050siHU3OyxbnIrgwfg,2026-04-27,2026-05-06,Scoot,0,285,TPE,1 Week,April,2026-04-06T01:58:26.530025
"Kochi, India",466.0,466.0,0.0,https://encrypted-tbn3.gstatic.com/images?q=tbn:ANd9GcTPv3xu1wWA_PiElguRprW5LXIiyk1swUyWnl2QBNczqNvHpUCVW0j4KU7r7TduEUBjZLEgF1r2LndBwX3sPX83Xs2BTqGidMf9Wb4X7w,2026-04-20,2026-04-26,IndiGo and Air India,1,500,COK,1 Week,April,2026-04-06T01:58:26.530027
"Kathmandu, Nepal",817.0,817.0,0.0,https://encrypted-tbn0.gstatic.com/images?q=tbn:ANd9GcT78awjGv8SH4zFojoNUasAJqCxFPYe5qPHDvKUhH54AJ48YS8N1M9idwAQkN9fOXSnaMT2Rb5XpFn5tN3eT-3_sfEtXzetNBogSwD10g,2026-04-25,2026-05-01,Air India and Thai Lion Air,2,1490,KTM,1 Week,April,2026-04-06T01:58:26.530029
"Manila, Philippines",461.0,461.0,0.0,https://encrypted-tbn3.gstatic.com/images?q=tbn:ANd9GcRr9zUtKyDotaE-xA4DBVzZeavqk4R9wcvHmPGhQaJYfJO42GbiiIxaklB54UPajj9Fb2NgEdnVKsjvVPiBUWLwL4ShNsl8GI51yhA3MQ,2026-04-09,2026-04-15,Cebu Pacific and Vietjet,1,235,MNL,1 Week,April,2026-04-06T01:58:26.530031
"Bahrain, Bahrain",1095.0,1272.0,-177.0,https://encrypted-tbn2.gstatic.com/images?q=tbn:ANd9GcSV-vcI5g_BSfRsSLESsjQeatxt7gtRek4JeffV42nrl5WMmzv4CM01xYgIecZb8062y259TXOBwtIRf3oxl-QQmui-tpQaPs-3yLaarQ,2026-04-25,2026-05-03,"Air India, Etihad, and Air India Express",2,1250,BAH,1 Week,April,2026-04-06T01:58:26.530033
"Macao, Macao",410.0,410.0,0.0,https://encrypted-tbn1.gstatic.com/images?q=tbn:ANd9GcQSqvJMa-Boc6alR19GIwxB5x8fz6SLMX4U07VIkUBrXrHUId6y7gaY5UM0NjSMQ8dxCMqaO-Vb6NcCcpDkTJWIL-bb7VqXfHxBqGdPBQ,2026-04-25,2026-05-04,XiamenAir and Scoot,1,245,MFM,1 Week,April,2026-04-06T01:58:26.530035
"Hyderabad, India",409.0,409.0,0.0,https://encrypted-tbn0.gstatic.com/images?q=tbn:ANd9GcS3lpOwI2CRkpJjacFXUmD9pyCXeZ-MP0UNVoSY-ZINyBSXwarclu3H5KLBmgmXLMvZ8CFEPC_CTn9MxVN2fSbIBcOTsu-WSQuxa1tkvQ,2026-04-13,2026-04-20,Air India and AirAsia,1,420,HYD,1 Week,April,2026-04-06T01:58:26.530037
"Da Nang, Vietnam",342.0,342.0,0.0,https://encrypted-tbn0.gstatic.com/images?q=tbn:ANd9GcRY7AI9sBPAD8WaK_I7CMw80ft40TqnRp1EjFdp9GnRDSxju7-F8tl-8bCJnT0Wdb16UIVE-GplpFzGlWkWlV9HQ_ABPTCatv79wUf_ww,2026-04-20,2026-04-29,Scoot,0,165,DAD,1 Week,April,2026-04-06T01:58:26.530039
"Shimla, India",342.0,366.0,-24.0,https://encrypted-tbn1.gstatic.com/images?q=tbn:ANd9GcRmVtZCspa49qA-VRdGwLUuhCYbfJl99rU2w1Dr_PWQ3xiGSYx9VEXsN9QQ4eU8ASsCrKZe-uXEhGKoWavjil_p5W2zaaBuI22CrttqxA,2026-04-16,2026-04-22,Air India and Air India Express,1,365,DEL,1 Week,April,2026-04-06T01:58:26.530041
"Phi Phi Islands, Thailand",153.0,153.0,0.0,https://encrypted-tbn0.gstatic.com/images?q=tbn:ANd9GcRNzFqylUFfDPlSFl6ftR_AaTDgRKnsnWELQ1AhaG8PoviVYfUBfL58bO2mI4nquyKwQLjH5nBD0o6jPu4wuLM7OfrGuryPm0fGnejIAw,2026-04-20,2026-04-29,Firefly and Scoot,1,110,KBV,1 Week,April,2026-04-06T01:58:26.530043
"Rishikesh, India",342.0,366.0,-24.0,https://encrypted-tbn0.gstatic.com/images?q=tbn:ANd9GcQfnGK9xvCgM7SqaGAnrr-_xe7z2ObRVdDcCHEZvvCJmJvfPigk-FXOPJhBuaMZ11zbtVGZf7GaxmCkvgDB0PLXsaQ2WySPT5Fcf09Faw,2026-04-16,2026-04-22,Air India and Air India Express,1,365,DEL,1 Week,April,2026-04-06T01:58:26.530045
"Manali, India",342.0,366.0,-24.0,https://encrypted-tbn2.gstatic.com/images?q=tbn:ANd9GcScenrP6gjGb22lYsm8hjewD2rWHNXHj5hgZhSH4EXtFQ9vluathDHuGxcS18s0x2hP3XoltAmZURaN8WbSwwbatRsnz2MFZ0ZwVnW8VQ,2026-04-16,2026-04-22,Air India and Air India Express,1,365,DEL,1 Week,April,2026-04-06T01:58:26.530047
"Jodhpur, India",447.0,447.0,0.0,https://encrypted-tbn0.gstatic.com/images?q=tbn:ANd9GcT8rBuapOqnIZRswSHWgHMRjC4gzYc6DE1yL1Z1ztSjcpHalJq26yGPgeI_ULnxNPCfK3LMV0Pj6xjeJh5akRjEUMHFxuGqEEiOou58Nw,2026-04-30,2026-05-06,Air India,1,1830,JDH,1 Week,April,2026-04-06T01:58:26.530049
"Munnar, India",466.0,466.0,0.0,https://encrypted-tbn3.gstatic.com/images?q=tbn:ANd9GcRqTHPBvoWmkwj7azYfSnX-4D9m7HpvFFq2vilhEa-17FM8zY0YvpGbpPe8I3_sHgpMYKqd9FSkuFtZWe9eOFGaLBeC3_i-qhxMPS2ZZQ,2026-04-20,2026-04-26,IndiGo and Air India,1,500,COK,1 Week,April,2026-04-06T01:58:26.530051
"Phú Quốc, Vietnam",335.0,335.0,0.0,https://encrypted-tbn3.gstatic.com/images?q=tbn:ANd9GcRGbWm0uqKOR9KmPBYMR8hSZRHOxqckm3gbBrinJy7yZfDpfAegfGEqPlX_NwjVJTCCRKnQ4hy7zd_tVOyEs6jNZ5fStfBDzeOslyEDoQ,2026-04-13,2026-04-20,Vietjet,0,100,PQC,1 Week,April,2026-04-06T01:58:26.530053
"Ranthambore National Park, India",416.0,416.0,0.0,https://encrypted-tbn1.gstatic.com/images?q=tbn:ANd9GcSxrL0gNEqLJpancU8CANYgSjKoKEt_XeO5-xtU4ORG0m7IeWEhcCeab50BDvUMimSAhhiDtirU0aL_8w7CiKJslV3QM7voc7SLfRNUXA,2026-04-12,2026-04-19,Air India and Air India Express,1,960,JAI,1 Week,April,2026-04-06T01:58:26.530055
"Colombo, Sri Lanka",574.0,574.0,0.0,https://encrypted-tbn3.gstatic.com/images?q=tbn:ANd9GcTCalYZRVLcftWCfdfjEucymsOsqadi9yimDG5NMHv6E53eNTkw3p5ze8wn7ynj7bthi5fSNd5TBC6kKSotrDYrF-RE3IV18bj2oW5xIA,2026-04-30,2026-05-06,Air India and Batik Air,1,2345,CMB,1 Week,April,2026-04-06T01:58:26.530058
"Puducherry, India",345.0,345.0,0.0,https://encrypted-tbn0.gstatic.com/images?q=tbn:ANd9GcSvFZF57d-2KCNUh2lGz_SpRX0BslRnbMeUh2sb9KCiupngoHKO-0XUl8KYr7aeQZe6FlJIbLdal0LuVroiG9Wi180UtMpxG6Jxk-ytPQ,2026-04-12,2026-04-19,Scoot,0,240,MAA,1 Week,April,2026-04-06T01:58:26.530061
"Sapporo, Japan",779.0,779.0,0.0,https://encrypted-tbn0.gstatic.com/images?q=tbn:ANd9GcR4AM45jXa1psI2Z1sNxUR2XylT_5MPK1SHculUYedH63c7x8IHbBm5vDFctSbaXhn0_6bbNf6i86ZYpVuYBbEH4GveYpJzK-y7SINH1w,2026-04-12,2026-04-21,Scoot,1,595,CTS,1 Week,April,2026-04-06T01:58:26.530063
"Chengdu, China",411.0,411.0,0.0,https://encrypted-tbn3.gstatic.com/images?q=tbn:ANd9GcQY8DLeWQH982m5yXijXncNnKja_WtNJL9izzPLuwIjs4fWdKIGLfaVUBaXr3YLnyDVrv4RYKWVibM84S-hp3UpCGr78L0YycX0BZjRTw,2026-04-27,2026-05-05,Malaysia Airlines,1,450,TFU,1 Week,April,2026-04-06T01:58:26.530065
"Xi'An, China",375.0,375.0,0.0,https://encrypted-tbn3.gstatic.com/images?q=tbn:ANd9GcQlRRbLPcoitY2Dl9reXFIK_MTRgheCZMFkITdRumAZOoaWoPWH17MmpII3EMgCWZiqCnsu-ROsf2sFp9iSCYUPddP48tSGXwzfALtqvA,2026-04-24,2026-05-03,XiamenAir,1,595,XIY,1 Week,April,2026-04-06T01:58:26.530067
"Boracay, Philippines",665.0,665.0,0.0,https://encrypted-tbn2.gstatic.com/images?q=tbn:ANd9GcSWVEP-f4Tsv9itb6e5PrsSbMRzn1pCVXoPAN7uzJJb3pMDQfBH4KRylRfEcwRrRrkfkye1AZFE9payFqm1xehM0rWmEcZsd2t1jrRgsQ,2026-04-26,2026-05-05,Cebu Pacific,1,760,MPH,1 Week,April,2026-04-06T01:58:26.530070
"Cebu City, Philippines",453.0,453.0,0.0,https://encrypted-tbn0.gstatic.com/images?q=tbn:ANd9GcRQkSFnL8j_JnNZIPer-g9BJfnnRj2BME3jwdM8u2pdZX5SMMAE6rz0Hghh-cgEA9re1JDSt3XMQWLcIHPANBsJgId_suPx16yEH4yKOA,2026-04-23,2026-05-02,"AirAsia, Scoot, and Philippines AirAsia",1,555,CEB,1 Week,April,2026-04-06T01:58:26.530071
"Kaziranga National Park, India",456.0,456.0,0.0,https://encrypted-tbn1.gstatic.com/images?q=tbn:ANd9GcQDBQ8gOfMM5IwB9Kv4SMGtY_VPTDN01t38twMZQ4jvK04wX5tThshiljXNBOmn9R1pWAUQanV96n0LiujQ0L_2pHnHCpEZsWJr0pU7HA,2026-04-23,2026-04-29,Air India and Air India Express,1,885,GAU,1 Week,April,2026-04-06T01:58:26.530074
"Guwahati, India",456.0,456.0,0.0,https://encrypted-tbn0.gstatic.com/images?q=tbn:ANd9GcSTNDJXSuGok1AmlZ2jJpvD_mzuF2s44iPPLEb27hyvOHBabF44H_oKWPTzHate__CBMAUXcvjMHojIKzvNCWdjG_BtKZSHWQXcb3rYuA,2026-04-23,2026-04-29,Air India and Air India Express,1,885,GAU,1 Week,April,2026-04-06T01:58:26.530075
"Tashkent, Uzbekistan",912.0,956.0,-44.0,https://encrypted-tbn2.gstatic.com/images?q=tbn:ANd9GcQA8i7cAg_5GT78C0ciF1cM-ly6BiS_ojUVXMMr6drRYdStr40B90277pTgsMCGul1IEbR6ZDAc4atr4D6HN9laieRaaJeaT3hmLsKqBg,2026-04-10,2026-04-17,Batik Air,1,740,TAS,1 Week,April,2026-04-06T01:58:26.530078
"Niseko, Japan",779.0,779.0,0.0,https://encrypted-tbn0.gstatic.com/images?q=tbn:ANd9GcRF7wdJWoE22_Ai99rtZ7hjcWVIp65xTxNoA1-WBleQknbJwrCZRAi_Mk_xp720dO7R7O0VWM2ILl-qKWXESGCxtRNFgJE-m-HdGwrlxw,2026-04-12,2026-04-21,Scoot,1,595,CTS,1 Week,April,2026-04-06T01:58:26.530080
"Almaty, Kazakhstan",1107.0,1124.0,-17.0,https://encrypted-tbn2.gstatic.com/images?q=tbn:ANd9GcR8iDoh59ddyzKl4KpDTbZMB5nZzWIzPoHXHEhF6j5LF-er9e4arKtTln2lYA-WuD2Z23ZsHkv3IaTY8X4k7_H0sz7pZENVvOOpEEYVqA,2026-04-26,2026-05-04,Thai AirAsia and Thai AirAsia X,1,750,ALA,1 Week,April,2026-04-06T01:58:26.530082
"Guam, Guam",775.0,775.0,0.0,https://encrypted-tbn2.gstatic.com/images?q=tbn:ANd9GcTuOFnrHa29K1tpqiPQklQESCCKp3f-FzHa53cUPpXN1fLNxBqzixLAbuWT60pbd7ARYOKKnNlHkSWX7ZK6YnEyD7CALkdWcBFLTcNWIw,2026-04-09,2026-04-15,Philippine Airlines,1,975,GUM,1 Week,April,2026-04-06T01:58:26.530083
"Tehran, Iran",2224.0,2224.0,0.0,https://encrypted-tbn3.gstatic.com/images?q=tbn:ANd9GcSE4XzJ3-jox0HepD9O5KomPQPnuWx3ClgVoliBalJu3shkAEawZWYi-M4YltQCNIzSMcKVSDWIXucwru13GOVroOYQmrDyLJXemqgOsw,2026-04-30,2026-05-06,Emirates and flydubai,1,2185,IKA,1 Week,April,2026-04-06T01:58:26.530086
"Ras Al-Khaimah, United Arab Emirates",667.0,667.0,0.0,https://encrypted-tbn3.gstatic.com/licensed-image?q=tbn:ANd9GcRqN2nkqrp4EWzuegpcggvlBSbOvCKgapKriR2tAvPupr4oZcQEJa0C8uqHFmikgu9K9VL66dVOzdwZB61x1yLnkiy5zMTNcx-7NoCuvA,2026-04-09,2026-04-15,Emirates,0,435,DXB,1 Week,April,2026-04-06T01:58:26.530088
"Harbin, China",463.0,463.0,0.0,https://encrypted-tbn2.gstatic.com/images?q=tbn:ANd9GcR_MvPBNPJRk-TEMtrt8B_sIPMp92xYO42dahjcu0DxdK4F66B0rsb64v3pXLOHINO5t9aBZpbKBmHOyvLO3vOdgKa6uK86bxFgkbX2Rw,2026-04-19,2026-04-26,Shenzhen,1,650,HRB,1 Week,April,2026-04-06T01:58:26.530089
"Ulaanbaatar, Mongolia",1359.0,1340.0,19.0,https://encrypted-tbn3.gstatic.com/images?q=tbn:ANd9GcQG0oMWF9H5cvBuRMc1phyW4DGIc3S1ZIRFEi4bS-9Ah2c3Co46HWv1_2zJ1tvvI65NTG8aEoXWTCclixETbnq0PNTGkXrnN9sz9iG0xg,2026-04-12,2026-04-19,Asiana Airlines,1,1455,UBN,1 Week,April,2026-04-06T01:58:26.530092
"Khiva, Uzbekistan",5211.0,5211.0,0.0,https://encrypted-tbn1.gstatic.com/licensed-image?q=tbn:ANd9GcTTv9IJoMpbQ2sQACn8yO3-ZRhgmnMjqYdK_Kp30CIVDmkPl9K78xuS3VDUC8LyHzwu4ucNJhNQUck20YD2p7yfgf04GvMsl-hYaRTgYdM,2026-04-06,2026-04-12,Turkish Airlines,1,1360,UGC,1 Week,April,2026-04-06T01:58:26.530095
"Furano, Japan",779.0,779.0,0.0,https://encrypted-tbn2.gstatic.com/images?q=tbn:ANd9GcToxhNswMamZEIFMbN4ViNIJsOoa4oiFtq7c4e5-91uhu2Jn90OSbq0u5zR3i6o5nafcKScuhJqbJsDFUCz3feBEspB5AhViICZylm6aA,2026-04-12,2026-04-21,Scoot,1,595,CTS,1 Week,April,2026-04-06T01:58:26.530097
"Isfahan, Iran",2224.0,2224.0,0.0,https://encrypted-tbn1.gstatic.com/images?q=tbn:ANd9GcQwakxOitW8qCd-ni_IJjGONuLvWsVBR7rBET6-YCURz2311yI6ijeKgu8Oe3FsvU9mMUpcQj-oFf1Gpkcchug6yKOuFNeoBfZyPvXW3w,2026-04-30,2026-05-06,Emirates and flydubai,1,2185,IKA,1 Week,April,2026-04-06T01:58:26.530099
"Issyk Kul, Kyrgyzstan",1107.0,1124.0,-17.0,https://encrypted-tbn0.gstatic.com/images?q=tbn:ANd9GcQDqLw0IWmVH11kyhh3ObcxYz5CmojvvYLlZDO2Ce_HdyewWrz_23BNsNt-RY463jE2YcjeCNoPPHhuv04pWUqf57iN5Knpc99fCpNHQA,2026-04-26,2026-05-04,Thai AirAsia and Thai AirAsia X,1,750,ALA,1 Week,April,2026-04-06T01:58:26.530101
"Asahikawa, Japan",779.0,779.0,0.0,https://encrypted-tbn2.gstatic.com/images?q=tbn:ANd9GcS0VqKQp5kcTlRC4ivn7m1K-O7wcMpVzC8dUZ1XU5NeI5AE8uYY9FQQG1l_nbbVdcA2ZVw6R_cydjdmi6UJBTkD6s84-qL6j1L0ppHZRw,2026-04-12,2026-04-21,Scoot,1,595,CTS,1 Week,April,2026-04-06T01:58:26.530103
"Ürümqi, China",562.0,562.0,0.0,https://encrypted-tbn2.gstatic.com/images?q=tbn:ANd9GcQG7GdzgUFPXs__gKaBVRzQaJyESgnuqLvTQ2PKS1DtS6k70TghaCiYlvLODQcqYelNGewNj-hgj_pjCSM7n1Df_nnW-VeC8V0We0h8MQ,2026-04-23,2026-05-02,Shandong,2,1150,URC,1 Week,April,2026-04-06T01:58:26.530105
"Dunhuang, China",1684.0,1684.0,0.0,https://encrypted-tbn2.gstatic.com/licensed-image?q=tbn:ANd9GcThJg9o0jjo_-CB9AIb72wD-kE_joSmHL8a9mCD09DuVRf8B32lMkO2hGB4CBbhLbbB9sz8R9BhhNWTIjAP4MtrgNQpIwPL2bxfNwsDSw,2026-04-16,2026-04-22,Hainan,2,1910,DNH,1 Week,April,2026-04-06T01:58:26.530108
"Padang, Indonesia",179.0,179.0,0.0,https://encrypted-tbn3.gstatic.com/images?q=tbn:ANd9GcTDKL2EVQYGn6jKkf-kN_Rdm--pZIl3mnnwYSPeO8URaMSrnPVDbZRZO1nonj0WI2Z5L8nyBj7Jy5i5ERwaG24pySvVcU1OAwT7x1Wu2A,2026-04-20,2026-04-28,Scoot,0,75,PDG,1 Week,April,2026-04-06T01:58:26.530110
"Gorkhi Terelj National Park, Mongolia",1359.0,1340.0,19.0,https://encrypted-tbn1.gstatic.com/images?q=tbn:ANd9GcRs_x--VIR1dafl4avf8s8m8flCHTx1toLHUv0UIkRJOqQDwiSLMgVvR7Hfv6y9hrDun52sIUrYRl_HhdPAXnHuZHjKef9kXZJycsNXmQ,2026-04-12,2026-04-19,Asiana Airlines,1,1455,UBN,1 Week,April,2026-04-06T01:58:26.530112
"Tokyo, Japan",370.0,370.0,0.0,https://encrypted-tbn3.gstatic.com/images?q=tbn:ANd9GcRiqAYuTkGrtxMazhSpAJve9ZzWSTvJ8xFHSX2ih6rQEoYgDOw0Aey3IBJh7-QF38k1xmhOiFoVXd8u5V1ip4G05Aprq0q6HulopWyM5A,2026-04-23,2026-05-07,Scoot and ZIPAIR Tokyo,0,440,NRT,2 Weeks,April,2026-04-06T01:58:32.204649
"Hong Kong, Hong Kong",379.0,404.0,-25.0,https://encrypted-tbn1.gstatic.com/images?q=tbn:ANd9GcTd4giZUOnVkLOK19qE-hoKaexrOb1lLvZOn_lzXx6X39chZYcKOZIlG92b-8CwcwsYWc8P53FjOTPh8YHr2wbh_ORXoEs2OLBTPE3kzw,2026-04-27,2026-05-13,Batik Air and Singapore Airlines,1,1005,HKG,2 Weeks,April,2026-04-06T01:58:32.204660
"Bangkok, Thailand",258.0,250.0,8.0,https://encrypted-tbn3.gstatic.com/images?q=tbn:ANd9GcTPIoqStMvXXTYbUQSylJYyWjY5HYM1GX-AALOOPHhXdXZDY56SSslLQDDkdhOxRX31c8qW7XFzS5zSEG6PGhEhGzxEbzyUYrqVxP_mBg,2026-04-27,2026-05-13,Scoot,0,155,BKK,2 Weeks,April,2026-04-06T01:58:32.204665
"Hanoi, Vietnam",330.0,330.0,0.0,https://encrypted-tbn2.gstatic.com/images?q=tbn:ANd9GcTh-Ne26gTyuHsN2ZHc-hQy1CJQ2ipECMiZPX8oGOu9Gw2plYSgbGAHFY4M4Eqls6MLlm3xgJf4uKpU0FRcZaKySylwTv73Ej3oD5pwEQ,2026-04-24,2026-05-07,Scoot and Vietjet,0,210,HAN,2 Weeks,April,2026-04-06T01:58:32.204668
"Ho Chi Minh City, Vietnam",234.0,234.0,0.0,https://encrypted-tbn0.gstatic.com/images?q=tbn:ANd9GcRrJKZk1BiYhZ3mY3euABvLxDIBukBw5gmGkEhkLqxNVGRjU8fVETFnNMHQIvPummF_6pB1XJ3tWE5VN7coLGd63VogrXcGfgf569shwA,2026-04-27,2026-05-13,Scoot,0,135,SGN,2 Weeks,April,2026-04-06T01:58:32.204672
"Mumbai, India",299.0,303.0,-4.0,https://encrypted-tbn1.gstatic.com/images?q=tbn:ANd9GcTRRckp8mseYnYQ7l8HELq1GoFqwH1zksN3R-F36DAYjcG5Vt5RRGV-jd25K06kaNDTLkxXdzk0QUW09L6kHJOKEQg3Txbhyf9_10ZiXg,2026-04-30,2026-05-13,Air India,0,340,BOM,2 Weeks,April,2026-04-06T01:58:32.204675
"New Delhi, India",364.0,364.0,0.0,https://encrypted-tbn0.gstatic.com/images?q=tbn:ANd9GcSl_0QJXM0LcbhkFClbfILfC8ZiSCyO5XZpO0iSG1vfJg82v_FHjLXKSHs4cuyhvv4qL9jHKtP8ejqB62ObqFIQDnc3TDNCBAKM57ywZQ,2026-04-30,2026-05-16,Air India and Air India Express,1,365,DEL,2 Weeks,April,2026-04-06T01:58:32.204679
"Federal Territory of Kuala Lumpur, Malaysia",104.0,104.0,0.0,https://encrypted-tbn3.gstatic.com/images?q=tbn:ANd9GcQQIk1ExRSHJSg0CA3pM6ISxhFBQVZJ7iNmv02par-cAbKXlYKgy5PyTpGtQT33xTsdoO0dFIXrLwxWqlAmtUcQD7cziyQYbCZ55yo55Q,2026-04-20,2026-05-06,AirAsia,0,65,KUL,2 Weeks,April,2026-04-06T01:58:32.204682
"Dubai, United Arab Emirates",643.0,643.0,0.0,https://encrypted-tbn2.gstatic.com/images?q=tbn:ANd9GcS8I-qzYsk8MfqbtG7XZriHCE-pfBAmDIEitgTNi6pkd4ydYfON7ave6PO0r4SphWZcLjoAZuDchjD45415sUjceoYWW2iZuva8SQ9Spg,2026-04-19,2026-05-04,Etihad,0,440,AUH,2 Weeks,April,2026-04-06T01:58:32.204685
"Kyoto, Japan",345.0,345.0,0.0,https://encrypted-tbn2.gstatic.com/images?q=tbn:ANd9GcQtOVcFjC9WqGv4M70NBscJETxCioVhaxdDOixuut8dt708uPIEgFT53Jq9zXHfI6sAOAWzmyAXmctAP52yFO2Cgwinfa9tIJlulmeR_g,2026-04-27,2026-05-12,Peach Aviation,0,400,KIX,2 Weeks,April,2026-04-06T01:58:32.204689
"Chiang Mai, Thailand",287.0,287.0,0.0,https://encrypted-tbn2.gstatic.com/images?q=tbn:ANd9GcTWkJDtb_3dOVc83TPKcKR6rRyKwp9M0n4vxVyFLuQ4ptiBf2FOEvVCTgmNI6dA6yLD85h9dhQ--u0VJsMWDGNwsAE013NEUxXHaHt00w,2026-04-26,2026-05-09,Scoot,0,185,CNX,2 Weeks,April,2026-04-06T01:58:32.204692
"Jaipur, India",381.0,381.0,0.0,https://encrypted-tbn2.gstatic.com/images?q=tbn:ANd9GcRHqyQ66crs-roykYQYxDmWP5W5OJrHQTXbb44A5zWulqxTZqTHGy2hBSBr8d_dU8AQ4qFU-hzSZNSDGh8MhIgg3DyUUeXB0f3QkYRhpw,2026-04-23,2026-05-07,"Air India, Thai AirAsia, and Air India Express",1,960,JAI,2 Weeks,April,2026-04-06T01:58:32.204695
"Phuket, Thailand",157.0,157.0,0.0,https://encrypted-tbn3.gstatic.com/images?q=tbn:ANd9GcTiBNj9z2Tf0lnw1uff6ooYy7liuVrHON7xT0xwWMJJWj3t4puxffP6RFtMin9PMz2RmGh6hiBIzk-1EGPwdS0BTJqDV9Dc_nMu3U5NQA,2026-04-27,2026-05-13,Scoot,0,110,HKT,2 Weeks,April,2026-04-06T01:58:32.204699
"Seoul, South Korea",347.0,347.0,0.0,https://encrypted-tbn0.gstatic.com/images?q=tbn:ANd9GcSGy4LggtmRKCw-VDM7sZj2JVAI9kZiAlSkcki4ZP7jzUeqZlOBfwDo0IH5E2Xksu0CgoBvjpPlWiH4g5dXne5aQ5Iy4S01_z3bJg47cQ,2026-04-27,2026-05-13,Scoot,0,390,ICN,2 Weeks,April,2026-04-06T01:58:32.204702
"Beijing, China",371.0,371.0,0.0,https://encrypted-tbn1.gstatic.com/images?q=tbn:ANd9GcR6R3TE9LrMLUM8It2c4f4zpNHzm3U-Peq5u7VO4V6QKrFk0vcJi5BJqLmmSuBNCoOTLy0XsoAmhFwqm2sUijEusLJoXjMkTWCWUiNOcw,2026-04-19,2026-05-04,XiamenAir and Hebei Airlines,1,555,PKX,2 Weeks,April,2026-04-06T01:58:32.204723
"Goa, India",419.0,425.0,-6.0,https://encrypted-tbn1.gstatic.com/images?q=tbn:ANd9GcTO_bUFJ2hIpNKQP021IDGX5_9DjDgvZKtkIrDVxwM0u4I5OAp1Iax4_EW6hoaO9NUW0KWgILohWKKZLG9XzbzfZkpeonIKw3VgPDT5tQ,2026-04-13,2026-04-27,Air India and Air India Express,1,695,GOI,2 Weeks,April,2026-04-06T01:58:32.204727
"Osaka, Japan",345.0,345.0,0.0,https://encrypted-tbn3.gstatic.com/images?q=tbn:ANd9GcQ4taqtiRvr48l49Sh_f8rfRxj-enava5SmEA0s6U_pWeh7BW8eHOvOFczJy-B5oH6n3Wu-KNzT4A-NY_SzrseToTfHLKVhkr-mWGLWIA,2026-04-27,2026-05-12,Peach Aviation,0,400,KIX,2 Weeks,April,2026-04-06T01:58:32.204731
"Shanghai, China",329.0,329.0,0.0,https://encrypted-tbn2.gstatic.com/images?q=tbn:ANd9GcTujsAS0i3-zbeimLQQ8RJnTX80xFZm7VnTsswhTD6W1aHQZWxzA7pNb0BMAVpelCNQq3SEx1592gylHw,2026-04-27,2026-05-11,Spring,0,350,PVG,2 Weeks,April,2026-04-06T01:58:32.204735
Hội An,299.0,326.0,-27.0,https://encrypted-tbn3.gstatic.com/images?q=tbn:ANd9GcRRNok0jp9TQx-QJc8bQnN2ksLZePNr89SdiNSiwUwpXKh0aVOnLPThIeJfqztwgB97XWeFuxC9lhG0DimISpDGn4Hfkm_wLNu4dl340A,2026-04-26,2026-05-12,AirAsia and Scoot,1,170,DAD,2 Weeks,April,2026-04-06T01:58:32.204739
"Bengaluru, India",500.0,448.0,52.0,https://encrypted-tbn2.gstatic.com/images?q=tbn:ANd9GcRRnVQMArN8G30p02VM6n18fD9LS-EXlKYRbJfv6CPLwRZ9C2wXHGXWsl6OOG5ubeHraoTiiKbSaBZnb2O3B02YbhgEtC8m9xRxgPwGfQ,2026-04-23,2026-05-09,IndiGo,0,270,BLR,2 Weeks,April,2026-04-06T01:58:32.204742
"Hạ Long Bay, Vietnam",330.0,330.0,0.0,https://encrypted-tbn0.gstatic.com/images?q=tbn:ANd9GcQdH7xkaOku2D4UGiEtbegMDLIWszqsJrVB-XkpO13CqXswYGnUUFMgsO4uFwTrf0y8EAbVZJI4A0eo4UHbgxYiQFIDVb-zsz70Dt0OOg,2026-04-24,2026-05-07,Scoot and Vietjet,0,210,HAN,2 Weeks,April,2026-04-06T01:58:32.204744
"Abu Dhabi, United Arab Emirates",643.0,643.0,0.0,https://encrypted-tbn2.gstatic.com/images?q=tbn:ANd9GcTwBpYbpnuaEurTOeQbgYJzxk3uOAjB7bRvnTetkMlsdPqKciAFtLJswZmMHWpVhkLeEbJZCCZwoXaQ5D4aSc9sT4I-yBQBrT3r5vSWtA,2026-04-19,2026-05-04,Etihad,0,440,AUH,2 Weeks,April,2026-04-06T01:58:32.204746
"Chennai, India",321.0,321.0,0.0,https://encrypted-tbn3.gstatic.com/images?q=tbn:ANd9GcT8jGx4Oe7gOIT3dSF0FgoYzjECbwXYCIq6g0sMhY30kkZu5ThtcjZeZrIwVErtNu0yP-R_6Fgzt1BlhFJgF4nE0Cxoy4q_LrB5mHM6_A,2026-04-26,2026-05-11,Scoot,0,240,MAA,2 Weeks,April,2026-04-06T01:58:32.204748
"Varanasi, India",461.0,461.0,0.0,https://encrypted-tbn2.gstatic.com/images?q=tbn:ANd9GcRg1OmvYJVmJRkkH48WQY4LvYje4OuiXjLle-GS5PpRg-nonn9JC3CvB7HFko6WDkJnbxLL2s8j9VJf3XEWtJjx9xwADzwK_XzESUnUsA,2026-04-19,2026-05-03,Air India and Air India Express,1,690,VNS,2 Weeks,April,2026-04-06T01:58:32.204750
"Agra, India",364.0,364.0,0.0,https://encrypted-tbn2.gstatic.com/images?q=tbn:ANd9GcQI0YQv8yflL3rak3GIymC_IQPCnsI79bxC_lkZZonTDvjgQT1rNO7yJFilB65Gezf2VFQaf9yZ_h8HiA,2026-04-30,2026-05-16,Air India and Air India Express,1,365,DEL,2 Weeks,April,2026-04-06T01:58:32.204753
"Ko Samui, Thailand",346.0,346.0,0.0,https://encrypted-tbn0.gstatic.com/images?q=tbn:ANd9GcQ5VBzIPEfByKaFwNzikHD-kPxvUCXDQnYSeSf5xfsIeLO82X1NYZAjeCuuPKR2bV5qteuV8eJwTlrqba9OPo7suR-eLdKQb1P0WeM74A,2026-04-23,2026-05-07,Scoot,0,105,USM,2 Weeks,April,2026-04-06T01:58:32.204755
"Kolkata, India",434.0,432.0,2.0,https://encrypted-tbn1.gstatic.com/images?q=tbn:ANd9GcQkqRm0hB0I1L_Wd8J2SnHNwKFZT4kXBUBpwALXSPcPiN3P3c_WpHKIiaKVq1Y3OxMKtVX086O0hVbNFgQnycWMKjv8QwffmoMgidSS2Q,2026-04-26,2026-05-09,IndiGo,0,250,CCU,2 Weeks,April,2026-04-06T01:58:32.204757
"Taipei City, Taiwan",238.0,238.0,0.0,https://encrypted-tbn3.gstatic.com/images?q=tbn:ANd9GcQXLhb-ghDjmkIYAVvdu4F0jxICbcNjvay2bPLvj8Hp1u_uQKcabDV_PEHWzUdFw6H1BPMdXV5ahY-NuEBcv5y050siHU3OyxbnIrgwfg,2026-04-27,2026-05-12,Scoot,0,285,TPE,2 Weeks,April,2026-04-06T01:58:32.204758
"Kochi, India",468.0,465.0,3.0,https://encrypted-tbn3.gstatic.com/images?q=tbn:ANd9GcTPv3xu1wWA_PiElguRprW5LXIiyk1swUyWnl2QBNczqNvHpUCVW0j4KU7r7TduEUBjZLEgF1r2LndBwX3sPX83Xs2BTqGidMf9Wb4X7w,2026-04-23,2026-05-09,IndiGo,1,500,COK,2 Weeks,April,2026-04-06T01:58:32.204760
"Kathmandu, Nepal",746.0,746.0,0.0,https://encrypted-tbn0.gstatic.com/images?q=tbn:ANd9GcT78awjGv8SH4zFojoNUasAJqCxFPYe5qPHDvKUhH54AJ48YS8N1M9idwAQkN9fOXSnaMT2Rb5XpFn5tN3eT-3_sfEtXzetNBogSwD10g,2026-04-25,2026-05-08,Thai Lion Air,1,1115,KTM,2 Weeks,April,2026-04-06T01:58:32.204762
"Manila, Philippines",435.0,435.0,0.0,https://encrypted-tbn3.gstatic.com/images?q=tbn:ANd9GcRr9zUtKyDotaE-xA4DBVzZeavqk4R9wcvHmPGhQaJYfJO42GbiiIxaklB54UPajj9Fb2NgEdnVKsjvVPiBUWLwL4ShNsl8GI51yhA3MQ,2026-04-24,2026-05-08,Philippine Airlines,0,240,MNL,2 Weeks,April,2026-04-06T01:58:32.204764
"Bahrain, Bahrain",1082.0,1272.0,-190.0,https://encrypted-tbn2.gstatic.com/images?q=tbn:ANd9GcSV-vcI5g_BSfRsSLESsjQeatxt7gtRek4JeffV42nrl5WMmzv4CM01xYgIecZb8062y259TXOBwtIRf3oxl-QQmui-tpQaPs-3yLaarQ,2026-04-19,2026-05-03,"Air India, Etihad, and Air India Express",2,3255,BAH,2 Weeks,April,2026-04-06T01:58:32.204766
"Macao, Macao",453.0,453.0,0.0,https://encrypted-tbn1.gstatic.com/images?q=tbn:ANd9GcQSqvJMa-Boc6alR19GIwxB5x8fz6SLMX4U07VIkUBrXrHUId6y7gaY5UM0NjSMQ8dxCMqaO-Vb6NcCcpDkTJWIL-bb7VqXfHxBqGdPBQ,2026-04-23,2026-05-06,XiamenAir and Scoot,1,245,MFM,2 Weeks,April,2026-04-06T01:58:32.204768
"Hyderabad, India",398.0,398.0,0.0,https://encrypted-tbn0.gstatic.com/images?q=tbn:ANd9GcS3lpOwI2CRkpJjacFXUmD9pyCXeZ-MP0UNVoSY-ZINyBSXwarclu3H5KLBmgmXLMvZ8CFEPC_CTn9MxVN2fSbIBcOTsu-WSQuxa1tkvQ,2026-04-27,2026-05-12,IndiGo and AirAsia,1,420,HYD,2 Weeks,April,2026-04-06T01:58:32.204770
"Da Nang, Vietnam",299.0,326.0,-27.0,https://encrypted-tbn0.gstatic.com/images?q=tbn:ANd9GcRY7AI9sBPAD8WaK_I7CMw80ft40TqnRp1EjFdp9GnRDSxju7-F8tl-8bCJnT0Wdb16UIVE-GplpFzGlWkWlV9HQ_ABPTCatv79wUf_ww,2026-04-26,2026-05-12,AirAsia and Scoot,1,170,DAD,2 Weeks,April,2026-04-06T01:58:32.204772
"Munnar, India",468.0,465.0,3.0,https://encrypted-tbn3.gstatic.com/images?q=tbn:ANd9GcRqTHPBvoWmkwj7azYfSnX-4D9m7HpvFFq2vilhEa-17FM8zY0YvpGbpPe8I3_sHgpMYKqd9FSkuFtZWe9eOFGaLBeC3_i-qhxMPS2ZZQ,2026-04-23,2026-05-09,IndiGo,1,500,COK,2 Weeks,April,2026-04-06T01:58:32.204775
"Phú Quốc, Vietnam",278.0,278.0,0.0,https://encrypted-tbn3.gstatic.com/images?q=tbn:ANd9GcRGbWm0uqKOR9KmPBYMR8hSZRHOxqckm3gbBrinJy7yZfDpfAegfGEqPlX_NwjVJTCCRKnQ4hy7zd_tVOyEs6jNZ5fStfBDzeOslyEDoQ,2026-04-26,2026-05-12,AirAsia and Vietjet,1,100,PQC,2 Weeks,April,2026-04-06T01:58:32.204778
"Ranthambore National Park, India",381.0,381.0,0.0,https://encrypted-tbn1.gstatic.com/images?q=tbn:ANd9GcSxrL0gNEqLJpancU8CANYgSjKoKEt_XeO5-xtU4ORG0m7IeWEhcCeab50BDvUMimSAhhiDtirU0aL_8w7CiKJslV3QM7voc7SLfRNUXA,2026-04-23,2026-05-07,"Air India, Thai AirAsia, and Air India Express",1,960,JAI,2 Weeks,April,2026-04-06T01:58:32.204779
"Colombo, Sri Lanka",517.0,517.0,0.0,https://encrypted-tbn3.gstatic.com/images?q=tbn:ANd9GcTCalYZRVLcftWCfdfjEucymsOsqadi9yimDG5NMHv6E53eNTkw3p5ze8wn7ynj7bthi5fSNd5TBC6kKSotrDYrF-RE3IV18bj2oW5xIA,2026-04-30,2026-05-14,Batik Air,1,2345,CMB,2 Weeks,April,2026-04-06T01:58:32.204782
"Puducherry, India",321.0,321.0,0.0,https://encrypted-tbn0.gstatic.com/images?q=tbn:ANd9GcSvFZF57d-2KCNUh2lGz_SpRX0BslRnbMeUh2sb9KCiupngoHKO-0XUl8KYr7aeQZe6FlJIbLdal0LuVroiG9Wi180UtMpxG6Jxk-ytPQ,2026-04-26,2026-05-11,Scoot,0,240,MAA,2 Weeks,April,2026-04-06T01:58:32.204784
"Sapporo, Japan",787.0,787.0,0.0,https://encrypted-tbn0.gstatic.com/images?q=tbn:ANd9GcR4AM45jXa1psI2Z1sNxUR2XylT_5MPK1SHculUYedH63c7x8IHbBm5vDFctSbaXhn0_6bbNf6i86ZYpVuYBbEH4GveYpJzK-y7SINH1w,2026-04-12,2026-04-26,Cathay Pacific,1,755,CTS,2 Weeks,April,2026-04-06T01:58:32.204787
"Boracay, Philippines",636.0,636.0,0.0,https://encrypted-tbn2.gstatic.com/images?q=tbn:ANd9GcSWVEP-f4Tsv9itb6e5PrsSbMRzn1pCVXoPAN7uzJJb3pMDQfBH4KRylRfEcwRrRrkfkye1AZFE9payFqm1xehM0rWmEcZsd2t1jrRgsQ,2026-04-27,2026-05-13,Philippine Airlines,1,410,MPH,2 Weeks,April,2026-04-06T01:58:32.204790
"Cebu City, Philippines",433.0,433.0,0.0,https://encrypted-tbn0.gstatic.com/images?q=tbn:ANd9GcRQkSFnL8j_JnNZIPer-g9BJfnnRj2BME3jwdM8u2pdZX5SMMAE6rz0Hghh-cgEA9re1JDSt3XMQWLcIHPANBsJgId_suPx16yEH4yKOA,2026-04-23,2026-05-09,Firefly and Malaysia Airlines,1,430,CEB,2 Weeks,April,2026-04-06T01:58:32.204792
"Kaziranga National Park, India",443.0,443.0,0.0,https://encrypted-tbn1.gstatic.com/images?q=tbn:ANd9GcQDBQ8gOfMM5IwB9Kv4SMGtY_VPTDN01t38twMZQ4jvK04wX5tThshiljXNBOmn9R1pWAUQanV96n0LiujQ0L_2pHnHCpEZsWJr0pU7HA,2026-04-23,2026-05-07,Air India and Air India Express,1,885,GAU,2 Weeks,April,2026-04-06T01:58:32.204794
"Guwahati, India",443.0,443.0,0.0,https://encrypted-tbn0.gstatic.com/images?q=tbn:ANd9GcSTNDJXSuGok1AmlZ2jJpvD_mzuF2s44iPPLEb27hyvOHBabF44H_oKWPTzHate__CBMAUXcvjMHojIKzvNCWdjG_BtKZSHWQXcb3rYuA,2026-04-23,2026-05-07,Air India and Air India Express,1,885,GAU,2 Weeks,April,2026-04-06T01:58:32.204796
"Niseko, Japan",787.0,787.0,0.0,https://encrypted-tbn0.gstatic.com/images?q=tbn:ANd9GcRF7wdJWoE22_Ai99rtZ7hjcWVIp65xTxNoA1-WBleQknbJwrCZRAi_Mk_xp720dO7R7O0VWM2ILl-qKWXESGCxtRNFgJE-m-HdGwrlxw,2026-04-12,2026-04-26,Cathay Pacific,1,755,CTS,2 Weeks,April,2026-04-06T01:58:32.204799
"Almaty, Kazakhstan",1146.0,1179.0,-33.0,https://encrypted-tbn2.gstatic.com/images?q=tbn:ANd9GcR8iDoh59ddyzKl4KpDTbZMB5nZzWIzPoHXHEhF6j5LF-er9e4arKtTln2lYA-WuD2Z23ZsHkv3IaTY8X4k7_H0sz7pZENVvOOpEEYVqA,2026-04-27,2026-05-11,Thai AirAsia and Thai AirAsia X,1,750,ALA,2 Weeks,April,2026-04-06T01:58:32.204801
"Guam, Guam",775.0,775.0,0.0,https://encrypted-tbn2.gstatic.com/images?q=tbn:ANd9GcTuOFnrHa29K1tpqiPQklQESCCKp3f-FzHa53cUPpXN1fLNxBqzixLAbuWT60pbd7ARYOKKnNlHkSWX7ZK6YnEyD7CALkdWcBFLTcNWIw,2026-04-09,2026-04-22,Philippine Airlines,1,975,GUM,2 Weeks,April,2026-04-06T01:58:32.204803
"Tehran, Iran",2224.0,2224.0,0.0,https://encrypted-tbn3.gstatic.com/images?q=tbn:ANd9GcSE4XzJ3-jox0HepD9O5KomPQPnuWx3ClgVoliBalJu3shkAEawZWYi-M4YltQCNIzSMcKVSDWIXucwru13GOVroOYQmrDyLJXemqgOsw,2026-04-30,2026-05-13,Emirates and flydubai,1,2185,IKA,2 Weeks,April,2026-04-06T01:58:32.204805
"Harbin, China",512.0,512.0,0.0,https://encrypted-tbn2.gstatic.com/images?q=tbn:ANd9GcR_MvPBNPJRk-TEMtrt8B_sIPMp92xYO42dahjcu0DxdK4F66B0rsb64v3pXLOHINO5t9aBZpbKBmHOyvLO3vOdgKa6uK86bxFgkbX2Rw,2026-04-30,2026-05-13,Shenzhen,1,650,HRB,2 Weeks,April,2026-04-06T01:58:32.204808
"Isfahan, Iran",2224.0,2224.0,0.0,https://encrypted-tbn1.gstatic.com/images?q=tbn:ANd9GcQwakxOitW8qCd-ni_IJjGONuLvWsVBR7rBET6-YCURz2311yI6ijeKgu8Oe3FsvU9mMUpcQj-oFf1Gpkcchug6yKOuFNeoBfZyPvXW3w,2026-04-30,2026-05-13,Emirates and flydubai,1,2185,IKA,2 Weeks,April,2026-04-06T01:58:32.204813
"Issyk Kul, Kyrgyzstan",1146.0,1179.0,-33.0,https://encrypted-tbn0.gstatic.com/images?q=tbn:ANd9GcQDqLw0IWmVH11kyhh3ObcxYz5CmojvvYLlZDO2Ce_HdyewWrz_23BNsNt-RY463jE2YcjeCNoPPHhuv04pWUqf57iN5Knpc99fCpNHQA,2026-04-27,2026-05-11,Thai AirAsia and Thai AirAsia X,1,750,ALA,2 Weeks,April,2026-04-06T01:58:32.204816
"Hong Kong, Hong Kong",383.0,383.0,0.0,https://encrypted-tbn1.gstatic.com/images?q=tbn:ANd9GcTd4giZUOnVkLOK19qE-hoKaexrOb1lLvZOn_lzXx6X39chZYcKOZIlG92b-8CwcwsYWc8P53FjOTPh8YHr2wbh_ORXoEs2OLBTPE3kzw,2026-05-08,2026-05-11,Royal Brunei,1,2410,HKG,Weekend,May,2026-04-06T01:58:33.659793
"Federal Territory of Kuala Lumpur, Malaysia",134.0,134.0,0.0,https://encrypted-tbn3.gstatic.com/images?q=tbn:ANd9GcQQIk1ExRSHJSg0CA3pM6ISxhFBQVZJ7iNmv02par-cAbKXlYKgy5PyTpGtQT33xTsdoO0dFIXrLwxWqlAmtUcQD7cziyQYbCZ55yo55Q,2026-05-16,2026-05-18,AirAsia,0,70,KUL,Weekend,May,2026-04-06T01:58:33.659806
"Bangkok, Thailand",258.0,258.0,0.0,https://encrypted-tbn3.gstatic.com/images?q=tbn:ANd9GcTPIoqStMvXXTYbUQSylJYyWjY5HYM1GX-AALOOPHhXdXZDY56SSslLQDDkdhOxRX31c8qW7XFzS5zSEG6PGhEhGzxEbzyUYrqVxP_mBg,2026-05-21,2026-05-24,Scoot,0,155,BKK,Weekend,May,2026-04-06T01:58:33.659810
"Hanoi, Vietnam",320.0,320.0,0.0,https://encrypted-tbn2.gstatic.com/images?q=tbn:ANd9GcTh-Ne26gTyuHsN2ZHc-hQy1CJQ2ipECMiZPX8oGOu9Gw2plYSgbGAHFY4M4Eqls6MLlm3xgJf4uKpU0FRcZaKySylwTv73Ej3oD5pwEQ,2026-05-21,2026-05-25,Scoot,0,205,HAN,Weekend,May,2026-04-06T01:58:33.659814
"Ho Chi Minh City, Vietnam",224.0,224.0,0.0,https://encrypted-tbn0.gstatic.com/images?q=tbn:ANd9GcRrJKZk1BiYhZ3mY3euABvLxDIBukBw5gmGkEhkLqxNVGRjU8fVETFnNMHQIvPummF_6pB1XJ3tWE5VN7coLGd63VogrXcGfgf569shwA,2026-05-21,2026-05-25,Scoot,0,135,SGN,Weekend,May,2026-04-06T01:58:33.659817
"Tokyo, Japan",478.0,478.0,0.0,https://encrypted-tbn3.gstatic.com/images?q=tbn:ANd9GcRiqAYuTkGrtxMazhSpAJve9ZzWSTvJ8xFHSX2ih6rQEoYgDOw0Aey3IBJh7-QF38k1xmhOiFoVXd8u5V1ip4G05Aprq0q6HulopWyM5A,2026-05-21,2026-05-25,Scoot,1,570,NRT,Weekend,May,2026-04-06T01:58:33.659821
"Mumbai, India",311.0,311.0,0.0,https://encrypted-tbn1.gstatic.com/images?q=tbn:ANd9GcTRRckp8mseYnYQ7l8HELq1GoFqwH1zksN3R-F36DAYjcG5Vt5RRGV-jd25K06kaNDTLkxXdzk0QUW09L6kHJOKEQg3Txbhyf9_10ZiXg,2026-05-29,2026-05-31,Air India,0,340,BOM,Weekend,May,2026-04-06T01:58:33.659824
"New Delhi, India",345.0,345.0,0.0,https://encrypted-tbn0.gstatic.com/images?q=tbn:ANd9GcSl_0QJXM0LcbhkFClbfILfC8ZiSCyO5XZpO0iSG1vfJg82v_FHjLXKSHs4cuyhvv4qL9jHKtP8ejqB62ObqFIQDnc3TDNCBAKM57ywZQ,2026-05-21,2026-05-25,Air India and Air India Express,1,365,DEL,Weekend,May,2026-04-06T01:58:33.659827
"Dubai, United Arab Emirates",568.0,568.0,0.0,https://encrypted-tbn2.gstatic.com/images?q=tbn:ANd9GcS8I-qzYsk8MfqbtG7XZriHCE-pfBAmDIEitgTNi6pkd4ydYfON7ave6PO0r4SphWZcLjoAZuDchjD45415sUjceoYWW2iZuva8SQ9Spg,2026-05-07,2026-05-10,Gulf Air,1,690,DXB,Weekend,May,2026-04-06T01:58:33.659830
"Kyoto, Japan",440.0,440.0,0.0,https://encrypted-tbn2.gstatic.com/images?q=tbn:ANd9GcQtOVcFjC9WqGv4M70NBscJETxCioVhaxdDOixuut8dt708uPIEgFT53Jq9zXHfI6sAOAWzmyAXmctAP52yFO2Cgwinfa9tIJlulmeR_g,2026-05-14,2026-05-18,Peach Aviation,0,400,KIX,Weekend,May,2026-04-06T01:58:33.659834
"Chiang Mai, Thailand",304.0,304.0,0.0,https://encrypted-tbn2.gstatic.com/images?q=tbn:ANd9GcTWkJDtb_3dOVc83TPKcKR6rRyKwp9M0n4vxVyFLuQ4ptiBf2FOEvVCTgmNI6dA6yLD85h9dhQ--u0VJsMWDGNwsAE013NEUxXHaHt00w,2026-05-09,2026-05-11,Scoot,0,185,CNX,Weekend,May,2026-04-06T01:58:33.659837
"Jaipur, India",407.0,407.0,0.0,https://encrypted-tbn2.gstatic.com/images?q=tbn:ANd9GcRHqyQ66crs-roykYQYxDmWP5W5OJrHQTXbb44A5zWulqxTZqTHGy2hBSBr8d_dU8AQ4qFU-hzSZNSDGh8MhIgg3DyUUeXB0f3QkYRhpw,2026-05-29,2026-05-31,Air India and Air India Express,1,960,JAI,Weekend,May,2026-04-06T01:58:33.659840
"Phuket, Thailand",157.0,157.0,0.0,https://encrypted-tbn3.gstatic.com/images?q=tbn:ANd9GcTiBNj9z2Tf0lnw1uff6ooYy7liuVrHON7xT0xwWMJJWj3t4puxffP6RFtMin9PMz2RmGh6hiBIzk-1EGPwdS0BTJqDV9Dc_nMu3U5NQA,2026-05-21,2026-05-25,Scoot,0,120,HKT,Weekend,May,2026-04-06T01:58:33.659843
"Seoul, South Korea",326.0,326.0,0.0,https://encrypted-tbn0.gstatic.com/images?q=tbn:ANd9GcSGy4LggtmRKCw-VDM7sZj2JVAI9kZiAlSkcki4ZP7jzUeqZlOBfwDo0IH5E2Xksu0CgoBvjpPlWiH4g5dXne5aQ5Iy4S01_z3bJg47cQ,2026-05-07,2026-05-11,"AirAsia, AirAsia X, and Scoot",1,520,ICN,Weekend,May,2026-04-06T01:58:33.659846
"Beijing, China",371.0,371.0,0.0,https://encrypted-tbn1.gstatic.com/images?q=tbn:ANd9GcR6R3TE9LrMLUM8It2c4f4zpNHzm3U-Peq5u7VO4V6QKrFk0vcJi5BJqLmmSuBNCoOTLy0XsoAmhFwqm2sUijEusLJoXjMkTWCWUiNOcw,2026-05-02,2026-05-04,XiamenAir and Hebei Airlines,1,555,PKX,Weekend,May,2026-04-06T01:58:33.659849
"Goa, India",415.0,415.0,0.0,https://encrypted-tbn1.gstatic.com/images?q=tbn:ANd9GcTO_bUFJ2hIpNKQP021IDGX5_9DjDgvZKtkIrDVxwM0u4I5OAp1Iax4_EW6hoaO9NUW0KWgILohWKKZLG9XzbzfZkpeonIKw3VgPDT5tQ,2026-05-02,2026-05-04,Air India and Air India Express,1,695,GOI,Weekend,May,2026-04-06T01:58:33.659852
"Osaka, Japan",440.0,440.0,0.0,https://encrypted-tbn3.gstatic.com/images?q=tbn:ANd9GcQ4taqtiRvr48l49Sh_f8rfRxj-enava5SmEA0s6U_pWeh7BW8eHOvOFczJy-B5oH6n3Wu-KNzT4A-NY_SzrseToTfHLKVhkr-mWGLWIA,2026-05-14,2026-05-18,Peach Aviation,0,400,KIX,Weekend,May,2026-04-06T01:58:33.659855
"Shanghai, China",347.0,347.0,0.0,https://encrypted-tbn2.gstatic.com/images?q=tbn:ANd9GcTujsAS0i3-zbeimLQQ8RJnTX80xFZm7VnTsswhTD6W1aHQZWxzA7pNb0BMAVpelCNQq3SEx1592gylHw,2026-05-01,2026-05-04,Spring,0,335,PVG,Weekend,May,2026-04-06T01:58:33.659859
Hội An,326.0,326.0,0.0,https://encrypted-tbn3.gstatic.com/images?q=tbn:ANd9GcRRNok0jp9TQx-QJc8bQnN2ksLZePNr89SdiNSiwUwpXKh0aVOnLPThIeJfqztwgB97XWeFuxC9lhG0DimISpDGn4Hfkm_wLNu4dl340A,2026-05-09,2026-05-11,Scoot,0,170,DAD,Weekend,May,2026-04-06T01:58:33.659862
"Bengaluru, India",454.0,454.0,0.0,https://encrypted-tbn2.gstatic.com/images?q=tbn:ANd9GcRRnVQMArN8G30p02VM6n18fD9LS-EXlKYRbJfv6CPLwRZ9C2wXHGXWsl6OOG5ubeHraoTiiKbSaBZnb2O3B02YbhgEtC8m9xRxgPwGfQ,2026-05-07,2026-05-11,IndiGo,0,270,BLR,Weekend,May,2026-04-06T01:58:33.659866
"Hạ Long Bay, Vietnam",320.0,320.0,0.0,https://encrypted-tbn0.gstatic.com/images?q=tbn:ANd9GcQdH7xkaOku2D4UGiEtbegMDLIWszqsJrVB-XkpO13CqXswYGnUUFMgsO4uFwTrf0y8EAbVZJI4A0eo4UHbgxYiQFIDVb-zsz70Dt0OOg,2026-05-21,2026-05-25,Scoot,0,205,HAN,Weekend,May,2026-04-06T01:58:33.659869
"Abu Dhabi, United Arab Emirates",568.0,568.0,0.0,https://encrypted-tbn2.gstatic.com/images?q=tbn:ANd9GcTwBpYbpnuaEurTOeQbgYJzxk3uOAjB7bRvnTetkMlsdPqKciAFtLJswZmMHWpVhkLeEbJZCCZwoXaQ5D4aSc9sT4I-yBQBrT3r5vSWtA,2026-05-07,2026-05-10,Gulf Air,1,1160,AUH,Weekend,May,2026-04-06T01:58:33.659873
"Chennai, India",359.0,359.0,0.0,https://encrypted-tbn3.gstatic.com/images?q=tbn:ANd9GcT8jGx4Oe7gOIT3dSF0FgoYzjECbwXYCIq6g0sMhY30kkZu5ThtcjZeZrIwVErtNu0yP-R_6Fgzt1BlhFJgF4nE0Cxoy4q_LrB5mHM6_A,2026-05-08,2026-05-11,Scoot,0,240,MAA,Weekend,May,2026-04-06T01:58:33.659876
"Varanasi, India",501.0,501.0,0.0,https://encrypted-tbn2.gstatic.com/images?q=tbn:ANd9GcRg1OmvYJVmJRkkH48WQY4LvYje4OuiXjLle-GS5PpRg-nonn9JC3CvB7HFko6WDkJnbxLL2s8j9VJf3XEWtJjx9xwADzwK_XzESUnUsA,2026-05-21,2026-05-25,Air India and Air India Express,1,815,VNS,Weekend,May,2026-04-06T01:58:33.659880
"Udaipur, India",466.0,467.0,-1.0,https://encrypted-tbn3.gstatic.com/images?q=tbn:ANd9GcSDElWaJCFOU4Y_U3X_1eUQsKG7FBPTiC6ZjgywBhr-NVfC9MscjNzDtVWHXcZxqrvrg6doXFJ3HtKk7f7vlZEBRljFcaKQrvdT1Lfn8Q,2026-05-14,2026-05-17,Air India,1,2000,UDR,Weekend,May,2026-04-06T01:58:33.659883
"Agra, India",345.0,345.0,0.0,https://encrypted-tbn2.gstatic.com/images?q=tbn:ANd9GcQI0YQv8yflL3rak3GIymC_IQPCnsI79bxC_lkZZonTDvjgQT1rNO7yJFilB65Gezf2VFQaf9yZ_h8HiA,2026-05-21,2026-05-25,Air India and Air India Express,1,365,DEL,Weekend,May,2026-04-06T01:58:33.659886
"Ko Samui, Thailand",385.0,385.0,0.0,https://encrypted-tbn0.gstatic.com/images?q=tbn:ANd9GcQ5VBzIPEfByKaFwNzikHD-kPxvUCXDQnYSeSf5xfsIeLO82X1NYZAjeCuuPKR2bV5qteuV8eJwTlrqba9OPo7suR-eLdKQb1P0WeM74A,2026-05-14,2026-05-18,Scoot,0,105,USM,Weekend,May,2026-04-06T01:58:33.659890
"Kolkata, India",511.0,511.0,0.0,https://encrypted-tbn1.gstatic.com/images?q=tbn:ANd9GcQkqRm0hB0I1L_Wd8J2SnHNwKFZT4kXBUBpwALXSPcPiN3P3c_WpHKIiaKVq1Y3OxMKtVX086O0hVbNFgQnycWMKjv8QwffmoMgidSS2Q,2026-05-22,2026-05-25,Air India and AirAsia,1,640,CCU,Weekend,May,2026-04-06T01:58:33.659893
"Taipei City, Taiwan",248.0,248.0,0.0,https://encrypted-tbn3.gstatic.com/images?q=tbn:ANd9GcQXLhb-ghDjmkIYAVvdu4F0jxICbcNjvay2bPLvj8Hp1u_uQKcabDV_PEHWzUdFw6H1BPMdXV5ahY-NuEBcv5y050siHU3OyxbnIrgwfg,2026-05-14,2026-05-17,Scoot,0,285,TPE,Weekend,May,2026-04-06T01:58:33.659897
"Kochi, India",417.0,417.0,0.0,https://encrypted-tbn3.gstatic.com/images?q=tbn:ANd9GcTPv3xu1wWA_PiElguRprW5LXIiyk1swUyWnl2QBNczqNvHpUCVW0j4KU7r7TduEUBjZLEgF1r2LndBwX3sPX83Xs2BTqGidMf9Wb4X7w,2026-05-15,2026-05-18,IndiGo and AirAsia,1,500,COK,Weekend,May,2026-04-06T01:58:33.659900
"Kathmandu, Nepal",668.0,668.0,0.0,https://encrypted-tbn0.gstatic.com/images?q=tbn:ANd9GcT78awjGv8SH4zFojoNUasAJqCxFPYe5qPHDvKUhH54AJ48YS8N1M9idwAQkN9fOXSnaMT2Rb5XpFn5tN3eT-3_sfEtXzetNBogSwD10g,2026-05-29,2026-06-01,Air India,1,555,KTM,Weekend,May,2026-04-06T01:58:33.659903
"Manila, Philippines",350.0,350.0,0.0,https://encrypted-tbn3.gstatic.com/images?q=tbn:ANd9GcRr9zUtKyDotaE-xA4DBVzZeavqk4R9wcvHmPGhQaJYfJO42GbiiIxaklB54UPajj9Fb2NgEdnVKsjvVPiBUWLwL4ShNsl8GI51yhA3MQ,2026-05-28,2026-06-01,Scoot,0,230,MNL,Weekend,May,2026-04-06T01:58:33.659907
"Bahrain, Bahrain",897.0,897.0,0.0,https://encrypted-tbn2.gstatic.com/images?q=tbn:ANd9GcSV-vcI5g_BSfRsSLESsjQeatxt7gtRek4JeffV42nrl5WMmzv4CM01xYgIecZb8062y259TXOBwtIRf3oxl-QQmui-tpQaPs-3yLaarQ,2026-05-07,2026-05-10,Gulf Air,0,485,BAH,Weekend,May,2026-04-06T01:58:33.659910
"Macao, Macao",435.0,435.0,0.0,https://encrypted-tbn1.gstatic.com/images?q=tbn:ANd9GcQSqvJMa-Boc6alR19GIwxB5x8fz6SLMX4U07VIkUBrXrHUId6y7gaY5UM0NjSMQ8dxCMqaO-Vb6NcCcpDkTJWIL-bb7VqXfHxBqGdPBQ,2026-05-02,2026-05-04,XiamenAir and Scoot,1,245,MFM,Weekend,May,2026-04-06T01:58:33.659914
"Hyderabad, India",465.0,465.0,0.0,https://encrypted-tbn0.gstatic.com/images?q=tbn:ANd9GcS3lpOwI2CRkpJjacFXUmD9pyCXeZ-MP0UNVoSY-ZINyBSXwarclu3H5KLBmgmXLMvZ8CFEPC_CTn9MxVN2fSbIBcOTsu-WSQuxa1tkvQ,2026-05-09,2026-05-11,IndiGo,1,275,HYD,Weekend,May,2026-04-06T01:58:33.659917
"Da Nang, Vietnam",326.0,326.0,0.0,https://encrypted-tbn0.gstatic.com/images?q=tbn:ANd9GcRY7AI9sBPAD8WaK_I7CMw80ft40TqnRp1EjFdp9GnRDSxju7-F8tl-8bCJnT0Wdb16UIVE-GplpFzGlWkWlV9HQ_ABPTCatv79wUf_ww,2026-05-09,2026-05-11,Scoot,0,170,DAD,Weekend,May,2026-04-06T01:58:33.659920
"Shimla, India",345.0,345.0,0.0,https://encrypted-tbn1.gstatic.com/images?q=tbn:ANd9GcRmVtZCspa49qA-VRdGwLUuhCYbfJl99rU2w1Dr_PWQ3xiGSYx9VEXsN9QQ4eU8ASsCrKZe-uXEhGKoWavjil_p5W2zaaBuI22CrttqxA,2026-05-21,2026-05-25,Air India and Air India Express,1,365,DEL,Weekend,May,2026-04-06T01:58:33.659924
"Phi Phi Islands, Thailand",150.0,150.0,0.0,https://encrypted-tbn0.gstatic.com/images?q=tbn:ANd9GcRNzFqylUFfDPlSFl6ftR_AaTDgRKnsnWELQ1AhaG8PoviVYfUBfL58bO2mI4nquyKwQLjH5nBD0o6jPu4wuLM7OfrGuryPm0fGnejIAw,2026-05-14,2026-05-18,Firefly and Scoot,1,125,KBV,Weekend,May,2026-04-06T01:58:33.659927
"Rishikesh, India",345.0,345.0,0.0,https://encrypted-tbn0.gstatic.com/images?q=tbn:ANd9GcQfnGK9xvCgM7SqaGAnrr-_xe7z2ObRVdDcCHEZvvCJmJvfPigk-FXOPJhBuaMZ11zbtVGZf7GaxmCkvgDB0PLXsaQ2WySPT5Fcf09Faw,2026-05-21,2026-05-25,Air India and Air India Express,1,365,DEL,Weekend,May,2026-04-06T01:58:33.659930
"Manali, India",345.0,345.0,0.0,https://encrypted-tbn2.gstatic.com/images?q=tbn:ANd9GcScenrP6gjGb22lYsm8hjewD2rWHNXHj5hgZhSH4EXtFQ9vluathDHuGxcS18s0x2hP3XoltAmZURaN8WbSwwbatRsnz2MFZ0ZwVnW8VQ,2026-05-21,2026-05-25,Air India and Air India Express,1,365,DEL,Weekend,May,2026-04-06T01:58:33.659934
"Jodhpur, India",406.0,406.0,0.0,https://encrypted-tbn0.gstatic.com/images?q=tbn:ANd9GcT8rBuapOqnIZRswSHWgHMRjC4gzYc6DE1yL1Z1ztSjcpHalJq26yGPgeI_ULnxNPCfK3LMV0Pj6xjeJh5akRjEUMHFxuGqEEiOou58Nw,2026-05-01,2026-05-04,Air India,1,1830,JDH,Weekend,May,2026-04-06T01:58:33.659937
"Munnar, India",417.0,417.0,0.0,https://encrypted-tbn3.gstatic.com/images?q=tbn:ANd9GcRqTHPBvoWmkwj7azYfSnX-4D9m7HpvFFq2vilhEa-17FM8zY0YvpGbpPe8I3_sHgpMYKqd9FSkuFtZWe9eOFGaLBeC3_i-qhxMPS2ZZQ,2026-05-15,2026-05-18,IndiGo and AirAsia,1,500,COK,Weekend,May,2026-04-06T01:58:33.659941
"Phú Quốc, Vietnam",354.0,354.0,0.0,https://encrypted-tbn3.gstatic.com/images?q=tbn:ANd9GcRGbWm0uqKOR9KmPBYMR8hSZRHOxqckm3gbBrinJy7yZfDpfAegfGEqPlX_NwjVJTCCRKnQ4hy7zd_tVOyEs6jNZ5fStfBDzeOslyEDoQ,2026-05-08,2026-05-11,Scoot and Vietjet,0,120,PQC,Weekend,May,2026-04-06T01:58:33.659944
"Ranthambore National Park, India",407.0,407.0,0.0,https://encrypted-tbn1.gstatic.com/images?q=tbn:ANd9GcSxrL0gNEqLJpancU8CANYgSjKoKEt_XeO5-xtU4ORG0m7IeWEhcCeab50BDvUMimSAhhiDtirU0aL_8w7CiKJslV3QM7voc7SLfRNUXA,2026-05-29,2026-05-31,Air India and Air India Express,1,960,JAI,Weekend,May,2026-04-06T01:58:33.659948
"Colombo, Sri Lanka",352.0,352.0,0.0,https://encrypted-tbn3.gstatic.com/images?q=tbn:ANd9GcTCalYZRVLcftWCfdfjEucymsOsqadi9yimDG5NMHv6E53eNTkw3p5ze8wn7ynj7bthi5fSNd5TBC6kKSotrDYrF-RE3IV18bj2oW5xIA,2026-05-21,2026-05-24,AirAsia,1,340,CMB,Weekend,May,2026-04-06T01:58:33.659952
"Puducherry, India",359.0,359.0,0.0,https://encrypted-tbn0.gstatic.com/images?q=tbn:ANd9GcSvFZF57d-2KCNUh2lGz_SpRX0BslRnbMeUh2sb9KCiupngoHKO-0XUl8KYr7aeQZe6FlJIbLdal0LuVroiG9Wi180UtMpxG6Jxk-ytPQ,2026-05-08,2026-05-11,Scoot,0,240,MAA,Weekend,May,2026-04-06T01:58:33.659956
"Sapporo, Japan",769.0,769.0,0.0,https://encrypted-tbn0.gstatic.com/images?q=tbn:ANd9GcR4AM45jXa1psI2Z1sNxUR2XylT_5MPK1SHculUYedH63c7x8IHbBm5vDFctSbaXhn0_6bbNf6i86ZYpVuYBbEH4GveYpJzK-y7SINH1w,2026-05-14,2026-05-17,Scoot,1,595,CTS,Weekend,May,2026-04-06T01:58:33.659961
"Chengdu, China",375.0,375.0,0.0,https://encrypted-tbn3.gstatic.com/images?q=tbn:ANd9GcQY8DLeWQH982m5yXijXncNnKja_WtNJL9izzPLuwIjs4fWdKIGLfaVUBaXr3YLnyDVrv4RYKWVibM84S-hp3UpCGr78L0YycX0BZjRTw,2026-05-01,2026-05-03,XiamenAir,1,1175,TFU,Weekend,May,2026-04-06T01:58:33.659964
"Xi'An, China",375.0,375.0,0.0,https://encrypted-tbn3.gstatic.com/images?q=tbn:ANd9GcQlRRbLPcoitY2Dl9reXFIK_MTRgheCZMFkITdRumAZOoaWoPWH17MmpII3EMgCWZiqCnsu-ROsf2sFp9iSCYUPddP48tSGXwzfALtqvA,2026-05-02,2026-05-04,XiamenAir,1,595,XIY,Weekend,May,2026-04-06T01:58:33.659968
"Boracay, Philippines",576.0,576.0,0.0,https://encrypted-tbn2.gstatic.com/images?q=tbn:ANd9GcSWVEP-f4Tsv9itb6e5PrsSbMRzn1pCVXoPAN7uzJJb3pMDQfBH4KRylRfEcwRrRrkfkye1AZFE9payFqm1xehM0rWmEcZsd2t1jrRgsQ,2026-05-21,2026-05-25,Philippine Airlines,1,410,MPH,Weekend,May,2026-04-06T01:58:33.659971
"Cebu City, Philippines",401.0,401.0,0.0,https://encrypted-tbn0.gstatic.com/images?q=tbn:ANd9GcRQkSFnL8j_JnNZIPer-g9BJfnnRj2BME3jwdM8u2pdZX5SMMAE6rz0Hghh-cgEA9re1JDSt3XMQWLcIHPANBsJgId_suPx16yEH4yKOA,2026-05-21,2026-05-25,Cebu Pacific,0,235,CEB,Weekend,May,2026-04-06T01:58:33.659974
"Kaziranga National Park, India",443.0,443.0,0.0,https://encrypted-tbn1.gstatic.com/images?q=tbn:ANd9GcQDBQ8gOfMM5IwB9Kv4SMGtY_VPTDN01t38twMZQ4jvK04wX5tThshiljXNBOmn9R1pWAUQanV96n0LiujQ0L_2pHnHCpEZsWJr0pU7HA,2026-05-14,2026-05-18,Air India and Air India Express,1,885,GAU,Weekend,May,2026-04-06T01:58:33.659978
"Guwahati, India",443.0,443.0,0.0,https://encrypted-tbn0.gstatic.com/images?q=tbn:ANd9GcSTNDJXSuGok1AmlZ2jJpvD_mzuF2s44iPPLEb27hyvOHBabF44H_oKWPTzHate__CBMAUXcvjMHojIKzvNCWdjG_BtKZSHWQXcb3rYuA,2026-05-14,2026-05-18,Air India and Air India Express,1,885,GAU,Weekend,May,2026-04-06T01:58:33.659982
"Tashkent, Uzbekistan",901.0,901.0,0.0,https://encrypted-tbn2.gstatic.com/images?q=tbn:ANd9GcQA8i7cAg_5GT78C0ciF1cM-ly6BiS_ojUVXMMr6drRYdStr40B90277pTgsMCGul1IEbR6ZDAc4atr4D6HN9laieRaaJeaT3hmLsKqBg,2026-05-15,2026-05-18,"AirAsia, AirAsia X, and Batik Air",1,740,TAS,Weekend,May,2026-04-06T01:58:33.659986
"Niseko, Japan",769.0,769.0,0.0,https://encrypted-tbn0.gstatic.com/images?q=tbn:ANd9GcRF7wdJWoE22_Ai99rtZ7hjcWVIp65xTxNoA1-WBleQknbJwrCZRAi_Mk_xp720dO7R7O0VWM2ILl-qKWXESGCxtRNFgJE-m-HdGwrlxw,2026-05-14,2026-05-17,Scoot,1,595,CTS,Weekend,May,2026-04-06T01:58:33.659990
"Almaty, Kazakhstan",958.0,958.0,0.0,https://encrypted-tbn2.gstatic.com/images?q=tbn:ANd9GcR8iDoh59ddyzKl4KpDTbZMB5nZzWIzPoHXHEhF6j5LF-er9e4arKtTln2lYA-WuD2Z23ZsHkv3IaTY8X4k7_H0sz7pZENVvOOpEEYVqA,2026-05-07,2026-05-11,"AirAsia, AirAsia X, Thai AirAsia, and Thai AirAsia X",1,620,ALA,Weekend,May,2026-04-06T01:58:33.659993
"Guam, Guam",775.0,775.0,0.0,https://encrypted-tbn2.gstatic.com/images?q=tbn:ANd9GcTuOFnrHa29K1tpqiPQklQESCCKp3f-FzHa53cUPpXN1fLNxBqzixLAbuWT60pbd7ARYOKKnNlHkSWX7ZK6YnEyD7CALkdWcBFLTcNWIw,2026-05-14,2026-05-18,Philippine Airlines,1,710,GUM,Weekend,May,2026-04-06T01:58:33.659997
"Tehran, Iran",1440.0,1440.0,0.0,https://encrypted-tbn3.gstatic.com/images?q=tbn:ANd9GcSE4XzJ3-jox0HepD9O5KomPQPnuWx3ClgVoliBalJu3shkAEawZWYi-M4YltQCNIzSMcKVSDWIXucwru13GOVroOYQmrDyLJXemqgOsw,2026-05-07,2026-05-10,"Emirates, flydubai, and Malaysia Airlines",2,960,IKA,Weekend,May,2026-04-06T01:58:33.660001
"Ras Al-Khaimah, United Arab Emirates",568.0,568.0,0.0,https://encrypted-tbn3.gstatic.com/licensed-image?q=tbn:ANd9GcRqN2nkqrp4EWzuegpcggvlBSbOvCKgapKriR2tAvPupr4oZcQEJa0C8uqHFmikgu9K9VL66dVOzdwZB61x1yLnkiy5zMTNcx-7NoCuvA,2026-05-07,2026-05-10,Gulf Air,1,690,DXB,Weekend,May,2026-04-06T01:58:33.660005
"Harbin, China",499.0,499.0,0.0,https://encrypted-tbn2.gstatic.com/images?q=tbn:ANd9GcR_MvPBNPJRk-TEMtrt8B_sIPMp92xYO42dahjcu0DxdK4F66B0rsb64v3pXLOHINO5t9aBZpbKBmHOyvLO3vOdgKa6uK86bxFgkbX2Rw,2026-05-21,2026-05-24,Shenzhen,1,1130,HRB,Weekend,May,2026-04-06T01:58:33.660008
"Ulaanbaatar, Mongolia",841.0,910.0,-69.0,https://encrypted-tbn3.gstatic.com/images?q=tbn:ANd9GcQG0oMWF9H5cvBuRMc1phyW4DGIc3S1ZIRFEi4bS-9Ah2c3Co46HWv1_2zJ1tvvI65NTG8aEoXWTCclixETbnq0PNTGkXrnN9sz9iG0xg,2026-05-02,2026-05-04,Jeju Air,1,2150,UBN,Weekend,May,2026-04-06T01:58:33.660013
"Furano, Japan",732.0,732.0,0.0,https://encrypted-tbn2.gstatic.com/images?q=tbn:ANd9GcToxhNswMamZEIFMbN4ViNIJsOoa4oiFtq7c4e5-91uhu2Jn90OSbq0u5zR3i6o5nafcKScuhJqbJsDFUCz3feBEspB5AhViICZylm6aA,2026-05-14,2026-05-17,Jetstar and JAL,1,1760,AKJ,Weekend,May,2026-04-06T01:58:33.660019
"Issyk Kul, Kyrgyzstan",958.0,958.0,0.0,https://encrypted-tbn0.gstatic.com/images?q=tbn:ANd9GcQDqLw0IWmVH11kyhh3ObcxYz5CmojvvYLlZDO2Ce_HdyewWrz_23BNsNt-RY463jE2YcjeCNoPPHhuv04pWUqf57iN5Knpc99fCpNHQA,2026-05-07,2026-05-11,"AirAsia, AirAsia X, Thai AirAsia, and Thai AirAsia X",1,620,ALA,Weekend,May,2026-04-06T01:58:33.660022
"Asahikawa, Japan",732.0,732.0,0.0,https://encrypted-tbn2.gstatic.com/images?q=tbn:ANd9GcS0VqKQp5kcTlRC4ivn7m1K-O7wcMpVzC8dUZ1XU5NeI5AE8uYY9FQQG1l_nbbVdcA2ZVw6R_cydjdmi6UJBTkD6s84-qL6j1L0ppHZRw,2026-05-14,2026-05-17,Jetstar and JAL,1,1760,AKJ,Weekend,May,2026-04-06T01:58:33.660025
"Ürümqi, China",612.0,612.0,0.0,https://encrypted-tbn2.gstatic.com/images?q=tbn:ANd9GcQG7GdzgUFPXs__gKaBVRzQaJyESgnuqLvTQ2PKS1DtS6k70TghaCiYlvLODQcqYelNGewNj-hgj_pjCSM7n1Df_nnW-VeC8V0We0h8MQ,2026-05-15,2026-05-18,Shandong,2,1005,URC,Weekend,May,2026-04-06T01:58:33.660027
"Padang, Indonesia",201.0,201.0,0.0,https://encrypted-tbn3.gstatic.com/images?q=tbn:ANd9GcTDKL2EVQYGn6jKkf-kN_Rdm--pZIl3mnnwYSPeO8URaMSrnPVDbZRZO1nonj0WI2Z5L8nyBj7Jy5i5ERwaG24pySvVcU1OAwT7x1Wu2A,2026-05-16,2026-05-18,Scoot,0,75,PDG,Weekend,May,2026-04-06T01:58:33.660031
"Gorkhi Terelj National Park, Mongolia",841.0,910.0,-69.0,https://encrypted-tbn1.gstatic.com/images?q=tbn:ANd9GcRs_x--VIR1dafl4avf8s8m8flCHTx1toLHUv0UIkRJOqQDwiSLMgVvR7Hfv6y9hrDun52sIUrYRl_HhdPAXnHuZHjKef9kXZJycsNXmQ,2026-05-02,2026-05-04,Jeju Air,1,2150,UBN,Weekend,May,2026-04-06T01:58:33.660033
"Tokyo, Japan",437.0,437.0,0.0,https://encrypted-tbn3.gstatic.com/images?q=tbn:ANd9GcRiqAYuTkGrtxMazhSpAJve9ZzWSTvJ8xFHSX2ih6rQEoYgDOw0Aey3IBJh7-QF38k1xmhOiFoVXd8u5V1ip4G05Aprq0q6HulopWyM5A,2026-05-18,2026-05-26,Scoot,0,420,NRT,1 Week,May,2026-04-06T01:58:45.688155
"Hong Kong, Hong Kong",339.0,339.0,0.0,https://encrypted-tbn1.gstatic.com/images?q=tbn:ANd9GcTd4giZUOnVkLOK19qE-hoKaexrOb1lLvZOn_lzXx6X39chZYcKOZIlG92b-8CwcwsYWc8P53FjOTPh8YHr2wbh_ORXoEs2OLBTPE3kzw,2026-05-17,2026-05-25,Singapore Airlines,0,240,HKG,1 Week,May,2026-04-06T01:58:45.688173
"Seoul, South Korea",326.0,326.0,0.0,https://encrypted-tbn0.gstatic.com/images?q=tbn:ANd9GcSGy4LggtmRKCw-VDM7sZj2JVAI9kZiAlSkcki4ZP7jzUeqZlOBfwDo0IH5E2Xksu0CgoBvjpPlWiH4g5dXne5aQ5Iy4S01_z3bJg47cQ,2026-05-07,2026-05-13,"AirAsia, AirAsia X, and Scoot",1,520,ICN,1 Week,May,2026-04-06T01:58:45.688177
"Bangkok, Thailand",205.0,205.0,0.0,https://encrypted-tbn3.gstatic.com/images?q=tbn:ANd9GcTPIoqStMvXXTYbUQSylJYyWjY5HYM1GX-AALOOPHhXdXZDY56SSslLQDDkdhOxRX31c8qW7XFzS5zSEG6PGhEhGzxEbzyUYrqVxP_mBg,2026-05-17,2026-05-23,Scoot,0,155,BKK,1 Week,May,2026-04-06T01:58:45.688181
"Hanoi, Vietnam",259.0,259.0,0.0,https://encrypted-tbn2.gstatic.com/images?q=tbn:ANd9GcTh-Ne26gTyuHsN2ZHc-hQy1CJQ2ipECMiZPX8oGOu9Gw2plYSgbGAHFY4M4Eqls6MLlm3xgJf4uKpU0FRcZaKySylwTv73Ej3oD5pwEQ,2026-05-21,2026-05-28,Scoot,0,205,HAN,1 Week,May,2026-04-06T01:58:45.688185
"Ho Chi Minh City, Vietnam",200.0,200.0,0.0,https://encrypted-tbn0.gstatic.com/images?q=tbn:ANd9GcRrJKZk1BiYhZ3mY3euABvLxDIBukBw5gmGkEhkLqxNVGRjU8fVETFnNMHQIvPummF_6pB1XJ3tWE5VN7coLGd63VogrXcGfgf569shwA,2026-05-28,2026-06-04,Scoot,0,135,SGN,1 Week,May,2026-04-06T01:58:45.688189
"Mumbai, India",299.0,303.0,-4.0,https://encrypted-tbn1.gstatic.com/images?q=tbn:ANd9GcTRRckp8mseYnYQ7l8HELq1GoFqwH1zksN3R-F36DAYjcG5Vt5RRGV-jd25K06kaNDTLkxXdzk0QUW09L6kHJOKEQg3Txbhyf9_10ZiXg,2026-05-07,2026-05-13,Air India,0,340,BOM,1 Week,May,2026-04-06T01:58:45.688192
"New Delhi, India",360.0,329.0,31.0,https://encrypted-tbn0.gstatic.com/images?q=tbn:ANd9GcSl_0QJXM0LcbhkFClbfILfC8ZiSCyO5XZpO0iSG1vfJg82v_FHjLXKSHs4cuyhvv4qL9jHKtP8ejqB62ObqFIQDnc3TDNCBAKM57ywZQ,2026-05-14,2026-05-23,Air India,0,365,DEL,1 Week,May,2026-04-06T01:58:45.688196
"Federal Territory of Kuala Lumpur, Malaysia",107.0,107.0,0.0,https://encrypted-tbn3.gstatic.com/images?q=tbn:ANd9GcQQIk1ExRSHJSg0CA3pM6ISxhFBQVZJ7iNmv02par-cAbKXlYKgy5PyTpGtQT33xTsdoO0dFIXrLwxWqlAmtUcQD7cziyQYbCZ55yo55Q,2026-05-11,2026-05-19,AirAsia,0,65,KUL,1 Week,May,2026-04-06T01:58:45.688201
"Dubai, United Arab Emirates",568.0,568.0,0.0,https://encrypted-tbn2.gstatic.com/images?q=tbn:ANd9GcS8I-qzYsk8MfqbtG7XZriHCE-pfBAmDIEitgTNi6pkd4ydYfON7ave6PO0r4SphWZcLjoAZuDchjD45415sUjceoYWW2iZuva8SQ9Spg,2026-05-03,2026-05-09,Gulf Air,1,690,DXB,1 Week,May,2026-04-06T01:58:45.688204
"Kyoto, Japan",423.0,423.0,0.0,https://encrypted-tbn2.gstatic.com/images?q=tbn:ANd9GcQtOVcFjC9WqGv4M70NBscJETxCioVhaxdDOixuut8dt708uPIEgFT53Jq9zXHfI6sAOAWzmyAXmctAP52yFO2Cgwinfa9tIJlulmeR_g,2026-05-03,2026-05-12,Peach Aviation and Scoot,0,400,KIX,1 Week,May,2026-04-06T01:58:45.688207
"Chiang Mai, Thailand",287.0,287.0,0.0,https://encrypted-tbn2.gstatic.com/images?q=tbn:ANd9GcTWkJDtb_3dOVc83TPKcKR6rRyKwp9M0n4vxVyFLuQ4ptiBf2FOEvVCTgmNI6dA6yLD85h9dhQ--u0VJsMWDGNwsAE013NEUxXHaHt00w,2026-05-03,2026-05-09,Scoot,0,185,CNX,1 Week,May,2026-04-06T01:58:45.688210
"Jaipur, India",381.0,381.0,0.0,https://encrypted-tbn2.gstatic.com/images?q=tbn:ANd9GcRHqyQ66crs-roykYQYxDmWP5W5OJrHQTXbb44A5zWulqxTZqTHGy2hBSBr8d_dU8AQ4qFU-hzSZNSDGh8MhIgg3DyUUeXB0f3QkYRhpw,2026-05-04,2026-05-12,"Air India, Thai AirAsia, and Air India Express",1,960,JAI,1 Week,May,2026-04-06T01:58:45.688213
"Phuket, Thailand",151.0,151.0,0.0,https://encrypted-tbn3.gstatic.com/images?q=tbn:ANd9GcTiBNj9z2Tf0lnw1uff6ooYy7liuVrHON7xT0xwWMJJWj3t4puxffP6RFtMin9PMz2RmGh6hiBIzk-1EGPwdS0BTJqDV9Dc_nMu3U5NQA,2026-05-07,2026-05-14,Thai Lion Air,0,105,HKT,1 Week,May,2026-04-06T01:58:45.688216
"Beijing, China",392.0,392.0,0.0,https://encrypted-tbn1.gstatic.com/images?q=tbn:ANd9GcR6R3TE9LrMLUM8It2c4f4zpNHzm3U-Peq5u7VO4V6QKrFk0vcJi5BJqLmmSuBNCoOTLy0XsoAmhFwqm2sUijEusLJoXjMkTWCWUiNOcw,2026-05-01,2026-05-07,China Southern,1,925,PKX,1 Week,May,2026-04-06T01:58:45.688220
"Goa, India",395.0,391.0,4.0,https://encrypted-tbn1.gstatic.com/images?q=tbn:ANd9GcTO_bUFJ2hIpNKQP021IDGX5_9DjDgvZKtkIrDVxwM0u4I5OAp1Iax4_EW6hoaO9NUW0KWgILohWKKZLG9XzbzfZkpeonIKw3VgPDT5tQ,2026-05-18,2026-05-25,Air India and Air India Express,1,1250,GOI,1 Week,May,2026-04-06T01:58:45.688223
"Osaka, Japan",423.0,423.0,0.0,https://encrypted-tbn3.gstatic.com/images?q=tbn:ANd9GcQ4taqtiRvr48l49Sh_f8rfRxj-enava5SmEA0s6U_pWeh7BW8eHOvOFczJy-B5oH6n3Wu-KNzT4A-NY_SzrseToTfHLKVhkr-mWGLWIA,2026-05-03,2026-05-12,Peach Aviation and Scoot,0,400,KIX,1 Week,May,2026-04-06T01:58:45.688226
"Shanghai, China",347.0,347.0,0.0,https://encrypted-tbn2.gstatic.com/images?q=tbn:ANd9GcTujsAS0i3-zbeimLQQ8RJnTX80xFZm7VnTsswhTD6W1aHQZWxzA7pNb0BMAVpelCNQq3SEx1592gylHw,2026-05-01,2026-05-07,Spring,0,335,PVG,1 Week,May,2026-04-06T01:58:45.688229
Hội An,299.0,299.0,0.0,https://encrypted-tbn3.gstatic.com/images?q=tbn:ANd9GcRRNok0jp9TQx-QJc8bQnN2ksLZePNr89SdiNSiwUwpXKh0aVOnLPThIeJfqztwgB97XWeFuxC9lhG0DimISpDGn4Hfkm_wLNu4dl340A,2026-05-10,2026-05-19,AirAsia and Scoot,1,170,DAD,1 Week,May,2026-04-06T01:58:45.688233
"Bengaluru, India",425.0,425.0,0.0,https://encrypted-tbn2.gstatic.com/images?q=tbn:ANd9GcRRnVQMArN8G30p02VM6n18fD9LS-EXlKYRbJfv6CPLwRZ9C2wXHGXWsl6OOG5ubeHraoTiiKbSaBZnb2O3B02YbhgEtC8m9xRxgPwGfQ,2026-05-11,2026-05-20,IndiGo,0,270,BLR,1 Week,May,2026-04-06T01:58:45.688236
"Hạ Long Bay, Vietnam",259.0,259.0,0.0,https://encrypted-tbn0.gstatic.com/images?q=tbn:ANd9GcQdH7xkaOku2D4UGiEtbegMDLIWszqsJrVB-XkpO13CqXswYGnUUFMgsO4uFwTrf0y8EAbVZJI4A0eo4UHbgxYiQFIDVb-zsz70Dt0OOg,2026-05-21,2026-05-28,Scoot,0,205,HAN,1 Week,May,2026-04-06T01:58:45.688240
"Abu Dhabi, United Arab Emirates",568.0,568.0,0.0,https://encrypted-tbn2.gstatic.com/images?q=tbn:ANd9GcTwBpYbpnuaEurTOeQbgYJzxk3uOAjB7bRvnTetkMlsdPqKciAFtLJswZmMHWpVhkLeEbJZCCZwoXaQ5D4aSc9sT4I-yBQBrT3r5vSWtA,2026-05-03,2026-05-09,Gulf Air,1,735,AUH,1 Week,May,2026-04-06T01:58:45.688243
"Chennai, India",321.0,321.0,0.0,https://encrypted-tbn3.gstatic.com/images?q=tbn:ANd9GcT8jGx4Oe7gOIT3dSF0FgoYzjECbwXYCIq6g0sMhY30kkZu5ThtcjZeZrIwVErtNu0yP-R_6Fgzt1BlhFJgF4nE0Cxoy4q_LrB5mHM6_A,2026-05-17,2026-05-24,Scoot,0,240,MAA,1 Week,May,2026-04-06T01:58:45.688246
"Varanasi, India",445.0,461.0,-16.0,https://encrypted-tbn2.gstatic.com/images?q=tbn:ANd9GcRg1OmvYJVmJRkkH48WQY4LvYje4OuiXjLle-GS5PpRg-nonn9JC3CvB7HFko6WDkJnbxLL2s8j9VJf3XEWtJjx9xwADzwK_XzESUnUsA,2026-05-18,2026-05-25,Air India and Air India Express,1,815,VNS,1 Week,May,2026-04-06T01:58:45.688249
"Udaipur, India",495.0,495.0,0.0,https://encrypted-tbn3.gstatic.com/images?q=tbn:ANd9GcSDElWaJCFOU4Y_U3X_1eUQsKG7FBPTiC6ZjgywBhr-NVfC9MscjNzDtVWHXcZxqrvrg6doXFJ3HtKk7f7vlZEBRljFcaKQrvdT1Lfn8Q,2026-05-11,2026-05-17,Air India,1,585,UDR,1 Week,May,2026-04-06T01:58:45.688252
"Agra, India",360.0,329.0,31.0,https://encrypted-tbn2.gstatic.com/images?q=tbn:ANd9GcQI0YQv8yflL3rak3GIymC_IQPCnsI79bxC_lkZZonTDvjgQT1rNO7yJFilB65Gezf2VFQaf9yZ_h8HiA,2026-05-14,2026-05-23,Air India,0,365,DEL,1 Week,May,2026-04-06T01:58:45.688256
"Ko Samui, Thailand",346.0,346.0,0.0,https://encrypted-tbn0.gstatic.com/images?q=tbn:ANd9GcQ5VBzIPEfByKaFwNzikHD-kPxvUCXDQnYSeSf5xfsIeLO82X1NYZAjeCuuPKR2bV5qteuV8eJwTlrqba9OPo7suR-eLdKQb1P0WeM74A,2026-05-17,2026-05-26,Scoot,0,105,USM,1 Week,May,2026-04-06T01:58:45.688259
"Kolkata, India",423.0,421.0,2.0,https://encrypted-tbn1.gstatic.com/images?q=tbn:ANd9GcQkqRm0hB0I1L_Wd8J2SnHNwKFZT4kXBUBpwALXSPcPiN3P3c_WpHKIiaKVq1Y3OxMKtVX086O0hVbNFgQnycWMKjv8QwffmoMgidSS2Q,2026-05-02,2026-05-09,IndiGo,0,250,CCU,1 Week,May,2026-04-06T01:58:45.688262
"Taipei City, Taiwan",238.0,238.0,0.0,https://encrypted-tbn3.gstatic.com/images?q=tbn:ANd9GcQXLhb-ghDjmkIYAVvdu4F0jxICbcNjvay2bPLvj8Hp1u_uQKcabDV_PEHWzUdFw6H1BPMdXV5ahY-NuEBcv5y050siHU3OyxbnIrgwfg,2026-05-14,2026-05-20,Scoot,0,285,TPE,1 Week,May,2026-04-06T01:58:45.688265
"Kochi, India",417.0,417.0,0.0,https://encrypted-tbn3.gstatic.com/images?q=tbn:ANd9GcTPv3xu1wWA_PiElguRprW5LXIiyk1swUyWnl2QBNczqNvHpUCVW0j4KU7r7TduEUBjZLEgF1r2LndBwX3sPX83Xs2BTqGidMf9Wb4X7w,2026-05-17,2026-05-26,IndiGo and AirAsia,1,500,COK,1 Week,May,2026-04-06T01:58:45.688268
"Kathmandu, Nepal",643.0,643.0,0.0,https://encrypted-tbn0.gstatic.com/images?q=tbn:ANd9GcT78awjGv8SH4zFojoNUasAJqCxFPYe5qPHDvKUhH54AJ48YS8N1M9idwAQkN9fOXSnaMT2Rb5XpFn5tN3eT-3_sfEtXzetNBogSwD10g,2026-05-25,2026-06-02,Air India,1,590,KTM,1 Week,May,2026-04-06T01:58:45.688271
"Manila, Philippines",313.0,313.0,0.0,https://encrypted-tbn3.gstatic.com/images?q=tbn:ANd9GcRr9zUtKyDotaE-xA4DBVzZeavqk4R9wcvHmPGhQaJYfJO42GbiiIxaklB54UPajj9Fb2NgEdnVKsjvVPiBUWLwL4ShNsl8GI51yhA3MQ,2026-05-28,2026-06-04,Scoot,0,230,MNL,1 Week,May,2026-04-06T01:58:45.688274
"Bahrain, Bahrain",897.0,897.0,0.0,https://encrypted-tbn2.gstatic.com/images?q=tbn:ANd9GcSV-vcI5g_BSfRsSLESsjQeatxt7gtRek4JeffV42nrl5WMmzv4CM01xYgIecZb8062y259TXOBwtIRf3oxl-QQmui-tpQaPs-3yLaarQ,2026-05-03,2026-05-09,Gulf Air,0,485,BAH,1 Week,May,2026-04-06T01:58:45.688277
"Macao, Macao",469.0,469.0,0.0,https://encrypted-tbn1.gstatic.com/images?q=tbn:ANd9GcQSqvJMa-Boc6alR19GIwxB5x8fz6SLMX4U07VIkUBrXrHUId6y7gaY5UM0NjSMQ8dxCMqaO-Vb6NcCcpDkTJWIL-bb7VqXfHxBqGdPBQ,2026-05-10,2026-05-17,Hainan,1,520,MFM,1 Week,May,2026-04-06T01:58:45.688281
"Hyderabad, India",451.0,451.0,0.0,https://encrypted-tbn0.gstatic.com/images?q=tbn:ANd9GcS3lpOwI2CRkpJjacFXUmD9pyCXeZ-MP0UNVoSY-ZINyBSXwarclu3H5KLBmgmXLMvZ8CFEPC_CTn9MxVN2fSbIBcOTsu-WSQuxa1tkvQ,2026-05-14,2026-05-22,IndiGo,1,690,HYD,1 Week,May,2026-04-06T01:58:45.688285
"Da Nang, Vietnam",299.0,299.0,0.0,https://encrypted-tbn0.gstatic.com/images?q=tbn:ANd9GcRY7AI9sBPAD8WaK_I7CMw80ft40TqnRp1EjFdp9GnRDSxju7-F8tl-8bCJnT0Wdb16UIVE-GplpFzGlWkWlV9HQ_ABPTCatv79wUf_ww,2026-05-10,2026-05-19,AirAsia and Scoot,1,170,DAD,1 Week,May,2026-04-06T01:58:45.688288
"Shimla, India",360.0,329.0,31.0,https://encrypted-tbn1.gstatic.com/images?q=tbn:ANd9GcRmVtZCspa49qA-VRdGwLUuhCYbfJl99rU2w1Dr_PWQ3xiGSYx9VEXsN9QQ4eU8ASsCrKZe-uXEhGKoWavjil_p5W2zaaBuI22CrttqxA,2026-05-14,2026-05-23,Air India,0,365,DEL,1 Week,May,2026-04-06T01:58:45.688291
"Phi Phi Islands, Thailand",107.0,107.0,0.0,https://encrypted-tbn0.gstatic.com/images?q=tbn:ANd9GcRNzFqylUFfDPlSFl6ftR_AaTDgRKnsnWELQ1AhaG8PoviVYfUBfL58bO2mI4nquyKwQLjH5nBD0o6jPu4wuLM7OfrGuryPm0fGnejIAw,2026-05-10,2026-05-16,Firefly and Scoot,1,125,KBV,1 Week,May,2026-04-06T01:58:45.688295
"Rishikesh, India",360.0,329.0,31.0,https://encrypted-tbn0.gstatic.com/images?q=tbn:ANd9GcQfnGK9xvCgM7SqaGAnrr-_xe7z2ObRVdDcCHEZvvCJmJvfPigk-FXOPJhBuaMZ11zbtVGZf7GaxmCkvgDB0PLXsaQ2WySPT5Fcf09Faw,2026-05-14,2026-05-23,Air India,0,365,DEL,1 Week,May,2026-04-06T01:58:45.688298
"Manali, India",360.0,329.0,31.0,https://encrypted-tbn2.gstatic.com/images?q=tbn:ANd9GcScenrP6gjGb22lYsm8hjewD2rWHNXHj5hgZhSH4EXtFQ9vluathDHuGxcS18s0x2hP3XoltAmZURaN8WbSwwbatRsnz2MFZ0ZwVnW8VQ,2026-05-14,2026-05-23,Air India,0,365,DEL,1 Week,May,2026-04-06T01:58:45.688302
"Jodhpur, India",406.0,406.0,0.0,https://encrypted-tbn0.gstatic.com/images?q=tbn:ANd9GcT8rBuapOqnIZRswSHWgHMRjC4gzYc6DE1yL1Z1ztSjcpHalJq26yGPgeI_ULnxNPCfK3LMV0Pj6xjeJh5akRjEUMHFxuGqEEiOou58Nw,2026-05-01,2026-05-07,Air India,1,1830,JDH,1 Week,May,2026-04-06T01:58:45.688305
"Munnar, India",417.0,417.0,0.0,https://encrypted-tbn3.gstatic.com/images?q=tbn:ANd9GcRqTHPBvoWmkwj7azYfSnX-4D9m7HpvFFq2vilhEa-17FM8zY0YvpGbpPe8I3_sHgpMYKqd9FSkuFtZWe9eOFGaLBeC3_i-qhxMPS2ZZQ,2026-05-17,2026-05-26,IndiGo and AirAsia,1,500,COK,1 Week,May,2026-04-06T01:58:45.688308
"Phú Quốc, Vietnam",279.0,278.0,1.0,https://encrypted-tbn3.gstatic.com/images?q=tbn:ANd9GcRGbWm0uqKOR9KmPBYMR8hSZRHOxqckm3gbBrinJy7yZfDpfAegfGEqPlX_NwjVJTCCRKnQ4hy7zd_tVOyEs6jNZ5fStfBDzeOslyEDoQ,2026-05-10,2026-05-19,AirAsia and Vietjet,1,100,PQC,1 Week,May,2026-04-06T01:58:45.688312
"Ranthambore National Park, India",381.0,381.0,0.0,https://encrypted-tbn1.gstatic.com/images?q=tbn:ANd9GcSxrL0gNEqLJpancU8CANYgSjKoKEt_XeO5-xtU4ORG0m7IeWEhcCeab50BDvUMimSAhhiDtirU0aL_8w7CiKJslV3QM7voc7SLfRNUXA,2026-05-04,2026-05-12,"Air India, Thai AirAsia, and Air India Express",1,960,JAI,1 Week,May,2026-04-06T01:58:45.688315
"Colombo, Sri Lanka",352.0,352.0,0.0,https://encrypted-tbn3.gstatic.com/images?q=tbn:ANd9GcTCalYZRVLcftWCfdfjEucymsOsqadi9yimDG5NMHv6E53eNTkw3p5ze8wn7ynj7bthi5fSNd5TBC6kKSotrDYrF-RE3IV18bj2oW5xIA,2026-05-07,2026-05-13,AirAsia,1,340,CMB,1 Week,May,2026-04-06T01:58:45.688322
"Puducherry, India",321.0,321.0,0.0,https://encrypted-tbn0.gstatic.com/images?q=tbn:ANd9GcSvFZF57d-2KCNUh2lGz_SpRX0BslRnbMeUh2sb9KCiupngoHKO-0XUl8KYr7aeQZe6FlJIbLdal0LuVroiG9Wi180UtMpxG6Jxk-ytPQ,2026-05-17,2026-05-24,Scoot,0,240,MAA,1 Week,May,2026-04-06T01:58:45.688327
"Sapporo, Japan",552.0,553.0,-1.0,https://encrypted-tbn0.gstatic.com/images?q=tbn:ANd9GcR4AM45jXa1psI2Z1sNxUR2XylT_5MPK1SHculUYedH63c7x8IHbBm5vDFctSbaXhn0_6bbNf6i86ZYpVuYBbEH4GveYpJzK-y7SINH1w,2026-05-21,2026-05-28,Scoot,1,595,CTS,1 Week,May,2026-04-06T01:58:45.688333
"Chengdu, China",513.0,513.0,0.0,https://encrypted-tbn3.gstatic.com/images?q=tbn:ANd9GcQY8DLeWQH982m5yXijXncNnKja_WtNJL9izzPLuwIjs4fWdKIGLfaVUBaXr3YLnyDVrv4RYKWVibM84S-hp3UpCGr78L0YycX0BZjRTw,2026-05-04,2026-05-13,Malaysia Airlines,1,450,TFU,1 Week,May,2026-04-06T01:58:45.688337
"Xi'An, China",394.0,394.0,0.0,https://encrypted-tbn3.gstatic.com/images?q=tbn:ANd9GcQlRRbLPcoitY2Dl9reXFIK_MTRgheCZMFkITdRumAZOoaWoPWH17MmpII3EMgCWZiqCnsu-ROsf2sFp9iSCYUPddP48tSGXwzfALtqvA,2026-05-02,2026-05-08,XiamenAir,1,595,XIY,1 Week,May,2026-04-06T01:58:45.688341
"Boracay, Philippines",525.0,525.0,0.0,https://encrypted-tbn2.gstatic.com/images?q=tbn:ANd9GcSWVEP-f4Tsv9itb6e5PrsSbMRzn1pCVXoPAN7uzJJb3pMDQfBH4KRylRfEcwRrRrkfkye1AZFE9payFqm1xehM0rWmEcZsd2t1jrRgsQ,2026-05-31,2026-06-09,Cebu Pacific,1,530,MPH,1 Week,May,2026-04-06T01:58:45.688344
"Cebu City, Philippines",344.0,344.0,0.0,https://encrypted-tbn0.gstatic.com/images?q=tbn:ANd9GcRQkSFnL8j_JnNZIPer-g9BJfnnRj2BME3jwdM8u2pdZX5SMMAE6rz0Hghh-cgEA9re1JDSt3XMQWLcIHPANBsJgId_suPx16yEH4yKOA,2026-05-28,2026-06-03,"Cebu Pacific, AirAsia, and Philippines AirAsia",1,235,CEB,1 Week,May,2026-04-06T01:58:45.688347
"Kaziranga National Park, India",443.0,443.0,0.0,https://encrypted-tbn1.gstatic.com/images?q=tbn:ANd9GcQDBQ8gOfMM5IwB9Kv4SMGtY_VPTDN01t38twMZQ4jvK04wX5tThshiljXNBOmn9R1pWAUQanV96n0LiujQ0L_2pHnHCpEZsWJr0pU7HA,2026-05-14,2026-05-20,Air India and Air India Express,1,885,GAU,1 Week,May,2026-04-06T01:58:45.688351
"Guwahati, India",443.0,443.0,0.0,https://encrypted-tbn0.gstatic.com/images?q=tbn:ANd9GcSTNDJXSuGok1AmlZ2jJpvD_mzuF2s44iPPLEb27hyvOHBabF44H_oKWPTzHate__CBMAUXcvjMHojIKzvNCWdjG_BtKZSHWQXcb3rYuA,2026-05-14,2026-05-20,Air India and Air India Express,1,885,GAU,1 Week,May,2026-04-06T01:58:45.688355
"Tashkent, Uzbekistan",923.0,923.0,0.0,https://encrypted-tbn2.gstatic.com/images?q=tbn:ANd9GcQA8i7cAg_5GT78C0ciF1cM-ly6BiS_ojUVXMMr6drRYdStr40B90277pTgsMCGul1IEbR6ZDAc4atr4D6HN9laieRaaJeaT3hmLsKqBg,2026-05-22,2026-05-29,"AirAsia, AirAsia X, and Batik Air",1,740,TAS,1 Week,May,2026-04-06T01:58:45.688359
"Niseko, Japan",552.0,553.0,-1.0,https://encrypted-tbn0.gstatic.com/images?q=tbn:ANd9GcRF7wdJWoE22_Ai99rtZ7hjcWVIp65xTxNoA1-WBleQknbJwrCZRAi_Mk_xp720dO7R7O0VWM2ILl-qKWXESGCxtRNFgJE-m-HdGwrlxw,2026-05-21,2026-05-28,Scoot,1,595,CTS,1 Week,May,2026-04-06T01:58:45.688362
"Almaty, Kazakhstan",835.0,835.0,0.0,https://encrypted-tbn2.gstatic.com/images?q=tbn:ANd9GcR8iDoh59ddyzKl4KpDTbZMB5nZzWIzPoHXHEhF6j5LF-er9e4arKtTln2lYA-WuD2Z23ZsHkv3IaTY8X4k7_H0sz7pZENVvOOpEEYVqA,2026-05-18,2026-05-25,Thai AirAsia and Thai AirAsia X,1,750,ALA,1 Week,May,2026-04-06T01:58:45.688366
"Guam, Guam",775.0,775.0,0.0,https://encrypted-tbn2.gstatic.com/images?q=tbn:ANd9GcTuOFnrHa29K1tpqiPQklQESCCKp3f-FzHa53cUPpXN1fLNxBqzixLAbuWT60pbd7ARYOKKnNlHkSWX7ZK6YnEyD7CALkdWcBFLTcNWIw,2026-05-07,2026-05-13,Philippine Airlines,1,710,GUM,1 Week,May,2026-04-06T01:58:45.688369
"Tehran, Iran",1440.0,1440.0,0.0,https://encrypted-tbn3.gstatic.com/images?q=tbn:ANd9GcSE4XzJ3-jox0HepD9O5KomPQPnuWx3ClgVoliBalJu3shkAEawZWYi-M4YltQCNIzSMcKVSDWIXucwru13GOVroOYQmrDyLJXemqgOsw,2026-05-02,2026-05-08,"Emirates, flydubai, and Malaysia Airlines",2,960,IKA,1 Week,May,2026-04-06T01:58:45.688373
"Ras Al-Khaimah, United Arab Emirates",568.0,568.0,0.0,https://encrypted-tbn3.gstatic.com/licensed-image?q=tbn:ANd9GcRqN2nkqrp4EWzuegpcggvlBSbOvCKgapKriR2tAvPupr4oZcQEJa0C8uqHFmikgu9K9VL66dVOzdwZB61x1yLnkiy5zMTNcx-7NoCuvA,2026-05-03,2026-05-09,Gulf Air,1,690,DXB,1 Week,May,2026-04-06T01:58:45.688376
"Harbin, China",499.0,499.0,0.0,https://encrypted-tbn2.gstatic.com/images?q=tbn:ANd9GcR_MvPBNPJRk-TEMtrt8B_sIPMp92xYO42dahjcu0DxdK4F66B0rsb64v3pXLOHINO5t9aBZpbKBmHOyvLO3vOdgKa6uK86bxFgkbX2Rw,2026-05-21,2026-05-27,Shenzhen,1,1130,HRB,1 Week,May,2026-04-06T01:58:45.688380
"Ulaanbaatar, Mongolia",1136.0,1136.0,0.0,https://encrypted-tbn3.gstatic.com/images?q=tbn:ANd9GcQG0oMWF9H5cvBuRMc1phyW4DGIc3S1ZIRFEi4bS-9Ah2c3Co46HWv1_2zJ1tvvI65NTG8aEoXWTCclixETbnq0PNTGkXrnN9sz9iG0xg,2026-05-31,2026-06-07,T'Way Air,1,860,UBN,1 Week,May,2026-04-06T01:58:45.688384
"Furano, Japan",552.0,553.0,-1.0,https://encrypted-tbn2.gstatic.com/images?q=tbn:ANd9GcToxhNswMamZEIFMbN4ViNIJsOoa4oiFtq7c4e5-91uhu2Jn90OSbq0u5zR3i6o5nafcKScuhJqbJsDFUCz3feBEspB5AhViICZylm6aA,2026-05-21,2026-05-28,Scoot,1,595,CTS,1 Week,May,2026-04-06T01:58:45.688389
"Issyk Kul, Kyrgyzstan",835.0,835.0,0.0,https://encrypted-tbn0.gstatic.com/images?q=tbn:ANd9GcQDqLw0IWmVH11kyhh3ObcxYz5CmojvvYLlZDO2Ce_HdyewWrz_23BNsNt-RY463jE2YcjeCNoPPHhuv04pWUqf57iN5Knpc99fCpNHQA,2026-05-18,2026-05-25,Thai AirAsia and Thai AirAsia X,1,750,ALA,1 Week,May,2026-04-06T01:58:45.688394
"Asahikawa, Japan",552.0,553.0,-1.0,https://encrypted-tbn2.gstatic.com/images?q=tbn:ANd9GcS0VqKQp5kcTlRC4ivn7m1K-O7wcMpVzC8dUZ1XU5NeI5AE8uYY9FQQG1l_nbbVdcA2ZVw6R_cydjdmi6UJBTkD6s84-qL6j1L0ppHZRw,2026-05-21,2026-05-28,Scoot,1,595,CTS,1 Week,May,2026-04-06T01:58:45.688398
"Ürümqi, China",562.0,562.0,0.0,https://encrypted-tbn2.gstatic.com/images?q=tbn:ANd9GcQG7GdzgUFPXs__gKaBVRzQaJyESgnuqLvTQ2PKS1DtS6k70TghaCiYlvLODQcqYelNGewNj-hgj_pjCSM7n1Df_nnW-VeC8V0We0h8MQ,2026-05-17,2026-05-23,Shandong,2,1005,URC,1 Week,May,2026-04-06T01:58:45.688402
"Padang, Indonesia",167.0,167.0,0.0,https://encrypted-tbn3.gstatic.com/images?q=tbn:ANd9GcTDKL2EVQYGn6jKkf-kN_Rdm--pZIl3mnnwYSPeO8URaMSrnPVDbZRZO1nonj0WI2Z5L8nyBj7Jy5i5ERwaG24pySvVcU1OAwT7x1Wu2A,2026-05-11,2026-05-19,Scoot,0,75,PDG,1 Week,May,2026-04-06T01:58:45.688407
"Gorkhi Terelj National Park, Mongolia",1136.0,1136.0,0.0,https://encrypted-tbn1.gstatic.com/images?q=tbn:ANd9GcRs_x--VIR1dafl4avf8s8m8flCHTx1toLHUv0UIkRJOqQDwiSLMgVvR7Hfv6y9hrDun52sIUrYRl_HhdPAXnHuZHjKef9kXZJycsNXmQ,2026-05-31,2026-06-07,T'Way Air,1,860,UBN,1 Week,May,2026-04-06T01:58:45.688410
"Hong Kong, Hong Kong",416.0,416.0,0.0,https://encrypted-tbn1.gstatic.com/images?q=tbn:ANd9GcTd4giZUOnVkLOK19qE-hoKaexrOb1lLvZOn_lzXx6X39chZYcKOZIlG92b-8CwcwsYWc8P53FjOTPh8YHr2wbh_ORXoEs2OLBTPE3kzw,2026-05-08,2026-05-24,Royal Brunei,1,2410,HKG,2 Weeks,May,2026-04-06T01:58:57.198270
"Bangkok, Thailand",258.0,258.0,0.0,https://encrypted-tbn3.gstatic.com/images?q=tbn:ANd9GcTPIoqStMvXXTYbUQSylJYyWjY5HYM1GX-AALOOPHhXdXZDY56SSslLQDDkdhOxRX31c8qW7XFzS5zSEG6PGhEhGzxEbzyUYrqVxP_mBg,2026-05-10,2026-05-23,Scoot,0,155,BKK,2 Weeks,May,2026-04-06T01:58:57.198284
"Hanoi, Vietnam",259.0,259.0,0.0,https://encrypted-tbn2.gstatic.com/images?q=tbn:ANd9GcTh-Ne26gTyuHsN2ZHc-hQy1CJQ2ipECMiZPX8oGOu9Gw2plYSgbGAHFY4M4Eqls6MLlm3xgJf4uKpU0FRcZaKySylwTv73Ej3oD5pwEQ,2026-05-21,2026-06-04,Scoot,0,205,HAN,2 Weeks,May,2026-04-06T01:58:57.198288
"Ho Chi Minh City, Vietnam",200.0,200.0,0.0,https://encrypted-tbn0.gstatic.com/images?q=tbn:ANd9GcRrJKZk1BiYhZ3mY3euABvLxDIBukBw5gmGkEhkLqxNVGRjU8fVETFnNMHQIvPummF_6pB1XJ3tWE5VN7coLGd63VogrXcGfgf569shwA,2026-05-21,2026-06-04,Scoot,0,135,SGN,2 Weeks,May,2026-04-06T01:58:57.198292
"Tokyo, Japan",469.0,469.0,0.0,https://encrypted-tbn3.gstatic.com/images?q=tbn:ANd9GcRiqAYuTkGrtxMazhSpAJve9ZzWSTvJ8xFHSX2ih6rQEoYgDOw0Aey3IBJh7-QF38k1xmhOiFoVXd8u5V1ip4G05Aprq0q6HulopWyM5A,2026-05-02,2026-05-15,ZIPAIR Tokyo,0,440,NRT,2 Weeks,May,2026-04-06T01:58:57.198295
"Mumbai, India",299.0,299.0,0.0,https://encrypted-tbn1.gstatic.com/images?q=tbn:ANd9GcTRRckp8mseYnYQ7l8HELq1GoFqwH1zksN3R-F36DAYjcG5Vt5RRGV-jd25K06kaNDTLkxXdzk0QUW09L6kHJOKEQg3Txbhyf9_10ZiXg,2026-05-04,2026-05-18,Air India,0,340,BOM,2 Weeks,May,2026-04-06T01:58:57.198298
"New Delhi, India",302.0,302.0,0.0,https://encrypted-tbn0.gstatic.com/images?q=tbn:ANd9GcSl_0QJXM0LcbhkFClbfILfC8ZiSCyO5XZpO0iSG1vfJg82v_FHjLXKSHs4cuyhvv4qL9jHKtP8ejqB62ObqFIQDnc3TDNCBAKM57ywZQ,2026-05-11,2026-05-25,Air India and Air India Express,1,355,DEL,2 Weeks,May,2026-04-06T01:58:57.198301
"Federal Territory of Kuala Lumpur, Malaysia",107.0,107.0,0.0,https://encrypted-tbn3.gstatic.com/images?q=tbn:ANd9GcQQIk1ExRSHJSg0CA3pM6ISxhFBQVZJ7iNmv02par-cAbKXlYKgy5PyTpGtQT33xTsdoO0dFIXrLwxWqlAmtUcQD7cziyQYbCZ55yo55Q,2026-05-02,2026-05-15,AirAsia,0,65,KUL,2 Weeks,May,2026-04-06T01:58:57.198304
"Dubai, United Arab Emirates",568.0,568.0,0.0,https://encrypted-tbn2.gstatic.com/images?q=tbn:ANd9GcS8I-qzYsk8MfqbtG7XZriHCE-pfBAmDIEitgTNi6pkd4ydYfON7ave6PO0r4SphWZcLjoAZuDchjD45415sUjceoYWW2iZuva8SQ9Spg,2026-05-03,2026-05-16,Gulf Air,1,690,DXB,2 Weeks,May,2026-04-06T01:58:57.198308
"Kyoto, Japan",435.0,435.0,0.0,https://encrypted-tbn2.gstatic.com/images?q=tbn:ANd9GcQtOVcFjC9WqGv4M70NBscJETxCioVhaxdDOixuut8dt708uPIEgFT53Jq9zXHfI6sAOAWzmyAXmctAP52yFO2Cgwinfa9tIJlulmeR_g,2026-05-03,2026-05-18,Peach Aviation and Scoot,0,400,KIX,2 Weeks,May,2026-04-06T01:58:57.198311
"Chiang Mai, Thailand",287.0,287.0,0.0,https://encrypted-tbn2.gstatic.com/images?q=tbn:ANd9GcTWkJDtb_3dOVc83TPKcKR6rRyKwp9M0n4vxVyFLuQ4ptiBf2FOEvVCTgmNI6dA6yLD85h9dhQ--u0VJsMWDGNwsAE013NEUxXHaHt00w,2026-05-03,2026-05-19,Scoot,0,185,CNX,2 Weeks,May,2026-04-06T01:58:57.198314
"Jaipur, India",381.0,381.0,0.0,https://encrypted-tbn2.gstatic.com/images?q=tbn:ANd9GcRHqyQ66crs-roykYQYxDmWP5W5OJrHQTXbb44A5zWulqxTZqTHGy2hBSBr8d_dU8AQ4qFU-hzSZNSDGh8MhIgg3DyUUeXB0f3QkYRhpw,2026-05-04,2026-05-17,"Air India, Thai AirAsia, and Air India Express",1,960,JAI,2 Weeks,May,2026-04-06T01:58:57.198317
"Phuket, Thailand",151.0,151.0,0.0,https://encrypted-tbn3.gstatic.com/images?q=tbn:ANd9GcTiBNj9z2Tf0lnw1uff6ooYy7liuVrHON7xT0xwWMJJWj3t4puxffP6RFtMin9PMz2RmGh6hiBIzk-1EGPwdS0BTJqDV9Dc_nMu3U5NQA,2026-05-07,2026-05-21,Thai Lion Air,0,105,HKT,2 Weeks,May,2026-04-06T01:58:57.198321
"Seoul, South Korea",334.0,344.0,-10.0,https://encrypted-tbn0.gstatic.com/images?q=tbn:ANd9GcSGy4LggtmRKCw-VDM7sZj2JVAI9kZiAlSkcki4ZP7jzUeqZlOBfwDo0IH5E2Xksu0CgoBvjpPlWiH4g5dXne5aQ5Iy4S01_z3bJg47cQ,2026-05-07,2026-05-20,"AirAsia, AirAsia X, and Scoot",1,520,ICN,2 Weeks,May,2026-04-06T01:58:57.198324
"Beijing, China",365.0,365.0,0.0,https://encrypted-tbn1.gstatic.com/images?q=tbn:ANd9GcR6R3TE9LrMLUM8It2c4f4zpNHzm3U-Peq5u7VO4V6QKrFk0vcJi5BJqLmmSuBNCoOTLy0XsoAmhFwqm2sUijEusLJoXjMkTWCWUiNOcw,2026-05-18,2026-06-03,"AirAsia, AirAsia X, and XiamenAir",1,555,PKX,2 Weeks,May,2026-04-06T01:58:57.198327
"Goa, India",376.0,376.0,0.0,https://encrypted-tbn1.gstatic.com/images?q=tbn:ANd9GcTO_bUFJ2hIpNKQP021IDGX5_9DjDgvZKtkIrDVxwM0u4I5OAp1Iax4_EW6hoaO9NUW0KWgILohWKKZLG9XzbzfZkpeonIKw3VgPDT5tQ,2026-05-14,2026-05-28,Air India and Air India Express,1,1535,GOI,2 Weeks,May,2026-04-06T01:58:57.198330
"Osaka, Japan",435.0,435.0,0.0,https://encrypted-tbn3.gstatic.com/images?q=tbn:ANd9GcQ4taqtiRvr48l49Sh_f8rfRxj-enava5SmEA0s6U_pWeh7BW8eHOvOFczJy-B5oH6n3Wu-KNzT4A-NY_SzrseToTfHLKVhkr-mWGLWIA,2026-05-03,2026-05-18,Peach Aviation and Scoot,0,400,KIX,2 Weeks,May,2026-04-06T01:58:57.198334
"Shanghai, China",347.0,347.0,0.0,https://encrypted-tbn2.gstatic.com/images?q=tbn:ANd9GcTujsAS0i3-zbeimLQQ8RJnTX80xFZm7VnTsswhTD6W1aHQZWxzA7pNb0BMAVpelCNQq3SEx1592gylHw,2026-05-01,2026-05-14,Spring,0,335,PVG,2 Weeks,May,2026-04-06T01:58:57.198337
Hội An,315.0,315.0,0.0,https://encrypted-tbn3.gstatic.com/images?q=tbn:ANd9GcRRNok0jp9TQx-QJc8bQnN2ksLZePNr89SdiNSiwUwpXKh0aVOnLPThIeJfqztwgB97XWeFuxC9lhG0DimISpDGn4Hfkm_wLNu4dl340A,2026-05-04,2026-05-19,AirAsia and Scoot,1,165,DAD,2 Weeks,May,2026-04-06T01:58:57.198340
"Bengaluru, India",415.0,415.0,0.0,https://encrypted-tbn2.gstatic.com/images?q=tbn:ANd9GcRRnVQMArN8G30p02VM6n18fD9LS-EXlKYRbJfv6CPLwRZ9C2wXHGXWsl6OOG5ubeHraoTiiKbSaBZnb2O3B02YbhgEtC8m9xRxgPwGfQ,2026-05-16,2026-05-29,"Air India, Air India Express, and Singapore Airlines",1,970,BLR,2 Weeks,May,2026-04-06T01:58:57.198343
"Hạ Long Bay, Vietnam",259.0,259.0,0.0,https://encrypted-tbn0.gstatic.com/images?q=tbn:ANd9GcQdH7xkaOku2D4UGiEtbegMDLIWszqsJrVB-XkpO13CqXswYGnUUFMgsO4uFwTrf0y8EAbVZJI4A0eo4UHbgxYiQFIDVb-zsz70Dt0OOg,2026-05-21,2026-06-04,Scoot,0,205,HAN,2 Weeks,May,2026-04-06T01:58:57.198347
"Abu Dhabi, United Arab Emirates",568.0,568.0,0.0,https://encrypted-tbn2.gstatic.com/images?q=tbn:ANd9GcTwBpYbpnuaEurTOeQbgYJzxk3uOAjB7bRvnTetkMlsdPqKciAFtLJswZmMHWpVhkLeEbJZCCZwoXaQ5D4aSc9sT4I-yBQBrT3r5vSWtA,2026-05-03,2026-05-16,Gulf Air,1,735,AUH,2 Weeks,May,2026-04-06T01:58:57.198350
"Chennai, India",321.0,321.0,0.0,https://encrypted-tbn3.gstatic.com/images?q=tbn:ANd9GcT8jGx4Oe7gOIT3dSF0FgoYzjECbwXYCIq6g0sMhY30kkZu5ThtcjZeZrIwVErtNu0yP-R_6Fgzt1BlhFJgF4nE0Cxoy4q_LrB5mHM6_A,2026-05-18,2026-06-03,Scoot,0,240,MAA,2 Weeks,May,2026-04-06T01:58:57.198353
"Varanasi, India",392.0,392.0,0.0,https://encrypted-tbn2.gstatic.com/images?q=tbn:ANd9GcRg1OmvYJVmJRkkH48WQY4LvYje4OuiXjLle-GS5PpRg-nonn9JC3CvB7HFko6WDkJnbxLL2s8j9VJf3XEWtJjx9xwADzwK_XzESUnUsA,2026-05-15,2026-05-28,Air India and Air India Express,1,690,VNS,2 Weeks,May,2026-04-06T01:58:57.198357
"Agra, India",302.0,302.0,0.0,https://encrypted-tbn2.gstatic.com/images?q=tbn:ANd9GcQI0YQv8yflL3rak3GIymC_IQPCnsI79bxC_lkZZonTDvjgQT1rNO7yJFilB65Gezf2VFQaf9yZ_h8HiA,2026-05-11,2026-05-25,Air India and Air India Express,1,355,DEL,2 Weeks,May,2026-04-06T01:58:57.198361
"Ko Samui, Thailand",346.0,346.0,0.0,https://encrypted-tbn0.gstatic.com/images?q=tbn:ANd9GcQ5VBzIPEfByKaFwNzikHD-kPxvUCXDQnYSeSf5xfsIeLO82X1NYZAjeCuuPKR2bV5qteuV8eJwTlrqba9OPo7suR-eLdKQb1P0WeM74A,2026-05-07,2026-05-20,Scoot,0,105,USM,2 Weeks,May,2026-04-06T01:58:57.198364
"Kolkata, India",370.0,370.0,0.0,https://encrypted-tbn1.gstatic.com/images?q=tbn:ANd9GcQkqRm0hB0I1L_Wd8J2SnHNwKFZT4kXBUBpwALXSPcPiN3P3c_WpHKIiaKVq1Y3OxMKtVX086O0hVbNFgQnycWMKjv8QwffmoMgidSS2Q,2026-05-17,2026-06-02,IndiGo and AirAsia,1,250,CCU,2 Weeks,May,2026-04-06T01:58:57.198367
"Taipei City, Taiwan",238.0,238.0,0.0,https://encrypted-tbn3.gstatic.com/images?q=tbn:ANd9GcQXLhb-ghDjmkIYAVvdu4F0jxICbcNjvay2bPLvj8Hp1u_uQKcabDV_PEHWzUdFw6H1BPMdXV5ahY-NuEBcv5y050siHU3OyxbnIrgwfg,2026-05-14,2026-05-28,Scoot,0,285,TPE,2 Weeks,May,2026-04-06T01:58:57.198371
"Kochi, India",417.0,417.0,0.0,https://encrypted-tbn3.gstatic.com/images?q=tbn:ANd9GcTPv3xu1wWA_PiElguRprW5LXIiyk1swUyWnl2QBNczqNvHpUCVW0j4KU7r7TduEUBjZLEgF1r2LndBwX3sPX83Xs2BTqGidMf9Wb4X7w,2026-05-17,2026-06-01,IndiGo and AirAsia,1,500,COK,2 Weeks,May,2026-04-06T01:58:57.198374
"Kathmandu, Nepal",643.0,643.0,0.0,https://encrypted-tbn0.gstatic.com/images?q=tbn:ANd9GcT78awjGv8SH4zFojoNUasAJqCxFPYe5qPHDvKUhH54AJ48YS8N1M9idwAQkN9fOXSnaMT2Rb5XpFn5tN3eT-3_sfEtXzetNBogSwD10g,2026-05-18,2026-06-02,Air India,1,590,KTM,2 Weeks,May,2026-04-06T01:58:57.198377
"Manila, Philippines",313.0,313.0,0.0,https://encrypted-tbn3.gstatic.com/images?q=tbn:ANd9GcRr9zUtKyDotaE-xA4DBVzZeavqk4R9wcvHmPGhQaJYfJO42GbiiIxaklB54UPajj9Fb2NgEdnVKsjvVPiBUWLwL4ShNsl8GI51yhA3MQ,2026-05-28,2026-06-12,Scoot,0,230,MNL,2 Weeks,May,2026-04-06T01:58:57.198381
"Bahrain, Bahrain",897.0,897.0,0.0,https://encrypted-tbn2.gstatic.com/images?q=tbn:ANd9GcSV-vcI5g_BSfRsSLESsjQeatxt7gtRek4JeffV42nrl5WMmzv4CM01xYgIecZb8062y259TXOBwtIRf3oxl-QQmui-tpQaPs-3yLaarQ,2026-05-03,2026-05-16,Gulf Air,0,485,BAH,2 Weeks,May,2026-04-06T01:58:57.198384
"Macao, Macao",469.0,461.0,8.0,https://encrypted-tbn1.gstatic.com/images?q=tbn:ANd9GcQSqvJMa-Boc6alR19GIwxB5x8fz6SLMX4U07VIkUBrXrHUId6y7gaY5UM0NjSMQ8dxCMqaO-Vb6NcCcpDkTJWIL-bb7VqXfHxBqGdPBQ,2026-05-10,2026-05-24,Hainan,1,520,MFM,2 Weeks,May,2026-04-06T01:58:57.198387
"Hyderabad, India",451.0,451.0,0.0,https://encrypted-tbn0.gstatic.com/images?q=tbn:ANd9GcS3lpOwI2CRkpJjacFXUmD9pyCXeZ-MP0UNVoSY-ZINyBSXwarclu3H5KLBmgmXLMvZ8CFEPC_CTn9MxVN2fSbIBcOTsu-WSQuxa1tkvQ,2026-05-07,2026-05-22,IndiGo,1,690,HYD,2 Weeks,May,2026-04-06T01:58:57.198391
"Da Nang, Vietnam",315.0,315.0,0.0,https://encrypted-tbn0.gstatic.com/images?q=tbn:ANd9GcRY7AI9sBPAD8WaK_I7CMw80ft40TqnRp1EjFdp9GnRDSxju7-F8tl-8bCJnT0Wdb16UIVE-GplpFzGlWkWlV9HQ_ABPTCatv79wUf_ww,2026-05-04,2026-05-19,AirAsia and Scoot,1,165,DAD,2 Weeks,May,2026-04-06T01:58:57.198394
"Phi Phi Islands, Thailand",117.0,117.0,0.0,https://encrypted-tbn0.gstatic.com/images?q=tbn:ANd9GcRNzFqylUFfDPlSFl6ftR_AaTDgRKnsnWELQ1AhaG8PoviVYfUBfL58bO2mI4nquyKwQLjH5nBD0o6jPu4wuLM7OfrGuryPm0fGnejIAw,2026-05-10,2026-05-23,Firefly and Scoot,1,125,KBV,2 Weeks,May,2026-04-06T01:58:57.198398
"Munnar, India",417.0,417.0,0.0,https://encrypted-tbn3.gstatic.com/images?q=tbn:ANd9GcRqTHPBvoWmkwj7azYfSnX-4D9m7HpvFFq2vilhEa-17FM8zY0YvpGbpPe8I3_sHgpMYKqd9FSkuFtZWe9eOFGaLBeC3_i-qhxMPS2ZZQ,2026-05-17,2026-06-01,IndiGo and AirAsia,1,500,COK,2 Weeks,May,2026-04-06T01:58:57.198403
"Phú Quốc, Vietnam",297.0,297.0,0.0,https://encrypted-tbn3.gstatic.com/images?q=tbn:ANd9GcRGbWm0uqKOR9KmPBYMR8hSZRHOxqckm3gbBrinJy7yZfDpfAegfGEqPlX_NwjVJTCCRKnQ4hy7zd_tVOyEs6jNZ5fStfBDzeOslyEDoQ,2026-05-08,2026-05-21,AirAsia and Scoot,1,120,PQC,2 Weeks,May,2026-04-06T01:58:57.198407
"Ranthambore National Park, India",381.0,381.0,0.0,https://encrypted-tbn1.gstatic.com/images?q=tbn:ANd9GcSxrL0gNEqLJpancU8CANYgSjKoKEt_XeO5-xtU4ORG0m7IeWEhcCeab50BDvUMimSAhhiDtirU0aL_8w7CiKJslV3QM7voc7SLfRNUXA,2026-05-04,2026-05-17,"Air India, Thai AirAsia, and Air India Express",1,960,JAI,2 Weeks,May,2026-04-06T01:58:57.198410
"Colombo, Sri Lanka",352.0,352.0,0.0,https://encrypted-tbn3.gstatic.com/images?q=tbn:ANd9GcTCalYZRVLcftWCfdfjEucymsOsqadi9yimDG5NMHv6E53eNTkw3p5ze8wn7ynj7bthi5fSNd5TBC6kKSotrDYrF-RE3IV18bj2oW5xIA,2026-05-07,2026-05-20,AirAsia,1,340,CMB,2 Weeks,May,2026-04-06T01:58:57.198415
"Puducherry, India",321.0,321.0,0.0,https://encrypted-tbn0.gstatic.com/images?q=tbn:ANd9GcSvFZF57d-2KCNUh2lGz_SpRX0BslRnbMeUh2sb9KCiupngoHKO-0XUl8KYr7aeQZe6FlJIbLdal0LuVroiG9Wi180UtMpxG6Jxk-ytPQ,2026-05-18,2026-06-03,Scoot,0,240,MAA,2 Weeks,May,2026-04-06T01:58:57.198418
"Sapporo, Japan",553.0,553.0,0.0,https://encrypted-tbn0.gstatic.com/images?q=tbn:ANd9GcR4AM45jXa1psI2Z1sNxUR2XylT_5MPK1SHculUYedH63c7x8IHbBm5vDFctSbaXhn0_6bbNf6i86ZYpVuYBbEH4GveYpJzK-y7SINH1w,2026-05-14,2026-05-28,Scoot,1,595,CTS,2 Weeks,May,2026-04-06T01:58:57.198424
"Boracay, Philippines",495.0,495.0,0.0,https://encrypted-tbn2.gstatic.com/images?q=tbn:ANd9GcSWVEP-f4Tsv9itb6e5PrsSbMRzn1pCVXoPAN7uzJJb3pMDQfBH4KRylRfEcwRrRrkfkye1AZFE9payFqm1xehM0rWmEcZsd2t1jrRgsQ,2026-05-25,2026-06-09,Cebu Pacific,1,530,MPH,2 Weeks,May,2026-04-06T01:58:57.198428
"Cebu City, Philippines",344.0,344.0,0.0,https://encrypted-tbn0.gstatic.com/images?q=tbn:ANd9GcRQkSFnL8j_JnNZIPer-g9BJfnnRj2BME3jwdM8u2pdZX5SMMAE6rz0Hghh-cgEA9re1JDSt3XMQWLcIHPANBsJgId_suPx16yEH4yKOA,2026-05-21,2026-06-03,"Cebu Pacific, AirAsia, and Philippines AirAsia",1,235,CEB,2 Weeks,May,2026-04-06T01:58:57.198432
"Kaziranga National Park, India",443.0,443.0,0.0,https://encrypted-tbn1.gstatic.com/images?q=tbn:ANd9GcQDBQ8gOfMM5IwB9Kv4SMGtY_VPTDN01t38twMZQ4jvK04wX5tThshiljXNBOmn9R1pWAUQanV96n0LiujQ0L_2pHnHCpEZsWJr0pU7HA,2026-05-04,2026-05-18,Air India and Air India Express,1,715,GAU,2 Weeks,May,2026-04-06T01:58:57.198435
"Guwahati, India",443.0,443.0,0.0,https://encrypted-tbn0.gstatic.com/images?q=tbn:ANd9GcSTNDJXSuGok1AmlZ2jJpvD_mzuF2s44iPPLEb27hyvOHBabF44H_oKWPTzHate__CBMAUXcvjMHojIKzvNCWdjG_BtKZSHWQXcb3rYuA,2026-05-04,2026-05-18,Air India and Air India Express,1,715,GAU,2 Weeks,May,2026-04-06T01:58:57.198439
"Niseko, Japan",553.0,553.0,0.0,https://encrypted-tbn0.gstatic.com/images?q=tbn:ANd9GcRF7wdJWoE22_Ai99rtZ7hjcWVIp65xTxNoA1-WBleQknbJwrCZRAi_Mk_xp720dO7R7O0VWM2ILl-qKWXESGCxtRNFgJE-m-HdGwrlxw,2026-05-14,2026-05-28,Scoot,1,595,CTS,2 Weeks,May,2026-04-06T01:58:57.198443
"Almaty, Kazakhstan",863.0,863.0,0.0,https://encrypted-tbn2.gstatic.com/images?q=tbn:ANd9GcR8iDoh59ddyzKl4KpDTbZMB5nZzWIzPoHXHEhF6j5LF-er9e4arKtTln2lYA-WuD2Z23ZsHkv3IaTY8X4k7_H0sz7pZENVvOOpEEYVqA,2026-05-25,2026-06-08,Thai AirAsia and Thai AirAsia X,1,750,ALA,2 Weeks,May,2026-04-06T01:58:57.198447
"Guam, Guam",775.0,775.0,0.0,https://encrypted-tbn2.gstatic.com/images?q=tbn:ANd9GcTuOFnrHa29K1tpqiPQklQESCCKp3f-FzHa53cUPpXN1fLNxBqzixLAbuWT60pbd7ARYOKKnNlHkSWX7ZK6YnEyD7CALkdWcBFLTcNWIw,2026-05-04,2026-05-18,Philippine Airlines,1,710,GUM,2 Weeks,May,2026-04-06T01:58:57.198450
"Tehran, Iran",1440.0,1440.0,0.0,https://encrypted-tbn3.gstatic.com/images?q=tbn:ANd9GcSE4XzJ3-jox0HepD9O5KomPQPnuWx3ClgVoliBalJu3shkAEawZWYi-M4YltQCNIzSMcKVSDWIXucwru13GOVroOYQmrDyLJXemqgOsw,2026-05-02,2026-05-15,"Emirates, flydubai, and Malaysia Airlines",2,960,IKA,2 Weeks,May,2026-04-06T01:58:57.198454
"Harbin, China",499.0,499.0,0.0,https://encrypted-tbn2.gstatic.com/images?q=tbn:ANd9GcR_MvPBNPJRk-TEMtrt8B_sIPMp92xYO42dahjcu0DxdK4F66B0rsb64v3pXLOHINO5t9aBZpbKBmHOyvLO3vOdgKa6uK86bxFgkbX2Rw,2026-05-21,2026-06-03,Shenzhen,1,1130,HRB,2 Weeks,May,2026-04-06T01:58:57.198458
"Isfahan, Iran",1440.0,1440.0,0.0,https://encrypted-tbn1.gstatic.com/images?q=tbn:ANd9GcQwakxOitW8qCd-ni_IJjGONuLvWsVBR7rBET6-YCURz2311yI6ijeKgu8Oe3FsvU9mMUpcQj-oFf1Gpkcchug6yKOuFNeoBfZyPvXW3w,2026-05-07,2026-05-20,"Emirates, flydubai, and Malaysia Airlines",2,960,IKA,2 Weeks,May,2026-04-06T01:58:57.198465
"Issyk Kul, Kyrgyzstan",863.0,863.0,0.0,https://encrypted-tbn0.gstatic.com/images?q=tbn:ANd9GcQDqLw0IWmVH11kyhh3ObcxYz5CmojvvYLlZDO2Ce_HdyewWrz_23BNsNt-RY463jE2YcjeCNoPPHhuv04pWUqf57iN5Knpc99fCpNHQA,2026-05-25,2026-06-08,Thai AirAsia and Thai AirAsia X,1,750,ALA,2 Weeks,May,2026-04-06T01:58:57.198470
"Hong Kong, Hong Kong",391.0,391.0,0.0,https://encrypted-tbn1.gstatic.com/images?q=tbn:ANd9GcTd4giZUOnVkLOK19qE-hoKaexrOb1lLvZOn_lzXx6X39chZYcKOZIlG92b-8CwcwsYWc8P53FjOTPh8YHr2wbh_ORXoEs2OLBTPE3kzw,2026-06-27,2026-06-29,Cathay Pacific,0,245,HKG,Weekend,June,2026-04-06T01:58:59.736028
"Federal Territory of Kuala Lumpur, Malaysia",140.0,166.0,-26.0,https://encrypted-tbn3.gstatic.com/images?q=tbn:ANd9GcQQIk1ExRSHJSg0CA3pM6ISxhFBQVZJ7iNmv02par-cAbKXlYKgy5PyTpGtQT33xTsdoO0dFIXrLwxWqlAmtUcQD7cziyQYbCZ55yo55Q,2026-06-25,2026-06-29,AirAsia,0,65,KUL,Weekend,June,2026-04-06T01:58:59.736039
"Bangkok, Thailand",248.0,248.0,0.0,https://encrypted-tbn3.gstatic.com/images?q=tbn:ANd9GcTPIoqStMvXXTYbUQSylJYyWjY5HYM1GX-AALOOPHhXdXZDY56SSslLQDDkdhOxRX31c8qW7XFzS5zSEG6PGhEhGzxEbzyUYrqVxP_mBg,2026-06-25,2026-06-29,Scoot,0,155,BKK,Weekend,June,2026-04-06T01:58:59.736041
"Hanoi, Vietnam",247.0,247.0,0.0,https://encrypted-tbn2.gstatic.com/images?q=tbn:ANd9GcTh-Ne26gTyuHsN2ZHc-hQy1CJQ2ipECMiZPX8oGOu9Gw2plYSgbGAHFY4M4Eqls6MLlm3xgJf4uKpU0FRcZaKySylwTv73Ej3oD5pwEQ,2026-06-25,2026-06-29,Scoot,0,205,HAN,Weekend,June,2026-04-06T01:58:59.736043
"Ho Chi Minh City, Vietnam",238.0,238.0,0.0,https://encrypted-tbn0.gstatic.com/images?q=tbn:ANd9GcRrJKZk1BiYhZ3mY3euABvLxDIBukBw5gmGkEhkLqxNVGRjU8fVETFnNMHQIvPummF_6pB1XJ3tWE5VN7coLGd63VogrXcGfgf569shwA,2026-06-04,2026-06-08,Scoot,0,135,SGN,Weekend,June,2026-04-06T01:58:59.736045
"Tokyo, Japan",472.0,472.0,0.0,https://encrypted-tbn3.gstatic.com/images?q=tbn:ANd9GcRiqAYuTkGrtxMazhSpAJve9ZzWSTvJ8xFHSX2ih6rQEoYgDOw0Aey3IBJh7-QF38k1xmhOiFoVXd8u5V1ip4G05Aprq0q6HulopWyM5A,2026-06-04,2026-06-07,Vietjet and ZIPAIR Tokyo,1,440,NRT,Weekend,June,2026-04-06T01:58:59.736047
"Mumbai, India",343.0,343.0,0.0,https://encrypted-tbn1.gstatic.com/images?q=tbn:ANd9GcTRRckp8mseYnYQ7l8HELq1GoFqwH1zksN3R-F36DAYjcG5Vt5RRGV-jd25K06kaNDTLkxXdzk0QUW09L6kHJOKEQg3Txbhyf9_10ZiXg,2026-06-27,2026-06-29,Air India,0,340,BOM,Weekend,June,2026-04-06T01:58:59.736049
"New Delhi, India",418.0,418.0,0.0,https://encrypted-tbn0.gstatic.com/images?q=tbn:ANd9GcSl_0QJXM0LcbhkFClbfILfC8ZiSCyO5XZpO0iSG1vfJg82v_FHjLXKSHs4cuyhvv4qL9jHKtP8ejqB62ObqFIQDnc3TDNCBAKM57ywZQ,2026-06-06,2026-06-08,Air India and Air India Express,1,655,DEL,Weekend,June,2026-04-06T01:58:59.736051
"Dubai, United Arab Emirates",568.0,568.0,0.0,https://encrypted-tbn2.gstatic.com/images?q=tbn:ANd9GcS8I-qzYsk8MfqbtG7XZriHCE-pfBAmDIEitgTNi6pkd4ydYfON7ave6PO0r4SphWZcLjoAZuDchjD45415sUjceoYWW2iZuva8SQ9Spg,2026-06-04,2026-06-07,Gulf Air,1,690,DXB,Weekend,June,2026-04-06T01:58:59.736053
"Kyoto, Japan",371.0,371.0,0.0,https://encrypted-tbn2.gstatic.com/images?q=tbn:ANd9GcQtOVcFjC9WqGv4M70NBscJETxCioVhaxdDOixuut8dt708uPIEgFT53Jq9zXHfI6sAOAWzmyAXmctAP52yFO2Cgwinfa9tIJlulmeR_g,2026-06-25,2026-06-29,Peach Aviation,0,400,KIX,Weekend,June,2026-04-06T01:58:59.736056
"Chiang Mai, Thailand",319.0,319.0,0.0,https://encrypted-tbn2.gstatic.com/images?q=tbn:ANd9GcTWkJDtb_3dOVc83TPKcKR6rRyKwp9M0n4vxVyFLuQ4ptiBf2FOEvVCTgmNI6dA6yLD85h9dhQ--u0VJsMWDGNwsAE013NEUxXHaHt00w,2026-06-27,2026-06-29,Scoot,0,185,CNX,Weekend,June,2026-04-06T01:58:59.736065
"Jaipur, India",434.0,434.0,0.0,https://encrypted-tbn2.gstatic.com/images?q=tbn:ANd9GcRHqyQ66crs-roykYQYxDmWP5W5OJrHQTXbb44A5zWulqxTZqTHGy2hBSBr8d_dU8AQ4qFU-hzSZNSDGh8MhIgg3DyUUeXB0f3QkYRhpw,2026-06-25,2026-06-29,Air India and Air India Express,1,960,JAI,Weekend,June,2026-04-06T01:58:59.736069
"Phuket, Thailand",182.0,182.0,0.0,https://encrypted-tbn3.gstatic.com/images?q=tbn:ANd9GcTiBNj9z2Tf0lnw1uff6ooYy7liuVrHON7xT0xwWMJJWj3t4puxffP6RFtMin9PMz2RmGh6hiBIzk-1EGPwdS0BTJqDV9Dc_nMu3U5NQA,2026-06-25,2026-06-29,Scoot,0,120,HKT,Weekend,June,2026-04-06T01:58:59.736072
"Seoul, South Korea",427.0,427.0,0.0,https://encrypted-tbn0.gstatic.com/images?q=tbn:ANd9GcSGy4LggtmRKCw-VDM7sZj2JVAI9kZiAlSkcki4ZP7jzUeqZlOBfwDo0IH5E2Xksu0CgoBvjpPlWiH4g5dXne5aQ5Iy4S01_z3bJg47cQ,2026-06-04,2026-06-07,Scoot and Vietjet,1,585,ICN,Weekend,June,2026-04-06T01:58:59.736077
"Beijing, China",472.0,440.0,32.0,https://encrypted-tbn1.gstatic.com/images?q=tbn:ANd9GcR6R3TE9LrMLUM8It2c4f4zpNHzm3U-Peq5u7VO4V6QKrFk0vcJi5BJqLmmSuBNCoOTLy0XsoAmhFwqm2sUijEusLJoXjMkTWCWUiNOcw,2026-06-25,2026-06-29,China Southern and Chongqing Airlines,1,605,PKX,Weekend,June,2026-04-06T01:58:59.736080
"Goa, India",420.0,420.0,0.0,https://encrypted-tbn1.gstatic.com/images?q=tbn:ANd9GcTO_bUFJ2hIpNKQP021IDGX5_9DjDgvZKtkIrDVxwM0u4I5OAp1Iax4_EW6hoaO9NUW0KWgILohWKKZLG9XzbzfZkpeonIKw3VgPDT5tQ,2026-06-27,2026-06-29,Air India and Air India Express,1,695,GOI,Weekend,June,2026-04-06T01:58:59.736084
"Osaka, Japan",371.0,371.0,0.0,https://encrypted-tbn3.gstatic.com/images?q=tbn:ANd9GcQ4taqtiRvr48l49Sh_f8rfRxj-enava5SmEA0s6U_pWeh7BW8eHOvOFczJy-B5oH6n3Wu-KNzT4A-NY_SzrseToTfHLKVhkr-mWGLWIA,2026-06-25,2026-06-29,Peach Aviation,0,400,KIX,Weekend,June,2026-04-06T01:58:59.736087
"Shanghai, China",365.0,365.0,0.0,https://encrypted-tbn2.gstatic.com/images?q=tbn:ANd9GcTujsAS0i3-zbeimLQQ8RJnTX80xFZm7VnTsswhTD6W1aHQZWxzA7pNb0BMAVpelCNQq3SEx1592gylHw,2026-06-04,2026-06-07,Spring,0,335,PVG,Weekend,June,2026-04-06T01:58:59.736091
Hội An,303.0,303.0,0.0,https://encrypted-tbn3.gstatic.com/images?q=tbn:ANd9GcRRNok0jp9TQx-QJc8bQnN2ksLZePNr89SdiNSiwUwpXKh0aVOnLPThIeJfqztwgB97XWeFuxC9lhG0DimISpDGn4Hfkm_wLNu4dl340A,2026-06-27,2026-06-29,Scoot,0,170,DAD,Weekend,June,2026-04-06T01:58:59.736095
"Bengaluru, India",371.0,372.0,-1.0,https://encrypted-tbn2.gstatic.com/images?q=tbn:ANd9GcRRnVQMArN8G30p02VM6n18fD9LS-EXlKYRbJfv6CPLwRZ9C2wXHGXWsl6OOG5ubeHraoTiiKbSaBZnb2O3B02YbhgEtC8m9xRxgPwGfQ,2026-06-26,2026-06-28,IndiGo and Singapore Airlines,0,270,BLR,Weekend,June,2026-04-06T01:58:59.736098
"Hạ Long Bay, Vietnam",247.0,247.0,0.0,https://encrypted-tbn0.gstatic.com/images?q=tbn:ANd9GcQdH7xkaOku2D4UGiEtbegMDLIWszqsJrVB-XkpO13CqXswYGnUUFMgsO4uFwTrf0y8EAbVZJI4A0eo4UHbgxYiQFIDVb-zsz70Dt0OOg,2026-06-25,2026-06-29,Scoot,0,205,HAN,Weekend,June,2026-04-06T01:58:59.736102
"Abu Dhabi, United Arab Emirates",568.0,568.0,0.0,https://encrypted-tbn2.gstatic.com/images?q=tbn:ANd9GcTwBpYbpnuaEurTOeQbgYJzxk3uOAjB7bRvnTetkMlsdPqKciAFtLJswZmMHWpVhkLeEbJZCCZwoXaQ5D4aSc9sT4I-yBQBrT3r5vSWtA,2026-06-04,2026-06-07,Gulf Air,1,1160,AUH,Weekend,June,2026-04-06T01:58:59.736105
"Chennai, India",301.0,301.0,0.0,https://encrypted-tbn3.gstatic.com/images?q=tbn:ANd9GcT8jGx4Oe7gOIT3dSF0FgoYzjECbwXYCIq6g0sMhY30kkZu5ThtcjZeZrIwVErtNu0yP-R_6Fgzt1BlhFJgF4nE0Cxoy4q_LrB5mHM6_A,2026-06-26,2026-06-29,Scoot,0,240,MAA,Weekend,June,2026-04-06T01:58:59.736109
"Varanasi, India",535.0,535.0,0.0,https://encrypted-tbn2.gstatic.com/images?q=tbn:ANd9GcRg1OmvYJVmJRkkH48WQY4LvYje4OuiXjLle-GS5PpRg-nonn9JC3CvB7HFko6WDkJnbxLL2s8j9VJf3XEWtJjx9xwADzwK_XzESUnUsA,2026-06-12,2026-06-15,Air India and Air India Express,1,690,VNS,Weekend,June,2026-04-06T01:58:59.736112
"Udaipur, India",478.0,478.0,0.0,https://encrypted-tbn3.gstatic.com/images?q=tbn:ANd9GcSDElWaJCFOU4Y_U3X_1eUQsKG7FBPTiC6ZjgywBhr-NVfC9MscjNzDtVWHXcZxqrvrg6doXFJ3HtKk7f7vlZEBRljFcaKQrvdT1Lfn8Q,2026-06-26,2026-06-28,Air India,1,1905,UDR,Weekend,June,2026-04-06T01:58:59.736116
"Agra, India",418.0,418.0,0.0,https://encrypted-tbn2.gstatic.com/images?q=tbn:ANd9GcQI0YQv8yflL3rak3GIymC_IQPCnsI79bxC_lkZZonTDvjgQT1rNO7yJFilB65Gezf2VFQaf9yZ_h8HiA,2026-06-06,2026-06-08,Air India and Air India Express,1,655,DEL,Weekend,June,2026-04-06T01:58:59.736119
"Ko Samui, Thailand",435.0,435.0,0.0,https://encrypted-tbn0.gstatic.com/images?q=tbn:ANd9GcQ5VBzIPEfByKaFwNzikHD-kPxvUCXDQnYSeSf5xfsIeLO82X1NYZAjeCuuPKR2bV5qteuV8eJwTlrqba9OPo7suR-eLdKQb1P0WeM74A,2026-06-04,2026-06-07,Scoot,0,115,USM,Weekend,June,2026-04-06T01:58:59.736123
"Kolkata, India",433.0,433.0,0.0,https://encrypted-tbn1.gstatic.com/images?q=tbn:ANd9GcQkqRm0hB0I1L_Wd8J2SnHNwKFZT4kXBUBpwALXSPcPiN3P3c_WpHKIiaKVq1Y3OxMKtVX086O0hVbNFgQnycWMKjv8QwffmoMgidSS2Q,2026-06-25,2026-06-29,IndiGo,0,250,CCU,Weekend,June,2026-04-06T01:58:59.736126
"Taipei City, Taiwan",285.0,285.0,0.0,https://encrypted-tbn3.gstatic.com/images?q=tbn:ANd9GcQXLhb-ghDjmkIYAVvdu4F0jxICbcNjvay2bPLvj8Hp1u_uQKcabDV_PEHWzUdFw6H1BPMdXV5ahY-NuEBcv5y050siHU3OyxbnIrgwfg,2026-06-04,2026-06-07,Scoot,0,285,TPE,Weekend,June,2026-04-06T01:58:59.736129
"Kochi, India",439.0,439.0,0.0,https://encrypted-tbn3.gstatic.com/images?q=tbn:ANd9GcTPv3xu1wWA_PiElguRprW5LXIiyk1swUyWnl2QBNczqNvHpUCVW0j4KU7r7TduEUBjZLEgF1r2LndBwX3sPX83Xs2BTqGidMf9Wb4X7w,2026-06-18,2026-06-21,Air India and Singapore Airlines,1,270,COK,Weekend,June,2026-04-06T01:58:59.736133
"Kathmandu, Nepal",643.0,643.0,0.0,https://encrypted-tbn0.gstatic.com/images?q=tbn:ANd9GcT78awjGv8SH4zFojoNUasAJqCxFPYe5qPHDvKUhH54AJ48YS8N1M9idwAQkN9fOXSnaMT2Rb5XpFn5tN3eT-3_sfEtXzetNBogSwD10g,2026-06-04,2026-06-08,Air India,1,590,KTM,Weekend,June,2026-04-06T01:58:59.736136
"Manila, Philippines",263.0,263.0,0.0,https://encrypted-tbn3.gstatic.com/images?q=tbn:ANd9GcRr9zUtKyDotaE-xA4DBVzZeavqk4R9wcvHmPGhQaJYfJO42GbiiIxaklB54UPajj9Fb2NgEdnVKsjvVPiBUWLwL4ShNsl8GI51yhA3MQ,2026-06-18,2026-06-22,Scoot,0,230,MNL,Weekend,June,2026-04-06T01:58:59.736139
"Bahrain, Bahrain",857.0,857.0,0.0,https://encrypted-tbn2.gstatic.com/images?q=tbn:ANd9GcSV-vcI5g_BSfRsSLESsjQeatxt7gtRek4JeffV42nrl5WMmzv4CM01xYgIecZb8062y259TXOBwtIRf3oxl-QQmui-tpQaPs-3yLaarQ,2026-06-18,2026-06-21,Etihad,1,610,BAH,Weekend,June,2026-04-06T01:58:59.736142
"Macao, Macao",443.0,443.0,0.0,https://encrypted-tbn1.gstatic.com/images?q=tbn:ANd9GcQSqvJMa-Boc6alR19GIwxB5x8fz6SLMX4U07VIkUBrXrHUId6y7gaY5UM0NjSMQ8dxCMqaO-Vb6NcCcpDkTJWIL-bb7VqXfHxBqGdPBQ,2026-06-25,2026-06-29,XiamenAir and Scoot,1,245,MFM,Weekend,June,2026-04-06T01:58:59.736146
"Hyderabad, India",413.0,413.0,0.0,https://encrypted-tbn0.gstatic.com/images?q=tbn:ANd9GcS3lpOwI2CRkpJjacFXUmD9pyCXeZ-MP0UNVoSY-ZINyBSXwarclu3H5KLBmgmXLMvZ8CFEPC_CTn9MxVN2fSbIBcOTsu-WSQuxa1tkvQ,2026-06-19,2026-06-21,IndiGo and Singapore Airlines,0,275,HYD,Weekend,June,2026-04-06T01:58:59.736149
"Da Nang, Vietnam",303.0,303.0,0.0,https://encrypted-tbn0.gstatic.com/images?q=tbn:ANd9GcRY7AI9sBPAD8WaK_I7CMw80ft40TqnRp1EjFdp9GnRDSxju7-F8tl-8bCJnT0Wdb16UIVE-GplpFzGlWkWlV9HQ_ABPTCatv79wUf_ww,2026-06-27,2026-06-29,Scoot,0,170,DAD,Weekend,June,2026-04-06T01:58:59.736153
"Shimla, India",418.0,418.0,0.0,https://encrypted-tbn1.gstatic.com/images?q=tbn:ANd9GcRmVtZCspa49qA-VRdGwLUuhCYbfJl99rU2w1Dr_PWQ3xiGSYx9VEXsN9QQ4eU8ASsCrKZe-uXEhGKoWavjil_p5W2zaaBuI22CrttqxA,2026-06-06,2026-06-08,Air India and Air India Express,1,655,DEL,Weekend,June,2026-04-06T01:58:59.736156
"Phi Phi Islands, Thailand",168.0,168.0,0.0,https://encrypted-tbn0.gstatic.com/images?q=tbn:ANd9GcRNzFqylUFfDPlSFl6ftR_AaTDgRKnsnWELQ1AhaG8PoviVYfUBfL58bO2mI4nquyKwQLjH5nBD0o6jPu4wuLM7OfrGuryPm0fGnejIAw,2026-06-04,2026-06-08,Firefly and Scoot,1,125,KBV,Weekend,June,2026-04-06T01:58:59.736159
"Rishikesh, India",418.0,418.0,0.0,https://encrypted-tbn0.gstatic.com/images?q=tbn:ANd9GcQfnGK9xvCgM7SqaGAnrr-_xe7z2ObRVdDcCHEZvvCJmJvfPigk-FXOPJhBuaMZ11zbtVGZf7GaxmCkvgDB0PLXsaQ2WySPT5Fcf09Faw,2026-06-06,2026-06-08,Air India and Air India Express,1,655,DEL,Weekend,June,2026-04-06T01:58:59.736163
"Manali, India",418.0,418.0,0.0,https://encrypted-tbn2.gstatic.com/images?q=tbn:ANd9GcScenrP6gjGb22lYsm8hjewD2rWHNXHj5hgZhSH4EXtFQ9vluathDHuGxcS18s0x2hP3XoltAmZURaN8WbSwwbatRsnz2MFZ0ZwVnW8VQ,2026-06-06,2026-06-08,Air India and Air India Express,1,655,DEL,Weekend,June,2026-04-06T01:58:59.736167
"Jodhpur, India",512.0,512.0,0.0,https://encrypted-tbn0.gstatic.com/images?q=tbn:ANd9GcT8rBuapOqnIZRswSHWgHMRjC4gzYc6DE1yL1Z1ztSjcpHalJq26yGPgeI_ULnxNPCfK3LMV0Pj6xjeJh5akRjEUMHFxuGqEEiOou58Nw,2026-06-18,2026-06-21,Air India,1,1175,JDH,Weekend,June,2026-04-06T01:58:59.736171
"Munnar, India",439.0,439.0,0.0,https://encrypted-tbn3.gstatic.com/images?q=tbn:ANd9GcRqTHPBvoWmkwj7azYfSnX-4D9m7HpvFFq2vilhEa-17FM8zY0YvpGbpPe8I3_sHgpMYKqd9FSkuFtZWe9eOFGaLBeC3_i-qhxMPS2ZZQ,2026-06-18,2026-06-21,Air India and Singapore Airlines,1,270,COK,Weekend,June,2026-04-06T01:58:59.736175
"Phú Quốc, Vietnam",347.0,347.0,0.0,https://encrypted-tbn3.gstatic.com/images?q=tbn:ANd9GcRGbWm0uqKOR9KmPBYMR8hSZRHOxqckm3gbBrinJy7yZfDpfAegfGEqPlX_NwjVJTCCRKnQ4hy7zd_tVOyEs6jNZ5fStfBDzeOslyEDoQ,2026-06-25,2026-06-29,Vietjet,0,100,PQC,Weekend,June,2026-04-06T01:58:59.736180
"Ranthambore National Park, India",434.0,434.0,0.0,https://encrypted-tbn1.gstatic.com/images?q=tbn:ANd9GcSxrL0gNEqLJpancU8CANYgSjKoKEt_XeO5-xtU4ORG0m7IeWEhcCeab50BDvUMimSAhhiDtirU0aL_8w7CiKJslV3QM7voc7SLfRNUXA,2026-06-25,2026-06-29,Air India and Air India Express,1,960,JAI,Weekend,June,2026-04-06T01:58:59.736183
"Colombo, Sri Lanka",588.0,588.0,0.0,https://encrypted-tbn3.gstatic.com/images?q=tbn:ANd9GcTCalYZRVLcftWCfdfjEucymsOsqadi9yimDG5NMHv6E53eNTkw3p5ze8wn7ynj7bthi5fSNd5TBC6kKSotrDYrF-RE3IV18bj2oW5xIA,2026-06-04,2026-06-07,SriLankan,0,230,CMB,Weekend,June,2026-04-06T01:58:59.736188
"Puducherry, India",301.0,301.0,0.0,https://encrypted-tbn0.gstatic.com/images?q=tbn:ANd9GcSvFZF57d-2KCNUh2lGz_SpRX0BslRnbMeUh2sb9KCiupngoHKO-0XUl8KYr7aeQZe6FlJIbLdal0LuVroiG9Wi180UtMpxG6Jxk-ytPQ,2026-06-26,2026-06-29,Scoot,0,240,MAA,Weekend,June,2026-04-06T01:58:59.736190
"Sapporo, Japan",559.0,559.0,0.0,https://encrypted-tbn0.gstatic.com/images?q=tbn:ANd9GcR4AM45jXa1psI2Z1sNxUR2XylT_5MPK1SHculUYedH63c7x8IHbBm5vDFctSbaXhn0_6bbNf6i86ZYpVuYBbEH4GveYpJzK-y7SINH1w,2026-06-25,2026-06-29,Air Do and ANA,1,725,CTS,Weekend,June,2026-04-06T01:58:59.736193
"Chengdu, China",489.0,489.0,0.0,https://encrypted-tbn3.gstatic.com/images?q=tbn:ANd9GcQY8DLeWQH982m5yXijXncNnKja_WtNJL9izzPLuwIjs4fWdKIGLfaVUBaXr3YLnyDVrv4RYKWVibM84S-hp3UpCGr78L0YycX0BZjRTw,2026-06-04,2026-06-07,Cathay Pacific,1,510,TFU,Weekend,June,2026-04-06T01:58:59.736195
"Xi'An, China",481.0,481.0,0.0,https://encrypted-tbn3.gstatic.com/images?q=tbn:ANd9GcQlRRbLPcoitY2Dl9reXFIK_MTRgheCZMFkITdRumAZOoaWoPWH17MmpII3EMgCWZiqCnsu-ROsf2sFp9iSCYUPddP48tSGXwzfALtqvA,2026-06-20,2026-06-22,China Southern,1,585,XIY,Weekend,June,2026-04-06T01:58:59.736197
"Boracay, Philippines",409.0,409.0,0.0,https://encrypted-tbn2.gstatic.com/images?q=tbn:ANd9GcSWVEP-f4Tsv9itb6e5PrsSbMRzn1pCVXoPAN7uzJJb3pMDQfBH4KRylRfEcwRrRrkfkye1AZFE9payFqm1xehM0rWmEcZsd2t1jrRgsQ,2026-06-20,2026-06-22,Cebu Pacific,1,710,MPH,Weekend,June,2026-04-06T01:58:59.736199
"Cebu City, Philippines",254.0,254.0,0.0,https://encrypted-tbn0.gstatic.com/images?q=tbn:ANd9GcRQkSFnL8j_JnNZIPer-g9BJfnnRj2BME3jwdM8u2pdZX5SMMAE6rz0Hghh-cgEA9re1JDSt3XMQWLcIHPANBsJgId_suPx16yEH4yKOA,2026-06-25,2026-06-29,Cebu Pacific,0,235,CEB,Weekend,June,2026-04-06T01:58:59.736201
"Kaziranga National Park, India",504.0,504.0,0.0,https://encrypted-tbn1.gstatic.com/images?q=tbn:ANd9GcQDBQ8gOfMM5IwB9Kv4SMGtY_VPTDN01t38twMZQ4jvK04wX5tThshiljXNBOmn9R1pWAUQanV96n0LiujQ0L_2pHnHCpEZsWJr0pU7HA,2026-06-04,2026-06-07,Air India and Air India Express,1,765,GAU,Weekend,June,2026-04-06T01:58:59.736203
"Guwahati, India",504.0,504.0,0.0,https://encrypted-tbn0.gstatic.com/images?q=tbn:ANd9GcSTNDJXSuGok1AmlZ2jJpvD_mzuF2s44iPPLEb27hyvOHBabF44H_oKWPTzHate__CBMAUXcvjMHojIKzvNCWdjG_BtKZSHWQXcb3rYuA,2026-06-04,2026-06-07,Air India and Air India Express,1,765,GAU,Weekend,June,2026-04-06T01:58:59.736205
"Tashkent, Uzbekistan",751.0,751.0,0.0,https://encrypted-tbn2.gstatic.com/images?q=tbn:ANd9GcQA8i7cAg_5GT78C0ciF1cM-ly6BiS_ojUVXMMr6drRYdStr40B90277pTgsMCGul1IEbR6ZDAc4atr4D6HN9laieRaaJeaT3hmLsKqBg,2026-06-26,2026-06-29,AirAsia and AirAsia X,1,655,TAS,Weekend,June,2026-04-06T01:58:59.736207
"Niseko, Japan",559.0,559.0,0.0,https://encrypted-tbn0.gstatic.com/images?q=tbn:ANd9GcRF7wdJWoE22_Ai99rtZ7hjcWVIp65xTxNoA1-WBleQknbJwrCZRAi_Mk_xp720dO7R7O0VWM2ILl-qKWXESGCxtRNFgJE-m-HdGwrlxw,2026-06-25,2026-06-29,Air Do and ANA,1,725,CTS,Weekend,June,2026-04-06T01:58:59.736209
"Almaty, Kazakhstan",830.0,830.0,0.0,https://encrypted-tbn2.gstatic.com/images?q=tbn:ANd9GcR8iDoh59ddyzKl4KpDTbZMB5nZzWIzPoHXHEhF6j5LF-er9e4arKtTln2lYA-WuD2Z23ZsHkv3IaTY8X4k7_H0sz7pZENVvOOpEEYVqA,2026-06-26,2026-06-29,Thai AirAsia and Thai AirAsia X,1,750,ALA,Weekend,June,2026-04-06T01:58:59.736211
"Guam, Guam",898.0,898.0,0.0,https://encrypted-tbn2.gstatic.com/images?q=tbn:ANd9GcTuOFnrHa29K1tpqiPQklQESCCKp3f-FzHa53cUPpXN1fLNxBqzixLAbuWT60pbd7ARYOKKnNlHkSWX7ZK6YnEyD7CALkdWcBFLTcNWIw,2026-06-04,2026-06-07,Philippine Airlines,1,710,GUM,Weekend,June,2026-04-06T01:58:59.736213
"Tehran, Iran",1216.0,1216.0,0.0,https://encrypted-tbn3.gstatic.com/images?q=tbn:ANd9GcSE4XzJ3-jox0HepD9O5KomPQPnuWx3ClgVoliBalJu3shkAEawZWYi-M4YltQCNIzSMcKVSDWIXucwru13GOVroOYQmrDyLJXemqgOsw,2026-06-18,2026-06-21,Qatar Airways,1,915,IKA,Weekend,June,2026-04-06T01:58:59.736216
"Ras Al-Khaimah, United Arab Emirates",568.0,568.0,0.0,https://encrypted-tbn3.gstatic.com/licensed-image?q=tbn:ANd9GcRqN2nkqrp4EWzuegpcggvlBSbOvCKgapKriR2tAvPupr4oZcQEJa0C8uqHFmikgu9K9VL66dVOzdwZB61x1yLnkiy5zMTNcx-7NoCuvA,2026-06-04,2026-06-07,Gulf Air,1,690,DXB,Weekend,June,2026-04-06T01:58:59.736218
"Harbin, China",462.0,462.0,0.0,https://encrypted-tbn2.gstatic.com/images?q=tbn:ANd9GcR_MvPBNPJRk-TEMtrt8B_sIPMp92xYO42dahjcu0DxdK4F66B0rsb64v3pXLOHINO5t9aBZpbKBmHOyvLO3vOdgKa6uK86bxFgkbX2Rw,2026-06-25,2026-06-29,Shandong,1,1060,HRB,Weekend,June,2026-04-06T01:58:59.736220
"Ulaanbaatar, Mongolia",1136.0,1136.0,0.0,https://encrypted-tbn3.gstatic.com/images?q=tbn:ANd9GcQG0oMWF9H5cvBuRMc1phyW4DGIc3S1ZIRFEi4bS-9Ah2c3Co46HWv1_2zJ1tvvI65NTG8aEoXWTCclixETbnq0PNTGkXrnN9sz9iG0xg,2026-06-13,2026-06-15,T'Way Air,1,860,UBN,Weekend,June,2026-04-06T01:58:59.736222
"Furano, Japan",559.0,559.0,0.0,https://encrypted-tbn2.gstatic.com/images?q=tbn:ANd9GcToxhNswMamZEIFMbN4ViNIJsOoa4oiFtq7c4e5-91uhu2Jn90OSbq0u5zR3i6o5nafcKScuhJqbJsDFUCz3feBEspB5AhViICZylm6aA,2026-06-25,2026-06-29,Air Do and ANA,1,725,CTS,Weekend,June,2026-04-06T01:58:59.736226
"Isfahan, Iran",1216.0,1216.0,0.0,https://encrypted-tbn1.gstatic.com/images?q=tbn:ANd9GcQwakxOitW8qCd-ni_IJjGONuLvWsVBR7rBET6-YCURz2311yI6ijeKgu8Oe3FsvU9mMUpcQj-oFf1Gpkcchug6yKOuFNeoBfZyPvXW3w,2026-06-18,2026-06-21,Qatar Airways,1,915,IKA,Weekend,June,2026-04-06T01:58:59.736228
"Issyk Kul, Kyrgyzstan",830.0,830.0,0.0,https://encrypted-tbn0.gstatic.com/images?q=tbn:ANd9GcQDqLw0IWmVH11kyhh3ObcxYz5CmojvvYLlZDO2Ce_HdyewWrz_23BNsNt-RY463jE2YcjeCNoPPHhuv04pWUqf57iN5Knpc99fCpNHQA,2026-06-26,2026-06-29,Thai AirAsia and Thai AirAsia X,1,750,ALA,Weekend,June,2026-04-06T01:58:59.736230
"Asahikawa, Japan",559.0,559.0,0.0,https://encrypted-tbn2.gstatic.com/images?q=tbn:ANd9GcS0VqKQp5kcTlRC4ivn7m1K-O7wcMpVzC8dUZ1XU5NeI5AE8uYY9FQQG1l_nbbVdcA2ZVw6R_cydjdmi6UJBTkD6s84-qL6j1L0ppHZRw,2026-06-25,2026-06-29,Air Do and ANA,1,725,CTS,Weekend,June,2026-04-06T01:58:59.736233
"Ürümqi, China",562.0,562.0,0.0,https://encrypted-tbn2.gstatic.com/images?q=tbn:ANd9GcQG7GdzgUFPXs__gKaBVRzQaJyESgnuqLvTQ2PKS1DtS6k70TghaCiYlvLODQcqYelNGewNj-hgj_pjCSM7n1Df_nnW-VeC8V0We0h8MQ,2026-06-25,2026-06-28,Shandong,2,1315,URC,Weekend,June,2026-04-06T01:58:59.736235
"Padang, Indonesia",259.0,259.0,0.0,https://encrypted-tbn3.gstatic.com/images?q=tbn:ANd9GcTDKL2EVQYGn6jKkf-kN_Rdm--pZIl3mnnwYSPeO8URaMSrnPVDbZRZO1nonj0WI2Z5L8nyBj7Jy5i5ERwaG24pySvVcU1OAwT7x1Wu2A,2026-06-27,2026-06-29,Scoot,0,75,PDG,Weekend,June,2026-04-06T01:58:59.736238
"Gorkhi Terelj National Park, Mongolia",1136.0,1136.0,0.0,https://encrypted-tbn1.gstatic.com/images?q=tbn:ANd9GcRs_x--VIR1dafl4avf8s8m8flCHTx1toLHUv0UIkRJOqQDwiSLMgVvR7Hfv6y9hrDun52sIUrYRl_HhdPAXnHuZHjKef9kXZJycsNXmQ,2026-06-13,2026-06-15,T'Way Air,1,860,UBN,Weekend,June,2026-04-06T01:58:59.736240
"Tokyo, Japan",411.0,411.0,0.0,https://encrypted-tbn3.gstatic.com/images?q=tbn:ANd9GcRiqAYuTkGrtxMazhSpAJve9ZzWSTvJ8xFHSX2ih6rQEoYgDOw0Aey3IBJh7-QF38k1xmhOiFoVXd8u5V1ip4G05Aprq0q6HulopWyM5A,2026-06-29,2026-07-08,Scoot and ZIPAIR Tokyo,0,420,NRT,1 Week,June,2026-04-06T01:59:03.080123
"Hong Kong, Hong Kong",371.0,371.0,0.0,https://encrypted-tbn1.gstatic.com/images?q=tbn:ANd9GcTd4giZUOnVkLOK19qE-hoKaexrOb1lLvZOn_lzXx6X39chZYcKOZIlG92b-8CwcwsYWc8P53FjOTPh8YHr2wbh_ORXoEs2OLBTPE3kzw,2026-06-27,2026-07-03,Singapore Airlines,0,235,HKG,1 Week,June,2026-04-06T01:59:03.080136
"Kyoto, Japan",328.0,328.0,0.0,https://encrypted-tbn2.gstatic.com/images?q=tbn:ANd9GcQtOVcFjC9WqGv4M70NBscJETxCioVhaxdDOixuut8dt708uPIEgFT53Jq9zXHfI6sAOAWzmyAXmctAP52yFO2Cgwinfa9tIJlulmeR_g,2026-06-29,2026-07-07,"AirAsia, AirAsia X, and Peach Aviation",1,400,KIX,1 Week,June,2026-04-06T01:59:03.080140
"Osaka, Japan",328.0,328.0,0.0,https://encrypted-tbn3.gstatic.com/images?q=tbn:ANd9GcQ4taqtiRvr48l49Sh_f8rfRxj-enava5SmEA0s6U_pWeh7BW8eHOvOFczJy-B5oH6n3Wu-KNzT4A-NY_SzrseToTfHLKVhkr-mWGLWIA,2026-06-29,2026-07-07,"AirAsia, AirAsia X, and Peach Aviation",1,400,KIX,1 Week,June,2026-04-06T01:59:03.080144
"Seoul, South Korea",329.0,328.0,1.0,https://encrypted-tbn0.gstatic.com/images?q=tbn:ANd9GcSGy4LggtmRKCw-VDM7sZj2JVAI9kZiAlSkcki4ZP7jzUeqZlOBfwDo0IH5E2Xksu0CgoBvjpPlWiH4g5dXne5aQ5Iy4S01_z3bJg47cQ,2026-06-29,2026-07-06,Scoot,0,390,ICN,1 Week,June,2026-04-06T01:59:03.080147
"Bangkok, Thailand",192.0,192.0,0.0,https://encrypted-tbn3.gstatic.com/images?q=tbn:ANd9GcTPIoqStMvXXTYbUQSylJYyWjY5HYM1GX-AALOOPHhXdXZDY56SSslLQDDkdhOxRX31c8qW7XFzS5zSEG6PGhEhGzxEbzyUYrqVxP_mBg,2026-06-29,2026-07-08,Scoot,0,155,BKK,1 Week,June,2026-04-06T01:59:03.080151
"Hanoi, Vietnam",254.0,254.0,0.0,https://encrypted-tbn2.gstatic.com/images?q=tbn:ANd9GcTh-Ne26gTyuHsN2ZHc-hQy1CJQ2ipECMiZPX8oGOu9Gw2plYSgbGAHFY4M4Eqls6MLlm3xgJf4uKpU0FRcZaKySylwTv73Ej3oD5pwEQ,2026-06-04,2026-06-11,Scoot,0,205,HAN,1 Week,June,2026-04-06T01:59:03.080154
"Ho Chi Minh City, Vietnam",200.0,200.0,0.0,https://encrypted-tbn0.gstatic.com/images?q=tbn:ANd9GcRrJKZk1BiYhZ3mY3euABvLxDIBukBw5gmGkEhkLqxNVGRjU8fVETFnNMHQIvPummF_6pB1XJ3tWE5VN7coLGd63VogrXcGfgf569shwA,2026-06-04,2026-06-11,Scoot,0,135,SGN,1 Week,June,2026-04-06T01:59:03.080157
"Mumbai, India",335.0,335.0,0.0,https://encrypted-tbn1.gstatic.com/images?q=tbn:ANd9GcTRRckp8mseYnYQ7l8HELq1GoFqwH1zksN3R-F36DAYjcG5Vt5RRGV-jd25K06kaNDTLkxXdzk0QUW09L6kHJOKEQg3Txbhyf9_10ZiXg,2026-06-04,2026-06-10,Air India,0,340,BOM,1 Week,June,2026-04-06T01:59:03.080161
"New Delhi, India",342.0,342.0,0.0,https://encrypted-tbn0.gstatic.com/images?q=tbn:ANd9GcSl_0QJXM0LcbhkFClbfILfC8ZiSCyO5XZpO0iSG1vfJg82v_FHjLXKSHs4cuyhvv4qL9jHKtP8ejqB62ObqFIQDnc3TDNCBAKM57ywZQ,2026-06-29,2026-07-08,AirAsia and AirAsia X,1,625,DEL,1 Week,June,2026-04-06T01:59:03.080164
"Federal Territory of Kuala Lumpur, Malaysia",107.0,107.0,0.0,https://encrypted-tbn3.gstatic.com/images?q=tbn:ANd9GcQQIk1ExRSHJSg0CA3pM6ISxhFBQVZJ7iNmv02par-cAbKXlYKgy5PyTpGtQT33xTsdoO0dFIXrLwxWqlAmtUcQD7cziyQYbCZ55yo55Q,2026-06-28,2026-07-04,AirAsia,0,65,KUL,1 Week,June,2026-04-06T01:59:03.080168
"Dubai, United Arab Emirates",568.0,568.0,0.0,https://encrypted-tbn2.gstatic.com/images?q=tbn:ANd9GcS8I-qzYsk8MfqbtG7XZriHCE-pfBAmDIEitgTNi6pkd4ydYfON7ave6PO0r4SphWZcLjoAZuDchjD45415sUjceoYWW2iZuva8SQ9Spg,2026-06-01,2026-06-07,Gulf Air,1,690,DXB,1 Week,June,2026-04-06T01:59:03.080171
"Chiang Mai, Thailand",302.0,302.0,0.0,https://encrypted-tbn2.gstatic.com/images?q=tbn:ANd9GcTWkJDtb_3dOVc83TPKcKR6rRyKwp9M0n4vxVyFLuQ4ptiBf2FOEvVCTgmNI6dA6yLD85h9dhQ--u0VJsMWDGNwsAE013NEUxXHaHt00w,2026-06-28,2026-07-07,Scoot,0,185,CNX,1 Week,June,2026-04-06T01:59:03.080174
"Jaipur, India",430.0,430.0,0.0,https://encrypted-tbn2.gstatic.com/images?q=tbn:ANd9GcRHqyQ66crs-roykYQYxDmWP5W5OJrHQTXbb44A5zWulqxTZqTHGy2hBSBr8d_dU8AQ4qFU-hzSZNSDGh8MhIgg3DyUUeXB0f3QkYRhpw,2026-06-04,2026-06-10,Air India and Air India Express,1,960,JAI,1 Week,June,2026-04-06T01:59:03.080177
"Phuket, Thailand",166.0,166.0,0.0,https://encrypted-tbn3.gstatic.com/images?q=tbn:ANd9GcTiBNj9z2Tf0lnw1uff6ooYy7liuVrHON7xT0xwWMJJWj3t4puxffP6RFtMin9PMz2RmGh6hiBIzk-1EGPwdS0BTJqDV9Dc_nMu3U5NQA,2026-06-28,2026-07-04,Scoot,0,110,HKT,1 Week,June,2026-04-06T01:59:03.080180
"Beijing, China",363.0,363.0,0.0,https://encrypted-tbn1.gstatic.com/images?q=tbn:ANd9GcR6R3TE9LrMLUM8It2c4f4zpNHzm3U-Peq5u7VO4V6QKrFk0vcJi5BJqLmmSuBNCoOTLy0XsoAmhFwqm2sUijEusLJoXjMkTWCWUiNOcw,2026-06-25,2026-07-01,AirAsia and Singapore Airlines,1,365,PKX,1 Week,June,2026-04-06T01:59:03.080183
"Goa, India",429.0,429.0,0.0,https://encrypted-tbn1.gstatic.com/images?q=tbn:ANd9GcTO_bUFJ2hIpNKQP021IDGX5_9DjDgvZKtkIrDVxwM0u4I5OAp1Iax4_EW6hoaO9NUW0KWgILohWKKZLG9XzbzfZkpeonIKw3VgPDT5tQ,2026-06-29,2026-07-07,Air India and Air India Express,1,695,GOI,1 Week,June,2026-04-06T01:59:03.080187
"Shanghai, China",384.0,384.0,0.0,https://encrypted-tbn2.gstatic.com/images?q=tbn:ANd9GcTujsAS0i3-zbeimLQQ8RJnTX80xFZm7VnTsswhTD6W1aHQZWxzA7pNb0BMAVpelCNQq3SEx1592gylHw,2026-06-01,2026-06-07,Spring,0,335,PVG,1 Week,June,2026-04-06T01:59:03.080190
Hội An,247.0,247.0,0.0,https://encrypted-tbn3.gstatic.com/images?q=tbn:ANd9GcRRNok0jp9TQx-QJc8bQnN2ksLZePNr89SdiNSiwUwpXKh0aVOnLPThIeJfqztwgB97XWeFuxC9lhG0DimISpDGn4Hfkm_wLNu4dl340A,2026-06-27,2026-07-03,AirAsia and Scoot,1,170,DAD,1 Week,June,2026-04-06T01:59:03.080193
"Bengaluru, India",353.0,347.0,6.0,https://encrypted-tbn2.gstatic.com/images?q=tbn:ANd9GcRRnVQMArN8G30p02VM6n18fD9LS-EXlKYRbJfv6CPLwRZ9C2wXHGXWsl6OOG5ubeHraoTiiKbSaBZnb2O3B02YbhgEtC8m9xRxgPwGfQ,2026-06-18,2026-06-24,Singapore Airlines,0,255,BLR,1 Week,June,2026-04-06T01:59:03.080196
"Hạ Long Bay, Vietnam",254.0,254.0,0.0,https://encrypted-tbn0.gstatic.com/images?q=tbn:ANd9GcQdH7xkaOku2D4UGiEtbegMDLIWszqsJrVB-XkpO13CqXswYGnUUFMgsO4uFwTrf0y8EAbVZJI4A0eo4UHbgxYiQFIDVb-zsz70Dt0OOg,2026-06-04,2026-06-11,Scoot,0,205,HAN,1 Week,June,2026-04-06T01:59:03.080200
"Abu Dhabi, United Arab Emirates",568.0,568.0,0.0,https://encrypted-tbn2.gstatic.com/images?q=tbn:ANd9GcTwBpYbpnuaEurTOeQbgYJzxk3uOAjB7bRvnTetkMlsdPqKciAFtLJswZmMHWpVhkLeEbJZCCZwoXaQ5D4aSc9sT4I-yBQBrT3r5vSWtA,2026-06-01,2026-06-07,Gulf Air,1,735,AUH,1 Week,June,2026-04-06T01:59:03.080204
"Chennai, India",264.0,264.0,0.0,https://encrypted-tbn3.gstatic.com/images?q=tbn:ANd9GcT8jGx4Oe7gOIT3dSF0FgoYzjECbwXYCIq6g0sMhY30kkZu5ThtcjZeZrIwVErtNu0yP-R_6Fgzt1BlhFJgF4nE0Cxoy4q_LrB5mHM6_A,2026-06-22,2026-07-01,Scoot,0,240,MAA,1 Week,June,2026-04-06T01:59:03.080207
"Varanasi, India",488.0,488.0,0.0,https://encrypted-tbn2.gstatic.com/images?q=tbn:ANd9GcRg1OmvYJVmJRkkH48WQY4LvYje4OuiXjLle-GS5PpRg-nonn9JC3CvB7HFko6WDkJnbxLL2s8j9VJf3XEWtJjx9xwADzwK_XzESUnUsA,2026-06-04,2026-06-10,Air India and Air India Express,1,815,VNS,1 Week,June,2026-04-06T01:59:03.080210
"Udaipur, India",446.0,446.0,0.0,https://encrypted-tbn3.gstatic.com/images?q=tbn:ANd9GcSDElWaJCFOU4Y_U3X_1eUQsKG7FBPTiC6ZjgywBhr-NVfC9MscjNzDtVWHXcZxqrvrg6doXFJ3HtKk7f7vlZEBRljFcaKQrvdT1Lfn8Q,2026-06-25,2026-07-03,Air India,1,1250,UDR,1 Week,June,2026-04-06T01:59:03.080214
"Agra, India",342.0,342.0,0.0,https://encrypted-tbn2.gstatic.com/images?q=tbn:ANd9GcQI0YQv8yflL3rak3GIymC_IQPCnsI79bxC_lkZZonTDvjgQT1rNO7yJFilB65Gezf2VFQaf9yZ_h8HiA,2026-06-29,2026-07-08,AirAsia and AirAsia X,1,625,DEL,1 Week,June,2026-04-06T01:59:03.080217
"Ko Samui, Thailand",363.0,364.0,-1.0,https://encrypted-tbn0.gstatic.com/images?q=tbn:ANd9GcQ5VBzIPEfByKaFwNzikHD-kPxvUCXDQnYSeSf5xfsIeLO82X1NYZAjeCuuPKR2bV5qteuV8eJwTlrqba9OPo7suR-eLdKQb1P0WeM74A,2026-06-25,2026-07-02,Scoot,0,115,USM,1 Week,June,2026-04-06T01:59:03.080221
"Kolkata, India",459.0,455.0,4.0,https://encrypted-tbn1.gstatic.com/images?q=tbn:ANd9GcQkqRm0hB0I1L_Wd8J2SnHNwKFZT4kXBUBpwALXSPcPiN3P3c_WpHKIiaKVq1Y3OxMKtVX086O0hVbNFgQnycWMKjv8QwffmoMgidSS2Q,2026-06-27,2026-07-05,Air India,1,960,CCU,1 Week,June,2026-04-06T01:59:03.080224
"Taipei City, Taiwan",258.0,258.0,0.0,https://encrypted-tbn3.gstatic.com/images?q=tbn:ANd9GcQXLhb-ghDjmkIYAVvdu4F0jxICbcNjvay2bPLvj8Hp1u_uQKcabDV_PEHWzUdFw6H1BPMdXV5ahY-NuEBcv5y050siHU3OyxbnIrgwfg,2026-06-18,2026-06-24,Scoot,0,285,TPE,1 Week,June,2026-04-06T01:59:03.080227
"Kochi, India",439.0,439.0,0.0,https://encrypted-tbn3.gstatic.com/images?q=tbn:ANd9GcTPv3xu1wWA_PiElguRprW5LXIiyk1swUyWnl2QBNczqNvHpUCVW0j4KU7r7TduEUBjZLEgF1r2LndBwX3sPX83Xs2BTqGidMf9Wb4X7w,2026-06-27,2026-07-06,Air India and Singapore Airlines,1,270,COK,1 Week,June,2026-04-06T01:59:03.080231
"Kathmandu, Nepal",643.0,643.0,0.0,https://encrypted-tbn0.gstatic.com/images?q=tbn:ANd9GcT78awjGv8SH4zFojoNUasAJqCxFPYe5qPHDvKUhH54AJ48YS8N1M9idwAQkN9fOXSnaMT2Rb5XpFn5tN3eT-3_sfEtXzetNBogSwD10g,2026-06-01,2026-06-08,Air India,1,590,KTM,1 Week,June,2026-04-06T01:59:03.080234
"Manila, Philippines",250.0,250.0,0.0,https://encrypted-tbn3.gstatic.com/images?q=tbn:ANd9GcRr9zUtKyDotaE-xA4DBVzZeavqk4R9wcvHmPGhQaJYfJO42GbiiIxaklB54UPajj9Fb2NgEdnVKsjvVPiBUWLwL4ShNsl8GI51yhA3MQ,2026-06-29,2026-07-06,Scoot,0,240,MNL,1 Week,June,2026-04-06T01:59:03.080238
"Bahrain, Bahrain",857.0,857.0,0.0,https://encrypted-tbn2.gstatic.com/images?q=tbn:ANd9GcSV-vcI5g_BSfRsSLESsjQeatxt7gtRek4JeffV42nrl5WMmzv4CM01xYgIecZb8062y259TXOBwtIRf3oxl-QQmui-tpQaPs-3yLaarQ,2026-06-14,2026-06-20,Etihad,1,610,BAH,1 Week,June,2026-04-06T01:59:03.080241
"Macao, Macao",387.0,387.0,0.0,https://encrypted-tbn1.gstatic.com/images?q=tbn:ANd9GcQSqvJMa-Boc6alR19GIwxB5x8fz6SLMX4U07VIkUBrXrHUId6y7gaY5UM0NjSMQ8dxCMqaO-Vb6NcCcpDkTJWIL-bb7VqXfHxBqGdPBQ,2026-06-29,2026-07-07,XiamenAir and Scoot,1,245,MFM,1 Week,June,2026-04-06T01:59:03.080245
"Hyderabad, India",384.0,384.0,0.0,https://encrypted-tbn0.gstatic.com/images?q=tbn:ANd9GcS3lpOwI2CRkpJjacFXUmD9pyCXeZ-MP0UNVoSY-ZINyBSXwarclu3H5KLBmgmXLMvZ8CFEPC_CTn9MxVN2fSbIBcOTsu-WSQuxa1tkvQ,2026-06-22,2026-07-01,IndiGo and AirAsia,1,275,HYD,1 Week,June,2026-04-06T01:59:03.080248
"Da Nang, Vietnam",247.0,247.0,0.0,https://encrypted-tbn0.gstatic.com/images?q=tbn:ANd9GcRY7AI9sBPAD8WaK_I7CMw80ft40TqnRp1EjFdp9GnRDSxju7-F8tl-8bCJnT0Wdb16UIVE-GplpFzGlWkWlV9HQ_ABPTCatv79wUf_ww,2026-06-27,2026-07-03,AirAsia and Scoot,1,170,DAD,1 Week,June,2026-04-06T01:59:03.080251
"Shimla, India",342.0,342.0,0.0,https://encrypted-tbn1.gstatic.com/images?q=tbn:ANd9GcRmVtZCspa49qA-VRdGwLUuhCYbfJl99rU2w1Dr_PWQ3xiGSYx9VEXsN9QQ4eU8ASsCrKZe-uXEhGKoWavjil_p5W2zaaBuI22CrttqxA,2026-06-29,2026-07-08,AirAsia and AirAsia X,1,625,DEL,1 Week,June,2026-04-06T01:59:03.080255
"Phi Phi Islands, Thailand",100.0,100.0,0.0,https://encrypted-tbn0.gstatic.com/images?q=tbn:ANd9GcRNzFqylUFfDPlSFl6ftR_AaTDgRKnsnWELQ1AhaG8PoviVYfUBfL58bO2mI4nquyKwQLjH5nBD0o6jPu4wuLM7OfrGuryPm0fGnejIAw,2026-06-28,2026-07-04,Firefly and Scoot,1,125,KBV,1 Week,June,2026-04-06T01:59:03.080258
"Rishikesh, India",342.0,342.0,0.0,https://encrypted-tbn0.gstatic.com/images?q=tbn:ANd9GcQfnGK9xvCgM7SqaGAnrr-_xe7z2ObRVdDcCHEZvvCJmJvfPigk-FXOPJhBuaMZ11zbtVGZf7GaxmCkvgDB0PLXsaQ2WySPT5Fcf09Faw,2026-06-29,2026-07-08,AirAsia and AirAsia X,1,625,DEL,1 Week,June,2026-04-06T01:59:03.080262
"Manali, India",342.0,342.0,0.0,https://encrypted-tbn2.gstatic.com/images?q=tbn:ANd9GcScenrP6gjGb22lYsm8hjewD2rWHNXHj5hgZhSH4EXtFQ9vluathDHuGxcS18s0x2hP3XoltAmZURaN8WbSwwbatRsnz2MFZ0ZwVnW8VQ,2026-06-29,2026-07-08,AirAsia and AirAsia X,1,625,DEL,1 Week,June,2026-04-06T01:59:03.080265
"Jodhpur, India",483.0,483.0,0.0,https://encrypted-tbn0.gstatic.com/images?q=tbn:ANd9GcT8rBuapOqnIZRswSHWgHMRjC4gzYc6DE1yL1Z1ztSjcpHalJq26yGPgeI_ULnxNPCfK3LMV0Pj6xjeJh5akRjEUMHFxuGqEEiOou58Nw,2026-06-15,2026-06-24,Air India,1,1175,JDH,1 Week,June,2026-04-06T01:59:03.080269
"Munnar, India",439.0,439.0,0.0,https://encrypted-tbn3.gstatic.com/images?q=tbn:ANd9GcRqTHPBvoWmkwj7azYfSnX-4D9m7HpvFFq2vilhEa-17FM8zY0YvpGbpPe8I3_sHgpMYKqd9FSkuFtZWe9eOFGaLBeC3_i-qhxMPS2ZZQ,2026-06-27,2026-07-06,Air India and Singapore Airlines,1,270,COK,1 Week,June,2026-04-06T01:59:03.080272
"Phú Quốc, Vietnam",302.0,301.0,1.0,https://encrypted-tbn3.gstatic.com/images?q=tbn:ANd9GcRGbWm0uqKOR9KmPBYMR8hSZRHOxqckm3gbBrinJy7yZfDpfAegfGEqPlX_NwjVJTCCRKnQ4hy7zd_tVOyEs6jNZ5fStfBDzeOslyEDoQ,2026-06-22,2026-07-01,AirAsia and Vietjet,1,100,PQC,1 Week,June,2026-04-06T01:59:03.080276
"Ranthambore National Park, India",430.0,430.0,0.0,https://encrypted-tbn1.gstatic.com/images?q=tbn:ANd9GcSxrL0gNEqLJpancU8CANYgSjKoKEt_XeO5-xtU4ORG0m7IeWEhcCeab50BDvUMimSAhhiDtirU0aL_8w7CiKJslV3QM7voc7SLfRNUXA,2026-06-04,2026-06-10,Air India and Air India Express,1,960,JAI,1 Week,June,2026-04-06T01:59:03.080279
"Colombo, Sri Lanka",396.0,396.0,0.0,https://encrypted-tbn3.gstatic.com/images?q=tbn:ANd9GcTCalYZRVLcftWCfdfjEucymsOsqadi9yimDG5NMHv6E53eNTkw3p5ze8wn7ynj7bthi5fSNd5TBC6kKSotrDYrF-RE3IV18bj2oW5xIA,2026-06-28,2026-07-04,AirAsia and Batik Air,1,365,CMB,1 Week,June,2026-04-06T01:59:03.080285
"Puducherry, India",264.0,264.0,0.0,https://encrypted-tbn0.gstatic.com/images?q=tbn:ANd9GcSvFZF57d-2KCNUh2lGz_SpRX0BslRnbMeUh2sb9KCiupngoHKO-0XUl8KYr7aeQZe6FlJIbLdal0LuVroiG9Wi180UtMpxG6Jxk-ytPQ,2026-06-22,2026-07-01,Scoot,0,240,MAA,1 Week,June,2026-04-06T01:59:03.080289
"Sapporo, Japan",559.0,559.0,0.0,https://encrypted-tbn0.gstatic.com/images?q=tbn:ANd9GcR4AM45jXa1psI2Z1sNxUR2XylT_5MPK1SHculUYedH63c7x8IHbBm5vDFctSbaXhn0_6bbNf6i86ZYpVuYBbEH4GveYpJzK-y7SINH1w,2026-06-22,2026-06-29,Air Do and ANA,1,725,CTS,1 Week,June,2026-04-06T01:59:03.080294
"Chengdu, China",436.0,436.0,0.0,https://encrypted-tbn3.gstatic.com/images?q=tbn:ANd9GcQY8DLeWQH982m5yXijXncNnKja_WtNJL9izzPLuwIjs4fWdKIGLfaVUBaXr3YLnyDVrv4RYKWVibM84S-hp3UpCGr78L0YycX0BZjRTw,2026-06-29,2026-07-05,"AirAsia, AirAsia X, and Shandong",1,510,TFU,1 Week,June,2026-04-06T01:59:03.080300
"Xi'An, China",416.0,416.0,0.0,https://encrypted-tbn3.gstatic.com/images?q=tbn:ANd9GcQlRRbLPcoitY2Dl9reXFIK_MTRgheCZMFkITdRumAZOoaWoPWH17MmpII3EMgCWZiqCnsu-ROsf2sFp9iSCYUPddP48tSGXwzfALtqvA,2026-06-28,2026-07-04,"AirAsia, AirAsia X, and Scoot",1,620,XIY,1 Week,June,2026-04-06T01:59:03.080307
"Boracay, Philippines",340.0,340.0,0.0,https://encrypted-tbn2.gstatic.com/images?q=tbn:ANd9GcSWVEP-f4Tsv9itb6e5PrsSbMRzn1pCVXoPAN7uzJJb3pMDQfBH4KRylRfEcwRrRrkfkye1AZFE9payFqm1xehM0rWmEcZsd2t1jrRgsQ,2026-06-25,2026-07-01,Cebu Pacific,1,710,MPH,1 Week,June,2026-04-06T01:59:03.080310
"Cebu City, Philippines",234.0,234.0,0.0,https://encrypted-tbn0.gstatic.com/images?q=tbn:ANd9GcRQkSFnL8j_JnNZIPer-g9BJfnnRj2BME3jwdM8u2pdZX5SMMAE6rz0Hghh-cgEA9re1JDSt3XMQWLcIHPANBsJgId_suPx16yEH4yKOA,2026-06-29,2026-07-07,Cebu Pacific,0,235,CEB,1 Week,June,2026-04-06T01:59:03.080313
"Kaziranga National Park, India",504.0,504.0,0.0,https://encrypted-tbn1.gstatic.com/images?q=tbn:ANd9GcQDBQ8gOfMM5IwB9Kv4SMGtY_VPTDN01t38twMZQ4jvK04wX5tThshiljXNBOmn9R1pWAUQanV96n0LiujQ0L_2pHnHCpEZsWJr0pU7HA,2026-06-01,2026-06-07,Air India and Air India Express,1,765,GAU,1 Week,June,2026-04-06T01:59:03.080317
"Guwahati, India",504.0,504.0,0.0,https://encrypted-tbn0.gstatic.com/images?q=tbn:ANd9GcSTNDJXSuGok1AmlZ2jJpvD_mzuF2s44iPPLEb27hyvOHBabF44H_oKWPTzHate__CBMAUXcvjMHojIKzvNCWdjG_BtKZSHWQXcb3rYuA,2026-06-01,2026-06-07,Air India and Air India Express,1,765,GAU,1 Week,June,2026-04-06T01:59:03.080321
"Tashkent, Uzbekistan",881.0,773.0,108.0,https://encrypted-tbn2.gstatic.com/images?q=tbn:ANd9GcQA8i7cAg_5GT78C0ciF1cM-ly6BiS_ojUVXMMr6drRYdStr40B90277pTgsMCGul1IEbR6ZDAc4atr4D6HN9laieRaaJeaT3hmLsKqBg,2026-06-29,2026-07-06,"AirAsia, AirAsia X, and Batik Air",1,1640,TAS,1 Week,June,2026-04-06T01:59:03.080325
"Niseko, Japan",559.0,559.0,0.0,https://encrypted-tbn0.gstatic.com/images?q=tbn:ANd9GcRF7wdJWoE22_Ai99rtZ7hjcWVIp65xTxNoA1-WBleQknbJwrCZRAi_Mk_xp720dO7R7O0VWM2ILl-qKWXESGCxtRNFgJE-m-HdGwrlxw,2026-06-22,2026-06-29,Air Do and ANA,1,725,CTS,1 Week,June,2026-04-06T01:59:03.080328
"Almaty, Kazakhstan",825.0,825.0,0.0,https://encrypted-tbn2.gstatic.com/images?q=tbn:ANd9GcR8iDoh59ddyzKl4KpDTbZMB5nZzWIzPoHXHEhF6j5LF-er9e4arKtTln2lYA-WuD2Z23ZsHkv3IaTY8X4k7_H0sz7pZENVvOOpEEYVqA,2026-06-21,2026-06-29,Thai AirAsia and Thai AirAsia X,1,750,ALA,1 Week,June,2026-04-06T01:59:03.080332
"Guam, Guam",858.0,858.0,0.0,https://encrypted-tbn2.gstatic.com/images?q=tbn:ANd9GcTuOFnrHa29K1tpqiPQklQESCCKp3f-FzHa53cUPpXN1fLNxBqzixLAbuWT60pbd7ARYOKKnNlHkSWX7ZK6YnEyD7CALkdWcBFLTcNWIw,2026-06-22,2026-06-29,Philippine Airlines,1,710,GUM,1 Week,June,2026-04-06T01:59:03.080336
"Tehran, Iran",1216.0,1216.0,0.0,https://encrypted-tbn3.gstatic.com/images?q=tbn:ANd9GcSE4XzJ3-jox0HepD9O5KomPQPnuWx3ClgVoliBalJu3shkAEawZWYi-M4YltQCNIzSMcKVSDWIXucwru13GOVroOYQmrDyLJXemqgOsw,2026-06-18,2026-06-24,Qatar Airways,1,915,IKA,1 Week,June,2026-04-06T01:59:03.080341
"Ras Al-Khaimah, United Arab Emirates",568.0,568.0,0.0,https://encrypted-tbn3.gstatic.com/licensed-image?q=tbn:ANd9GcRqN2nkqrp4EWzuegpcggvlBSbOvCKgapKriR2tAvPupr4oZcQEJa0C8uqHFmikgu9K9VL66dVOzdwZB61x1yLnkiy5zMTNcx-7NoCuvA,2026-06-01,2026-06-07,Gulf Air,1,690,DXB,1 Week,June,2026-04-06T01:59:03.080345
"Harbin, China",462.0,462.0,0.0,https://encrypted-tbn2.gstatic.com/images?q=tbn:ANd9GcR_MvPBNPJRk-TEMtrt8B_sIPMp92xYO42dahjcu0DxdK4F66B0rsb64v3pXLOHINO5t9aBZpbKBmHOyvLO3vOdgKa6uK86bxFgkbX2Rw,2026-06-22,2026-06-29,Shandong,1,1060,HRB,1 Week,June,2026-04-06T01:59:03.080349
"Ulaanbaatar, Mongolia",1116.0,1116.0,0.0,https://encrypted-tbn3.gstatic.com/images?q=tbn:ANd9GcQG0oMWF9H5cvBuRMc1phyW4DGIc3S1ZIRFEi4bS-9Ah2c3Co46HWv1_2zJ1tvvI65NTG8aEoXWTCclixETbnq0PNTGkXrnN9sz9iG0xg,2026-06-07,2026-06-14,T'Way Air,1,860,UBN,1 Week,June,2026-04-06T01:59:03.080353
"Furano, Japan",559.0,559.0,0.0,https://encrypted-tbn2.gstatic.com/images?q=tbn:ANd9GcToxhNswMamZEIFMbN4ViNIJsOoa4oiFtq7c4e5-91uhu2Jn90OSbq0u5zR3i6o5nafcKScuhJqbJsDFUCz3feBEspB5AhViICZylm6aA,2026-06-22,2026-06-29,Air Do and ANA,1,725,CTS,1 Week,June,2026-04-06T01:59:03.080357
"Isfahan, Iran",1216.0,1216.0,0.0,https://encrypted-tbn1.gstatic.com/images?q=tbn:ANd9GcQwakxOitW8qCd-ni_IJjGONuLvWsVBR7rBET6-YCURz2311yI6ijeKgu8Oe3FsvU9mMUpcQj-oFf1Gpkcchug6yKOuFNeoBfZyPvXW3w,2026-06-18,2026-06-24,Qatar Airways,1,915,IKA,1 Week,June,2026-04-06T01:59:03.080359
"Issyk Kul, Kyrgyzstan",825.0,825.0,0.0,https://encrypted-tbn0.gstatic.com/images?q=tbn:ANd9GcQDqLw0IWmVH11kyhh3ObcxYz5CmojvvYLlZDO2Ce_HdyewWrz_23BNsNt-RY463jE2YcjeCNoPPHhuv04pWUqf57iN5Knpc99fCpNHQA,2026-06-21,2026-06-29,Thai AirAsia and Thai AirAsia X,1,750,ALA,1 Week,June,2026-04-06T01:59:03.080361
"Asahikawa, Japan",559.0,559.0,0.0,https://encrypted-tbn2.gstatic.com/images?q=tbn:ANd9GcS0VqKQp5kcTlRC4ivn7m1K-O7wcMpVzC8dUZ1XU5NeI5AE8uYY9FQQG1l_nbbVdcA2ZVw6R_cydjdmi6UJBTkD6s84-qL6j1L0ppHZRw,2026-06-22,2026-06-29,Air Do and ANA,1,725,CTS,1 Week,June,2026-04-06T01:59:03.080364
"Ürümqi, China",712.0,712.0,0.0,https://encrypted-tbn2.gstatic.com/images?q=tbn:ANd9GcQG7GdzgUFPXs__gKaBVRzQaJyESgnuqLvTQ2PKS1DtS6k70TghaCiYlvLODQcqYelNGewNj-hgj_pjCSM7n1Df_nnW-VeC8V0We0h8MQ,2026-06-01,2026-06-07,Shandong,1,1315,URC,1 Week,June,2026-04-06T01:59:03.080366
"Padang, Indonesia",226.0,226.0,0.0,https://encrypted-tbn3.gstatic.com/images?q=tbn:ANd9GcTDKL2EVQYGn6jKkf-kN_Rdm--pZIl3mnnwYSPeO8URaMSrnPVDbZRZO1nonj0WI2Z5L8nyBj7Jy5i5ERwaG24pySvVcU1OAwT7x1Wu2A,2026-06-29,2026-07-06,Scoot,0,75,PDG,1 Week,June,2026-04-06T01:59:03.080369
"Gorkhi Terelj National Park, Mongolia",1116.0,1116.0,0.0,https://encrypted-tbn1.gstatic.com/images?q=tbn:ANd9GcRs_x--VIR1dafl4avf8s8m8flCHTx1toLHUv0UIkRJOqQDwiSLMgVvR7Hfv6y9hrDun52sIUrYRl_HhdPAXnHuZHjKef9kXZJycsNXmQ,2026-06-07,2026-06-14,T'Way Air,1,860,UBN,1 Week,June,2026-04-06T01:59:03.080371
"Hong Kong, Hong Kong",424.0,424.0,0.0,https://encrypted-tbn1.gstatic.com/images?q=tbn:ANd9GcTd4giZUOnVkLOK19qE-hoKaexrOb1lLvZOn_lzXx6X39chZYcKOZIlG92b-8CwcwsYWc8P53FjOTPh8YHr2wbh_ORXoEs2OLBTPE3kzw,2026-06-27,2026-07-13,Cathay Pacific,0,245,HKG,2 Weeks,June,2026-04-06T01:59:08.664927
"Bangkok, Thailand",192.0,192.0,0.0,https://encrypted-tbn3.gstatic.com/images?q=tbn:ANd9GcTPIoqStMvXXTYbUQSylJYyWjY5HYM1GX-AALOOPHhXdXZDY56SSslLQDDkdhOxRX31c8qW7XFzS5zSEG6PGhEhGzxEbzyUYrqVxP_mBg,2026-06-29,2026-07-15,Scoot,0,155,BKK,2 Weeks,June,2026-04-06T01:59:08.664942
"Hanoi, Vietnam",230.0,228.0,2.0,https://encrypted-tbn2.gstatic.com/images?q=tbn:ANd9GcTh-Ne26gTyuHsN2ZHc-hQy1CJQ2ipECMiZPX8oGOu9Gw2plYSgbGAHFY4M4Eqls6MLlm3xgJf4uKpU0FRcZaKySylwTv73Ej3oD5pwEQ,2026-06-25,2026-07-09,Scoot,0,205,HAN,2 Weeks,June,2026-04-06T01:59:08.664946
"Ho Chi Minh City, Vietnam",200.0,200.0,0.0,https://encrypted-tbn0.gstatic.com/images?q=tbn:ANd9GcRrJKZk1BiYhZ3mY3euABvLxDIBukBw5gmGkEhkLqxNVGRjU8fVETFnNMHQIvPummF_6pB1XJ3tWE5VN7coLGd63VogrXcGfgf569shwA,2026-06-18,2026-07-02,Scoot,0,135,SGN,2 Weeks,June,2026-04-06T01:59:08.664950
"Tokyo, Japan",411.0,411.0,0.0,https://encrypted-tbn3.gstatic.com/images?q=tbn:ANd9GcRiqAYuTkGrtxMazhSpAJve9ZzWSTvJ8xFHSX2ih6rQEoYgDOw0Aey3IBJh7-QF38k1xmhOiFoVXd8u5V1ip4G05Aprq0q6HulopWyM5A,2026-06-22,2026-07-08,Scoot and ZIPAIR Tokyo,0,420,NRT,2 Weeks,June,2026-04-06T01:59:08.664954
"Mumbai, India",347.0,387.0,-40.0,https://encrypted-tbn1.gstatic.com/images?q=tbn:ANd9GcTRRckp8mseYnYQ7l8HELq1GoFqwH1zksN3R-F36DAYjcG5Vt5RRGV-jd25K06kaNDTLkxXdzk0QUW09L6kHJOKEQg3Txbhyf9_10ZiXg,2026-06-27,2026-07-10,Air India,0,340,BOM,2 Weeks,June,2026-04-06T01:59:08.664958
"New Delhi, India",342.0,342.0,0.0,https://encrypted-tbn0.gstatic.com/images?q=tbn:ANd9GcSl_0QJXM0LcbhkFClbfILfC8ZiSCyO5XZpO0iSG1vfJg82v_FHjLXKSHs4cuyhvv4qL9jHKtP8ejqB62ObqFIQDnc3TDNCBAKM57ywZQ,2026-06-29,2026-07-15,AirAsia and AirAsia X,1,625,DEL,2 Weeks,June,2026-04-06T01:59:08.664962
"Federal Territory of Kuala Lumpur, Malaysia",100.0,100.0,0.0,https://encrypted-tbn3.gstatic.com/images?q=tbn:ANd9GcQQIk1ExRSHJSg0CA3pM6ISxhFBQVZJ7iNmv02par-cAbKXlYKgy5PyTpGtQT33xTsdoO0dFIXrLwxWqlAmtUcQD7cziyQYbCZ55yo55Q,2026-06-28,2026-07-14,AirAsia,0,65,KUL,2 Weeks,June,2026-04-06T01:59:08.664965
"Dubai, United Arab Emirates",568.0,568.0,0.0,https://encrypted-tbn2.gstatic.com/images?q=tbn:ANd9GcS8I-qzYsk8MfqbtG7XZriHCE-pfBAmDIEitgTNi6pkd4ydYfON7ave6PO0r4SphWZcLjoAZuDchjD45415sUjceoYWW2iZuva8SQ9Spg,2026-06-01,2026-06-14,Gulf Air,1,690,DXB,2 Weeks,June,2026-04-06T01:59:08.664968
"Kyoto, Japan",325.0,325.0,0.0,https://encrypted-tbn2.gstatic.com/images?q=tbn:ANd9GcQtOVcFjC9WqGv4M70NBscJETxCioVhaxdDOixuut8dt708uPIEgFT53Jq9zXHfI6sAOAWzmyAXmctAP52yFO2Cgwinfa9tIJlulmeR_g,2026-06-29,2026-07-13,Peach Aviation,0,400,KIX,2 Weeks,June,2026-04-06T01:59:08.664972
"Chiang Mai, Thailand",302.0,302.0,0.0,https://encrypted-tbn2.gstatic.com/images?q=tbn:ANd9GcTWkJDtb_3dOVc83TPKcKR6rRyKwp9M0n4vxVyFLuQ4ptiBf2FOEvVCTgmNI6dA6yLD85h9dhQ--u0VJsMWDGNwsAE013NEUxXHaHt00w,2026-06-29,2026-07-14,Scoot,0,185,CNX,2 Weeks,June,2026-04-06T01:59:08.664975
"Jaipur, India",434.0,434.0,0.0,https://encrypted-tbn2.gstatic.com/images?q=tbn:ANd9GcRHqyQ66crs-roykYQYxDmWP5W5OJrHQTXbb44A5zWulqxTZqTHGy2hBSBr8d_dU8AQ4qFU-hzSZNSDGh8MhIgg3DyUUeXB0f3QkYRhpw,2026-06-22,2026-07-06,Air India and Air India Express,1,960,JAI,2 Weeks,June,2026-04-06T01:59:08.664978
"Phuket, Thailand",166.0,166.0,0.0,https://encrypted-tbn3.gstatic.com/images?q=tbn:ANd9GcTiBNj9z2Tf0lnw1uff6ooYy7liuVrHON7xT0xwWMJJWj3t4puxffP6RFtMin9PMz2RmGh6hiBIzk-1EGPwdS0BTJqDV9Dc_nMu3U5NQA,2026-06-28,2026-07-11,Scoot,0,110,HKT,2 Weeks,June,2026-04-06T01:59:08.664981
"Seoul, South Korea",340.0,340.0,0.0,https://encrypted-tbn0.gstatic.com/images?q=tbn:ANd9GcSGy4LggtmRKCw-VDM7sZj2JVAI9kZiAlSkcki4ZP7jzUeqZlOBfwDo0IH5E2Xksu0CgoBvjpPlWiH4g5dXne5aQ5Iy4S01_z3bJg47cQ,2026-06-29,2026-07-12,Shandong and Scoot,1,390,ICN,2 Weeks,June,2026-04-06T01:59:08.664984
"Beijing, China",363.0,363.0,0.0,https://encrypted-tbn1.gstatic.com/images?q=tbn:ANd9GcR6R3TE9LrMLUM8It2c4f4zpNHzm3U-Peq5u7VO4V6QKrFk0vcJi5BJqLmmSuBNCoOTLy0XsoAmhFwqm2sUijEusLJoXjMkTWCWUiNOcw,2026-06-18,2026-07-01,AirAsia and Singapore Airlines,1,365,PKX,2 Weeks,June,2026-04-06T01:59:08.664987
"Goa, India",424.0,424.0,0.0,https://encrypted-tbn1.gstatic.com/images?q=tbn:ANd9GcTO_bUFJ2hIpNKQP021IDGX5_9DjDgvZKtkIrDVxwM0u4I5OAp1Iax4_EW6hoaO9NUW0KWgILohWKKZLG9XzbzfZkpeonIKw3VgPDT5tQ,2026-06-27,2026-07-11,Air India and Air India Express,1,695,GOI,2 Weeks,June,2026-04-06T01:59:08.664991
"Osaka, Japan",325.0,325.0,0.0,https://encrypted-tbn3.gstatic.com/images?q=tbn:ANd9GcQ4taqtiRvr48l49Sh_f8rfRxj-enava5SmEA0s6U_pWeh7BW8eHOvOFczJy-B5oH6n3Wu-KNzT4A-NY_SzrseToTfHLKVhkr-mWGLWIA,2026-06-29,2026-07-13,Peach Aviation,0,400,KIX,2 Weeks,June,2026-04-06T01:59:08.664994
"Shanghai, China",411.0,411.0,0.0,https://encrypted-tbn2.gstatic.com/images?q=tbn:ANd9GcTujsAS0i3-zbeimLQQ8RJnTX80xFZm7VnTsswhTD6W1aHQZWxzA7pNb0BMAVpelCNQq3SEx1592gylHw,2026-06-28,2026-07-14,Spring and China Southern,1,335,PVG,2 Weeks,June,2026-04-06T01:59:08.664998
Hội An,247.0,247.0,0.0,https://encrypted-tbn3.gstatic.com/images?q=tbn:ANd9GcRRNok0jp9TQx-QJc8bQnN2ksLZePNr89SdiNSiwUwpXKh0aVOnLPThIeJfqztwgB97XWeFuxC9lhG0DimISpDGn4Hfkm_wLNu4dl340A,2026-06-27,2026-07-11,AirAsia and Scoot,1,170,DAD,2 Weeks,June,2026-04-06T01:59:08.665002
"Bengaluru, India",376.0,376.0,0.0,https://encrypted-tbn2.gstatic.com/images?q=tbn:ANd9GcRRnVQMArN8G30p02VM6n18fD9LS-EXlKYRbJfv6CPLwRZ9C2wXHGXWsl6OOG5ubeHraoTiiKbSaBZnb2O3B02YbhgEtC8m9xRxgPwGfQ,2026-06-12,2026-06-28,Singapore Airlines,0,255,BLR,2 Weeks,June,2026-04-06T01:59:08.665005
"Hạ Long Bay, Vietnam",230.0,228.0,2.0,https://encrypted-tbn0.gstatic.com/images?q=tbn:ANd9GcQdH7xkaOku2D4UGiEtbegMDLIWszqsJrVB-XkpO13CqXswYGnUUFMgsO4uFwTrf0y8EAbVZJI4A0eo4UHbgxYiQFIDVb-zsz70Dt0OOg,2026-06-25,2026-07-09,Scoot,0,205,HAN,2 Weeks,June,2026-04-06T01:59:08.665009
"Abu Dhabi, United Arab Emirates",568.0,568.0,0.0,https://encrypted-tbn2.gstatic.com/images?q=tbn:ANd9GcTwBpYbpnuaEurTOeQbgYJzxk3uOAjB7bRvnTetkMlsdPqKciAFtLJswZmMHWpVhkLeEbJZCCZwoXaQ5D4aSc9sT4I-yBQBrT3r5vSWtA,2026-06-01,2026-06-14,Gulf Air,1,735,AUH,2 Weeks,June,2026-04-06T01:59:08.665012
"Chennai, India",264.0,264.0,0.0,https://encrypted-tbn3.gstatic.com/images?q=tbn:ANd9GcT8jGx4Oe7gOIT3dSF0FgoYzjECbwXYCIq6g0sMhY30kkZu5ThtcjZeZrIwVErtNu0yP-R_6Fgzt1BlhFJgF4nE0Cxoy4q_LrB5mHM6_A,2026-06-15,2026-07-01,Scoot,0,240,MAA,2 Weeks,June,2026-04-06T01:59:08.665015
"Varanasi, India",501.0,501.0,0.0,https://encrypted-tbn2.gstatic.com/images?q=tbn:ANd9GcRg1OmvYJVmJRkkH48WQY4LvYje4OuiXjLle-GS5PpRg-nonn9JC3CvB7HFko6WDkJnbxLL2s8j9VJf3XEWtJjx9xwADzwK_XzESUnUsA,2026-06-05,2026-06-18,Air India and Air India Express,1,690,VNS,2 Weeks,June,2026-04-06T01:59:08.665018
"Agra, India",342.0,342.0,0.0,https://encrypted-tbn2.gstatic.com/images?q=tbn:ANd9GcQI0YQv8yflL3rak3GIymC_IQPCnsI79bxC_lkZZonTDvjgQT1rNO7yJFilB65Gezf2VFQaf9yZ_h8HiA,2026-06-29,2026-07-15,AirAsia and AirAsia X,1,625,DEL,2 Weeks,June,2026-04-06T01:59:08.665023
"Ko Samui, Thailand",363.0,364.0,-1.0,https://encrypted-tbn0.gstatic.com/images?q=tbn:ANd9GcQ5VBzIPEfByKaFwNzikHD-kPxvUCXDQnYSeSf5xfsIeLO82X1NYZAjeCuuPKR2bV5qteuV8eJwTlrqba9OPo7suR-eLdKQb1P0WeM74A,2026-06-18,2026-07-02,Scoot,0,115,USM,2 Weeks,June,2026-04-06T01:59:08.665026
"Kolkata, India",501.0,408.0,93.0,https://encrypted-tbn1.gstatic.com/images?q=tbn:ANd9GcQkqRm0hB0I1L_Wd8J2SnHNwKFZT4kXBUBpwALXSPcPiN3P3c_WpHKIiaKVq1Y3OxMKtVX086O0hVbNFgQnycWMKjv8QwffmoMgidSS2Q,2026-06-27,2026-07-12,IndiGo,1,565,CCU,2 Weeks,June,2026-04-06T01:59:08.665030
"Taipei City, Taiwan",248.0,248.0,0.0,https://encrypted-tbn3.gstatic.com/images?q=tbn:ANd9GcQXLhb-ghDjmkIYAVvdu4F0jxICbcNjvay2bPLvj8Hp1u_uQKcabDV_PEHWzUdFw6H1BPMdXV5ahY-NuEBcv5y050siHU3OyxbnIrgwfg,2026-06-26,2026-07-12,Scoot,0,285,TPE,2 Weeks,June,2026-04-06T01:59:08.665033
"Kochi, India",355.0,355.0,0.0,https://encrypted-tbn3.gstatic.com/images?q=tbn:ANd9GcTPv3xu1wWA_PiElguRprW5LXIiyk1swUyWnl2QBNczqNvHpUCVW0j4KU7r7TduEUBjZLEgF1r2LndBwX3sPX83Xs2BTqGidMf9Wb4X7w,2026-06-18,2026-07-01,AirAsia and Singapore Airlines,1,270,COK,2 Weeks,June,2026-04-06T01:59:08.665036
"Kathmandu, Nepal",643.0,643.0,0.0,https://encrypted-tbn0.gstatic.com/images?q=tbn:ANd9GcT78awjGv8SH4zFojoNUasAJqCxFPYe5qPHDvKUhH54AJ48YS8N1M9idwAQkN9fOXSnaMT2Rb5XpFn5tN3eT-3_sfEtXzetNBogSwD10g,2026-06-01,2026-06-14,Air India,1,590,KTM,2 Weeks,June,2026-04-06T01:59:08.665039
"Manila, Philippines",237.0,237.0,0.0,https://encrypted-tbn3.gstatic.com/images?q=tbn:ANd9GcRr9zUtKyDotaE-xA4DBVzZeavqk4R9wcvHmPGhQaJYfJO42GbiiIxaklB54UPajj9Fb2NgEdnVKsjvVPiBUWLwL4ShNsl8GI51yhA3MQ,2026-06-25,2026-07-09,Cebu Pacific,0,235,MNL,2 Weeks,June,2026-04-06T01:59:08.665043
"Bahrain, Bahrain",857.0,857.0,0.0,https://encrypted-tbn2.gstatic.com/images?q=tbn:ANd9GcSV-vcI5g_BSfRsSLESsjQeatxt7gtRek4JeffV42nrl5WMmzv4CM01xYgIecZb8062y259TXOBwtIRf3oxl-QQmui-tpQaPs-3yLaarQ,2026-06-14,2026-06-27,Etihad,1,610,BAH,2 Weeks,June,2026-04-06T01:59:08.665046
"Macao, Macao",387.0,387.0,0.0,https://encrypted-tbn1.gstatic.com/images?q=tbn:ANd9GcQSqvJMa-Boc6alR19GIwxB5x8fz6SLMX4U07VIkUBrXrHUId6y7gaY5UM0NjSMQ8dxCMqaO-Vb6NcCcpDkTJWIL-bb7VqXfHxBqGdPBQ,2026-06-29,2026-07-15,XiamenAir and Scoot,1,245,MFM,2 Weeks,June,2026-04-06T01:59:08.665050
"Hyderabad, India",384.0,384.0,0.0,https://encrypted-tbn0.gstatic.com/images?q=tbn:ANd9GcS3lpOwI2CRkpJjacFXUmD9pyCXeZ-MP0UNVoSY-ZINyBSXwarclu3H5KLBmgmXLMvZ8CFEPC_CTn9MxVN2fSbIBcOTsu-WSQuxa1tkvQ,2026-06-19,2026-07-02,IndiGo and AirAsia,1,275,HYD,2 Weeks,June,2026-04-06T01:59:08.665053
"Da Nang, Vietnam",247.0,247.0,0.0,https://encrypted-tbn0.gstatic.com/images?q=tbn:ANd9GcRY7AI9sBPAD8WaK_I7CMw80ft40TqnRp1EjFdp9GnRDSxju7-F8tl-8bCJnT0Wdb16UIVE-GplpFzGlWkWlV9HQ_ABPTCatv79wUf_ww,2026-06-27,2026-07-11,AirAsia and Scoot,1,170,DAD,2 Weeks,June,2026-04-06T01:59:08.665061
"Munnar, India",355.0,355.0,0.0,https://encrypted-tbn3.gstatic.com/images?q=tbn:ANd9GcRqTHPBvoWmkwj7azYfSnX-4D9m7HpvFFq2vilhEa-17FM8zY0YvpGbpPe8I3_sHgpMYKqd9FSkuFtZWe9eOFGaLBeC3_i-qhxMPS2ZZQ,2026-06-18,2026-07-01,AirAsia and Singapore Airlines,1,270,COK,2 Weeks,June,2026-04-06T01:59:08.665067
"Phú Quốc, Vietnam",301.0,301.0,0.0,https://encrypted-tbn3.gstatic.com/images?q=tbn:ANd9GcRGbWm0uqKOR9KmPBYMR8hSZRHOxqckm3gbBrinJy7yZfDpfAegfGEqPlX_NwjVJTCCRKnQ4hy7zd_tVOyEs6jNZ5fStfBDzeOslyEDoQ,2026-06-21,2026-07-04,AirAsia and Vietjet,1,100,PQC,2 Weeks,June,2026-04-06T01:59:08.665070
"Ranthambore National Park, India",434.0,434.0,0.0,https://encrypted-tbn1.gstatic.com/images?q=tbn:ANd9GcSxrL0gNEqLJpancU8CANYgSjKoKEt_XeO5-xtU4ORG0m7IeWEhcCeab50BDvUMimSAhhiDtirU0aL_8w7CiKJslV3QM7voc7SLfRNUXA,2026-06-22,2026-07-06,Air India and Air India Express,1,960,JAI,2 Weeks,June,2026-04-06T01:59:08.665074
"Colombo, Sri Lanka",396.0,396.0,0.0,https://encrypted-tbn3.gstatic.com/images?q=tbn:ANd9GcTCalYZRVLcftWCfdfjEucymsOsqadi9yimDG5NMHv6E53eNTkw3p5ze8wn7ynj7bthi5fSNd5TBC6kKSotrDYrF-RE3IV18bj2oW5xIA,2026-06-28,2026-07-11,AirAsia and Batik Air,1,365,CMB,2 Weeks,June,2026-04-06T01:59:08.665078
"Puducherry, India",264.0,264.0,0.0,https://encrypted-tbn0.gstatic.com/images?q=tbn:ANd9GcSvFZF57d-2KCNUh2lGz_SpRX0BslRnbMeUh2sb9KCiupngoHKO-0XUl8KYr7aeQZe6FlJIbLdal0LuVroiG9Wi180UtMpxG6Jxk-ytPQ,2026-06-15,2026-07-01,Scoot,0,240,MAA,2 Weeks,June,2026-04-06T01:59:08.665082
"Sapporo, Japan",559.0,559.0,0.0,https://encrypted-tbn0.gstatic.com/images?q=tbn:ANd9GcR4AM45jXa1psI2Z1sNxUR2XylT_5MPK1SHculUYedH63c7x8IHbBm5vDFctSbaXhn0_6bbNf6i86ZYpVuYBbEH4GveYpJzK-y7SINH1w,2026-06-22,2026-07-06,Air Do and ANA,1,725,CTS,2 Weeks,June,2026-04-06T01:59:08.665087
"Boracay, Philippines",332.0,332.0,0.0,https://encrypted-tbn2.gstatic.com/images?q=tbn:ANd9GcSWVEP-f4Tsv9itb6e5PrsSbMRzn1pCVXoPAN7uzJJb3pMDQfBH4KRylRfEcwRrRrkfkye1AZFE9payFqm1xehM0rWmEcZsd2t1jrRgsQ,2026-06-29,2026-07-14,Cebu Pacific,1,710,MPH,2 Weeks,June,2026-04-06T01:59:08.665091
"Cebu City, Philippines",234.0,233.0,1.0,https://encrypted-tbn0.gstatic.com/images?q=tbn:ANd9GcRQkSFnL8j_JnNZIPer-g9BJfnnRj2BME3jwdM8u2pdZX5SMMAE6rz0Hghh-cgEA9re1JDSt3XMQWLcIHPANBsJgId_suPx16yEH4yKOA,2026-06-25,2026-07-08,Cebu Pacific,0,235,CEB,2 Weeks,June,2026-04-06T01:59:08.665100
"Kaziranga National Park, India",504.0,504.0,0.0,https://encrypted-tbn1.gstatic.com/images?q=tbn:ANd9GcQDBQ8gOfMM5IwB9Kv4SMGtY_VPTDN01t38twMZQ4jvK04wX5tThshiljXNBOmn9R1pWAUQanV96n0LiujQ0L_2pHnHCpEZsWJr0pU7HA,2026-06-01,2026-06-15,Air India and Air India Express,1,765,GAU,2 Weeks,June,2026-04-06T01:59:08.665104
"Guwahati, India",504.0,504.0,0.0,https://encrypted-tbn0.gstatic.com/images?q=tbn:ANd9GcSTNDJXSuGok1AmlZ2jJpvD_mzuF2s44iPPLEb27hyvOHBabF44H_oKWPTzHate__CBMAUXcvjMHojIKzvNCWdjG_BtKZSHWQXcb3rYuA,2026-06-01,2026-06-15,Air India and Air India Express,1,765,GAU,2 Weeks,June,2026-04-06T01:59:08.665107
"Niseko, Japan",559.0,559.0,0.0,https://encrypted-tbn0.gstatic.com/images?q=tbn:ANd9GcRF7wdJWoE22_Ai99rtZ7hjcWVIp65xTxNoA1-WBleQknbJwrCZRAi_Mk_xp720dO7R7O0VWM2ILl-qKWXESGCxtRNFgJE-m-HdGwrlxw,2026-06-22,2026-07-06,Air Do and ANA,1,725,CTS,2 Weeks,June,2026-04-06T01:59:08.665112
"Almaty, Kazakhstan",825.0,825.0,0.0,https://encrypted-tbn2.gstatic.com/images?q=tbn:ANd9GcR8iDoh59ddyzKl4KpDTbZMB5nZzWIzPoHXHEhF6j5LF-er9e4arKtTln2lYA-WuD2Z23ZsHkv3IaTY8X4k7_H0sz7pZENVvOOpEEYVqA,2026-06-15,2026-06-29,Thai AirAsia and Thai AirAsia X,1,750,ALA,2 Weeks,June,2026-04-06T01:59:08.665116
"Guam, Guam",825.0,825.0,0.0,https://encrypted-tbn2.gstatic.com/images?q=tbn:ANd9GcTuOFnrHa29K1tpqiPQklQESCCKp3f-FzHa53cUPpXN1fLNxBqzixLAbuWT60pbd7ARYOKKnNlHkSWX7ZK6YnEyD7CALkdWcBFLTcNWIw,2026-06-22,2026-07-07,Philippine Airlines,1,710,GUM,2 Weeks,June,2026-04-06T01:59:08.665119
"Tehran, Iran",1216.0,1216.0,0.0,https://encrypted-tbn3.gstatic.com/images?q=tbn:ANd9GcSE4XzJ3-jox0HepD9O5KomPQPnuWx3ClgVoliBalJu3shkAEawZWYi-M4YltQCNIzSMcKVSDWIXucwru13GOVroOYQmrDyLJXemqgOsw,2026-06-18,2026-07-01,Qatar Airways,1,915,IKA,2 Weeks,June,2026-04-06T01:59:08.665123
"Harbin, China",462.0,462.0,0.0,https://encrypted-tbn2.gstatic.com/images?q=tbn:ANd9GcR_MvPBNPJRk-TEMtrt8B_sIPMp92xYO42dahjcu0DxdK4F66B0rsb64v3pXLOHINO5t9aBZpbKBmHOyvLO3vOdgKa6uK86bxFgkbX2Rw,2026-06-15,2026-06-29,Shandong,1,745,HRB,2 Weeks,June,2026-04-06T01:59:08.665127
"Isfahan, Iran",1216.0,1216.0,0.0,https://encrypted-tbn1.gstatic.com/images?q=tbn:ANd9GcQwakxOitW8qCd-ni_IJjGONuLvWsVBR7rBET6-YCURz2311yI6ijeKgu8Oe3FsvU9mMUpcQj-oFf1Gpkcchug6yKOuFNeoBfZyPvXW3w,2026-06-18,2026-07-01,Qatar Airways,1,915,IKA,2 Weeks,June,2026-04-06T01:59:08.665134
"Issyk Kul, Kyrgyzstan",825.0,825.0,0.0,https://encrypted-tbn0.gstatic.com/images?q=tbn:ANd9GcQDqLw0IWmVH11kyhh3ObcxYz5CmojvvYLlZDO2Ce_HdyewWrz_23BNsNt-RY463jE2YcjeCNoPPHhuv04pWUqf57iN5Knpc99fCpNHQA,2026-06-15,2026-06-29,Thai AirAsia and Thai AirAsia X,1,750,ALA,2 Weeks,June,2026-04-06T01:59:08.665138
"Dunhuang, China",1817.0,1817.0,0.0,https://encrypted-tbn2.gstatic.com/licensed-image?q=tbn:ANd9GcThJg9o0jjo_-CB9AIb72wD-kE_joSmHL8a9mCD09DuVRf8B32lMkO2hGB4CBbhLbbB9sz8R9BhhNWTIjAP4MtrgNQpIwPL2bxfNwsDSw,2026-06-01,2026-06-14,Hainan,2,915,DNH,2 Weeks,June,2026-04-06T01:59:08.665144
"Hong Kong, Hong Kong",386.0,386.0,0.0,https://encrypted-tbn1.gstatic.com/images?q=tbn:ANd9GcTd4giZUOnVkLOK19qE-hoKaexrOb1lLvZOn_lzXx6X39chZYcKOZIlG92b-8CwcwsYWc8P53FjOTPh8YHr2wbh_ORXoEs2OLBTPE3kzw,2026-07-10,2026-07-13,Scoot,0,260,HKG,Weekend,July,2026-04-06T01:59:16.329249
"Federal Territory of Kuala Lumpur, Malaysia",116.0,116.0,0.0,https://encrypted-tbn3.gstatic.com/images?q=tbn:ANd9GcQQIk1ExRSHJSg0CA3pM6ISxhFBQVZJ7iNmv02par-cAbKXlYKgy5PyTpGtQT33xTsdoO0dFIXrLwxWqlAmtUcQD7cziyQYbCZ55yo55Q,2026-07-09,2026-07-13,AirAsia and Firefly,0,65,KUL,Weekend,July,2026-04-06T01:59:16.329262
"Bangkok, Thailand",204.0,204.0,0.0,https://encrypted-tbn3.gstatic.com/images?q=tbn:ANd9GcTPIoqStMvXXTYbUQSylJYyWjY5HYM1GX-AALOOPHhXdXZDY56SSslLQDDkdhOxRX31c8qW7XFzS5zSEG6PGhEhGzxEbzyUYrqVxP_mBg,2026-07-18,2026-07-20,Scoot,0,155,BKK,Weekend,July,2026-04-06T01:59:16.329265
"Hanoi, Vietnam",247.0,247.0,0.0,https://encrypted-tbn2.gstatic.com/images?q=tbn:ANd9GcTh-Ne26gTyuHsN2ZHc-hQy1CJQ2ipECMiZPX8oGOu9Gw2plYSgbGAHFY4M4Eqls6MLlm3xgJf4uKpU0FRcZaKySylwTv73Ej3oD5pwEQ,2026-07-30,2026-08-03,Scoot,0,205,HAN,Weekend,July,2026-04-06T01:59:16.329269
"Ho Chi Minh City, Vietnam",222.0,222.0,0.0,https://encrypted-tbn0.gstatic.com/images?q=tbn:ANd9GcRrJKZk1BiYhZ3mY3euABvLxDIBukBw5gmGkEhkLqxNVGRjU8fVETFnNMHQIvPummF_6pB1XJ3tWE5VN7coLGd63VogrXcGfgf569shwA,2026-07-02,2026-07-05,Scoot,0,135,SGN,Weekend,July,2026-04-06T01:59:16.329272
"Tokyo, Japan",436.0,436.0,0.0,https://encrypted-tbn3.gstatic.com/images?q=tbn:ANd9GcRiqAYuTkGrtxMazhSpAJve9ZzWSTvJ8xFHSX2ih6rQEoYgDOw0Aey3IBJh7-QF38k1xmhOiFoVXd8u5V1ip4G05Aprq0q6HulopWyM5A,2026-07-09,2026-07-13,Scoot and ZIPAIR Tokyo,0,440,NRT,Weekend,July,2026-04-06T01:59:16.329275
"Mumbai, India",343.0,343.0,0.0,https://encrypted-tbn1.gstatic.com/images?q=tbn:ANd9GcTRRckp8mseYnYQ7l8HELq1GoFqwH1zksN3R-F36DAYjcG5Vt5RRGV-jd25K06kaNDTLkxXdzk0QUW09L6kHJOKEQg3Txbhyf9_10ZiXg,2026-07-16,2026-07-19,Air India,0,340,BOM,Weekend,July,2026-04-06T01:59:16.329279
"New Delhi, India",389.0,389.0,0.0,https://encrypted-tbn0.gstatic.com/images?q=tbn:ANd9GcSl_0QJXM0LcbhkFClbfILfC8ZiSCyO5XZpO0iSG1vfJg82v_FHjLXKSHs4cuyhvv4qL9jHKtP8ejqB62ObqFIQDnc3TDNCBAKM57ywZQ,2026-07-30,2026-08-03,"IndiGo, AirAsia, and AirAsia X",1,350,DEL,Weekend,July,2026-04-06T01:59:16.329283
"Dubai, United Arab Emirates",643.0,643.0,0.0,https://encrypted-tbn2.gstatic.com/images?q=tbn:ANd9GcS8I-qzYsk8MfqbtG7XZriHCE-pfBAmDIEitgTNi6pkd4ydYfON7ave6PO0r4SphWZcLjoAZuDchjD45415sUjceoYWW2iZuva8SQ9Spg,2026-07-02,2026-07-05,Etihad,0,440,AUH,Weekend,July,2026-04-06T01:59:16.329286
"Kyoto, Japan",345.0,345.0,0.0,https://encrypted-tbn2.gstatic.com/images?q=tbn:ANd9GcQtOVcFjC9WqGv4M70NBscJETxCioVhaxdDOixuut8dt708uPIEgFT53Jq9zXHfI6sAOAWzmyAXmctAP52yFO2Cgwinfa9tIJlulmeR_g,2026-07-10,2026-07-13,Peach Aviation,0,405,KIX,Weekend,July,2026-04-06T01:59:16.329290
"Chiang Mai, Thailand",319.0,319.0,0.0,https://encrypted-tbn2.gstatic.com/images?q=tbn:ANd9GcTWkJDtb_3dOVc83TPKcKR6rRyKwp9M0n4vxVyFLuQ4ptiBf2FOEvVCTgmNI6dA6yLD85h9dhQ--u0VJsMWDGNwsAE013NEUxXHaHt00w,2026-07-09,2026-07-13,Scoot,0,185,CNX,Weekend,July,2026-04-06T01:59:16.329294
"Jaipur, India",430.0,430.0,0.0,https://encrypted-tbn2.gstatic.com/images?q=tbn:ANd9GcRHqyQ66crs-roykYQYxDmWP5W5OJrHQTXbb44A5zWulqxTZqTHGy2hBSBr8d_dU8AQ4qFU-hzSZNSDGh8MhIgg3DyUUeXB0f3QkYRhpw,2026-07-09,2026-07-12,IndiGo and Thai AirAsia,1,660,JAI,Weekend,July,2026-04-06T01:59:16.329297
"Phuket, Thailand",188.0,188.0,0.0,https://encrypted-tbn3.gstatic.com/images?q=tbn:ANd9GcTiBNj9z2Tf0lnw1uff6ooYy7liuVrHON7xT0xwWMJJWj3t4puxffP6RFtMin9PMz2RmGh6hiBIzk-1EGPwdS0BTJqDV9Dc_nMu3U5NQA,2026-07-02,2026-07-06,Scoot,0,120,HKT,Weekend,July,2026-04-06T01:59:16.329301
"Seoul, South Korea",334.0,333.0,1.0,https://encrypted-tbn0.gstatic.com/images?q=tbn:ANd9GcSGy4LggtmRKCw-VDM7sZj2JVAI9kZiAlSkcki4ZP7jzUeqZlOBfwDo0IH5E2Xksu0CgoBvjpPlWiH4g5dXne5aQ5Iy4S01_z3bJg47cQ,2026-07-02,2026-07-06,"AirAsia, AirAsia X, and Scoot",1,520,ICN,Weekend,July,2026-04-06T01:59:16.329304
"Beijing, China",425.0,425.0,0.0,https://encrypted-tbn1.gstatic.com/images?q=tbn:ANd9GcR6R3TE9LrMLUM8It2c4f4zpNHzm3U-Peq5u7VO4V6QKrFk0vcJi5BJqLmmSuBNCoOTLy0XsoAmhFwqm2sUijEusLJoXjMkTWCWUiNOcw,2026-07-02,2026-07-05,AirAsia and China Southern,1,665,PKX,Weekend,July,2026-04-06T01:59:16.329307
"Goa, India",420.0,420.0,0.0,https://encrypted-tbn1.gstatic.com/images?q=tbn:ANd9GcTO_bUFJ2hIpNKQP021IDGX5_9DjDgvZKtkIrDVxwM0u4I5OAp1Iax4_EW6hoaO9NUW0KWgILohWKKZLG9XzbzfZkpeonIKw3VgPDT5tQ,2026-07-25,2026-07-27,Air India and Air India Express,1,800,GOI,Weekend,July,2026-04-06T01:59:16.329311
"Osaka, Japan",345.0,345.0,0.0,https://encrypted-tbn3.gstatic.com/images?q=tbn:ANd9GcQ4taqtiRvr48l49Sh_f8rfRxj-enava5SmEA0s6U_pWeh7BW8eHOvOFczJy-B5oH6n3Wu-KNzT4A-NY_SzrseToTfHLKVhkr-mWGLWIA,2026-07-10,2026-07-13,Peach Aviation,0,405,KIX,Weekend,July,2026-04-06T01:59:16.329314
"Shanghai, China",393.0,393.0,0.0,https://encrypted-tbn2.gstatic.com/images?q=tbn:ANd9GcTujsAS0i3-zbeimLQQ8RJnTX80xFZm7VnTsswhTD6W1aHQZWxzA7pNb0BMAVpelCNQq3SEx1592gylHw,2026-07-02,2026-07-06,Spring and China Southern,1,335,PVG,Weekend,July,2026-04-06T01:59:16.329318
Hội An,327.0,327.0,0.0,https://encrypted-tbn3.gstatic.com/images?q=tbn:ANd9GcRRNok0jp9TQx-QJc8bQnN2ksLZePNr89SdiNSiwUwpXKh0aVOnLPThIeJfqztwgB97XWeFuxC9lhG0DimISpDGn4Hfkm_wLNu4dl340A,2026-07-31,2026-08-03,Batik Air and Vietjet,1,170,DAD,Weekend,July,2026-04-06T01:59:16.329321
"Bengaluru, India",410.0,410.0,0.0,https://encrypted-tbn2.gstatic.com/images?q=tbn:ANd9GcRRnVQMArN8G30p02VM6n18fD9LS-EXlKYRbJfv6CPLwRZ9C2wXHGXWsl6OOG5ubeHraoTiiKbSaBZnb2O3B02YbhgEtC8m9xRxgPwGfQ,2026-07-25,2026-07-27,IndiGo,0,270,BLR,Weekend,July,2026-04-06T01:59:16.329324
"Hạ Long Bay, Vietnam",247.0,247.0,0.0,https://encrypted-tbn0.gstatic.com/images?q=tbn:ANd9GcQdH7xkaOku2D4UGiEtbegMDLIWszqsJrVB-XkpO13CqXswYGnUUFMgsO4uFwTrf0y8EAbVZJI4A0eo4UHbgxYiQFIDVb-zsz70Dt0OOg,2026-07-02,2026-07-06,Scoot,0,205,HAN,Weekend,July,2026-04-06T01:59:16.329328
"Abu Dhabi, United Arab Emirates",643.0,643.0,0.0,https://encrypted-tbn2.gstatic.com/images?q=tbn:ANd9GcTwBpYbpnuaEurTOeQbgYJzxk3uOAjB7bRvnTetkMlsdPqKciAFtLJswZmMHWpVhkLeEbJZCCZwoXaQ5D4aSc9sT4I-yBQBrT3r5vSWtA,2026-07-02,2026-07-05,Etihad,0,440,AUH,Weekend,July,2026-04-06T01:59:16.329332
"Chennai, India",248.0,248.0,0.0,https://encrypted-tbn3.gstatic.com/images?q=tbn:ANd9GcT8jGx4Oe7gOIT3dSF0FgoYzjECbwXYCIq6g0sMhY30kkZu5ThtcjZeZrIwVErtNu0yP-R_6Fgzt1BlhFJgF4nE0Cxoy4q_LrB5mHM6_A,2026-07-10,2026-07-12,Scoot,0,240,MAA,Weekend,July,2026-04-06T01:59:16.329336
"Varanasi, India",442.0,442.0,0.0,https://encrypted-tbn2.gstatic.com/images?q=tbn:ANd9GcRg1OmvYJVmJRkkH48WQY4LvYje4OuiXjLle-GS5PpRg-nonn9JC3CvB7HFko6WDkJnbxLL2s8j9VJf3XEWtJjx9xwADzwK_XzESUnUsA,2026-07-02,2026-07-06,Air India and Air India Express,1,1350,VNS,Weekend,July,2026-04-06T01:59:16.329340
"Udaipur, India",472.0,472.0,0.0,https://encrypted-tbn3.gstatic.com/images?q=tbn:ANd9GcSDElWaJCFOU4Y_U3X_1eUQsKG7FBPTiC6ZjgywBhr-NVfC9MscjNzDtVWHXcZxqrvrg6doXFJ3HtKk7f7vlZEBRljFcaKQrvdT1Lfn8Q,2026-07-25,2026-07-27,Air India,1,1905,UDR,Weekend,July,2026-04-06T01:59:16.329344
"Agra, India",389.0,389.0,0.0,https://encrypted-tbn2.gstatic.com/images?q=tbn:ANd9GcQI0YQv8yflL3rak3GIymC_IQPCnsI79bxC_lkZZonTDvjgQT1rNO7yJFilB65Gezf2VFQaf9yZ_h8HiA,2026-07-30,2026-08-03,"IndiGo, AirAsia, and AirAsia X",1,350,DEL,Weekend,July,2026-04-06T01:59:16.329348
"Ko Samui, Thailand",434.0,434.0,0.0,https://encrypted-tbn0.gstatic.com/images?q=tbn:ANd9GcQ5VBzIPEfByKaFwNzikHD-kPxvUCXDQnYSeSf5xfsIeLO82X1NYZAjeCuuPKR2bV5qteuV8eJwTlrqba9OPo7suR-eLdKQb1P0WeM74A,2026-07-30,2026-08-03,Bangkok Airways and Scoot,0,115,USM,Weekend,July,2026-04-06T01:59:16.329351
"Kolkata, India",346.0,346.0,0.0,https://encrypted-tbn1.gstatic.com/images?q=tbn:ANd9GcQkqRm0hB0I1L_Wd8J2SnHNwKFZT4kXBUBpwALXSPcPiN3P3c_WpHKIiaKVq1Y3OxMKtVX086O0hVbNFgQnycWMKjv8QwffmoMgidSS2Q,2026-07-10,2026-07-13,IndiGo and AirAsia,1,250,CCU,Weekend,July,2026-04-06T01:59:16.329355
"Taipei City, Taiwan",248.0,248.0,0.0,https://encrypted-tbn3.gstatic.com/images?q=tbn:ANd9GcQXLhb-ghDjmkIYAVvdu4F0jxICbcNjvay2bPLvj8Hp1u_uQKcabDV_PEHWzUdFw6H1BPMdXV5ahY-NuEBcv5y050siHU3OyxbnIrgwfg,2026-07-16,2026-07-19,Scoot,0,285,TPE,Weekend,July,2026-04-06T01:59:16.329358
"Kochi, India",277.0,277.0,0.0,https://encrypted-tbn3.gstatic.com/images?q=tbn:ANd9GcTPv3xu1wWA_PiElguRprW5LXIiyk1swUyWnl2QBNczqNvHpUCVW0j4KU7r7TduEUBjZLEgF1r2LndBwX3sPX83Xs2BTqGidMf9Wb4X7w,2026-07-09,2026-07-13,AirAsia,1,500,COK,Weekend,July,2026-04-06T01:59:16.329362
"Kathmandu, Nepal",606.0,606.0,0.0,https://encrypted-tbn0.gstatic.com/images?q=tbn:ANd9GcT78awjGv8SH4zFojoNUasAJqCxFPYe5qPHDvKUhH54AJ48YS8N1M9idwAQkN9fOXSnaMT2Rb5XpFn5tN3eT-3_sfEtXzetNBogSwD10g,2026-07-09,2026-07-12,Air India,1,590,KTM,Weekend,July,2026-04-06T01:59:16.329365
"Manila, Philippines",197.0,197.0,0.0,https://encrypted-tbn3.gstatic.com/images?q=tbn:ANd9GcRr9zUtKyDotaE-xA4DBVzZeavqk4R9wcvHmPGhQaJYfJO42GbiiIxaklB54UPajj9Fb2NgEdnVKsjvVPiBUWLwL4ShNsl8GI51yhA3MQ,2026-07-10,2026-07-12,Cebu Pacific,0,240,MNL,Weekend,July,2026-04-06T01:59:16.329368
"Bahrain, Bahrain",857.0,857.0,0.0,https://encrypted-tbn2.gstatic.com/images?q=tbn:ANd9GcSV-vcI5g_BSfRsSLESsjQeatxt7gtRek4JeffV42nrl5WMmzv4CM01xYgIecZb8062y259TXOBwtIRf3oxl-QQmui-tpQaPs-3yLaarQ,2026-07-02,2026-07-06,Etihad,1,610,BAH,Weekend,July,2026-04-06T01:59:16.329372
"Macao, Macao",388.0,387.0,1.0,https://encrypted-tbn1.gstatic.com/images?q=tbn:ANd9GcQSqvJMa-Boc6alR19GIwxB5x8fz6SLMX4U07VIkUBrXrHUId6y7gaY5UM0NjSMQ8dxCMqaO-Vb6NcCcpDkTJWIL-bb7VqXfHxBqGdPBQ,2026-07-02,2026-07-05,XiamenAir and Scoot,1,245,MFM,Weekend,July,2026-04-06T01:59:16.329375
"Hyderabad, India",319.0,319.0,0.0,https://encrypted-tbn0.gstatic.com/images?q=tbn:ANd9GcS3lpOwI2CRkpJjacFXUmD9pyCXeZ-MP0UNVoSY-ZINyBSXwarclu3H5KLBmgmXLMvZ8CFEPC_CTn9MxVN2fSbIBcOTsu-WSQuxa1tkvQ,2026-07-23,2026-07-27,AirAsia,1,420,HYD,Weekend,July,2026-04-06T01:59:16.329378
"Da Nang, Vietnam",327.0,327.0,0.0,https://encrypted-tbn0.gstatic.com/images?q=tbn:ANd9GcRY7AI9sBPAD8WaK_I7CMw80ft40TqnRp1EjFdp9GnRDSxju7-F8tl-8bCJnT0Wdb16UIVE-GplpFzGlWkWlV9HQ_ABPTCatv79wUf_ww,2026-07-31,2026-08-03,Batik Air and Vietjet,1,170,DAD,Weekend,July,2026-04-06T01:59:16.329382
"Shimla, India",389.0,389.0,0.0,https://encrypted-tbn1.gstatic.com/images?q=tbn:ANd9GcRmVtZCspa49qA-VRdGwLUuhCYbfJl99rU2w1Dr_PWQ3xiGSYx9VEXsN9QQ4eU8ASsCrKZe-uXEhGKoWavjil_p5W2zaaBuI22CrttqxA,2026-07-30,2026-08-03,"IndiGo, AirAsia, and AirAsia X",1,350,DEL,Weekend,July,2026-04-06T01:59:16.329385
"Rishikesh, India",389.0,389.0,0.0,https://encrypted-tbn0.gstatic.com/images?q=tbn:ANd9GcQfnGK9xvCgM7SqaGAnrr-_xe7z2ObRVdDcCHEZvvCJmJvfPigk-FXOPJhBuaMZ11zbtVGZf7GaxmCkvgDB0PLXsaQ2WySPT5Fcf09Faw,2026-07-30,2026-08-03,"IndiGo, AirAsia, and AirAsia X",1,350,DEL,Weekend,July,2026-04-06T01:59:16.329390
"Manali, India",389.0,389.0,0.0,https://encrypted-tbn2.gstatic.com/images?q=tbn:ANd9GcScenrP6gjGb22lYsm8hjewD2rWHNXHj5hgZhSH4EXtFQ9vluathDHuGxcS18s0x2hP3XoltAmZURaN8WbSwwbatRsnz2MFZ0ZwVnW8VQ,2026-07-30,2026-08-03,"IndiGo, AirAsia, and AirAsia X",1,350,DEL,Weekend,July,2026-04-06T01:59:16.329393
"Jodhpur, India",476.0,476.0,0.0,https://encrypted-tbn0.gstatic.com/images?q=tbn:ANd9GcT8rBuapOqnIZRswSHWgHMRjC4gzYc6DE1yL1Z1ztSjcpHalJq26yGPgeI_ULnxNPCfK3LMV0Pj6xjeJh5akRjEUMHFxuGqEEiOou58Nw,2026-07-23,2026-07-27,Air India,1,1175,JDH,Weekend,July,2026-04-06T01:59:16.329397
"Munnar, India",277.0,277.0,0.0,https://encrypted-tbn3.gstatic.com/images?q=tbn:ANd9GcRqTHPBvoWmkwj7azYfSnX-4D9m7HpvFFq2vilhEa-17FM8zY0YvpGbpPe8I3_sHgpMYKqd9FSkuFtZWe9eOFGaLBeC3_i-qhxMPS2ZZQ,2026-07-09,2026-07-13,AirAsia,1,500,COK,Weekend,July,2026-04-06T01:59:16.329400
"Phú Quốc, Vietnam",321.0,321.0,0.0,https://encrypted-tbn3.gstatic.com/images?q=tbn:ANd9GcRGbWm0uqKOR9KmPBYMR8hSZRHOxqckm3gbBrinJy7yZfDpfAegfGEqPlX_NwjVJTCCRKnQ4hy7zd_tVOyEs6jNZ5fStfBDzeOslyEDoQ,2026-07-10,2026-07-12,Scoot and Vietjet,0,120,PQC,Weekend,July,2026-04-06T01:59:16.329404
"Ranthambore National Park, India",430.0,430.0,0.0,https://encrypted-tbn1.gstatic.com/images?q=tbn:ANd9GcSxrL0gNEqLJpancU8CANYgSjKoKEt_XeO5-xtU4ORG0m7IeWEhcCeab50BDvUMimSAhhiDtirU0aL_8w7CiKJslV3QM7voc7SLfRNUXA,2026-07-09,2026-07-12,IndiGo and Thai AirAsia,1,660,JAI,Weekend,July,2026-04-06T01:59:16.329407
"Colombo, Sri Lanka",319.0,319.0,0.0,https://encrypted-tbn3.gstatic.com/images?q=tbn:ANd9GcTCalYZRVLcftWCfdfjEucymsOsqadi9yimDG5NMHv6E53eNTkw3p5ze8wn7ynj7bthi5fSNd5TBC6kKSotrDYrF-RE3IV18bj2oW5xIA,2026-07-09,2026-07-13,AirAsia,1,340,CMB,Weekend,July,2026-04-06T01:59:16.329416
"Puducherry, India",248.0,248.0,0.0,https://encrypted-tbn0.gstatic.com/images?q=tbn:ANd9GcSvFZF57d-2KCNUh2lGz_SpRX0BslRnbMeUh2sb9KCiupngoHKO-0XUl8KYr7aeQZe6FlJIbLdal0LuVroiG9Wi180UtMpxG6Jxk-ytPQ,2026-07-10,2026-07-12,Scoot,0,240,MAA,Weekend,July,2026-04-06T01:59:16.329421
"Sapporo, Japan",559.0,559.0,0.0,https://encrypted-tbn0.gstatic.com/images?q=tbn:ANd9GcR4AM45jXa1psI2Z1sNxUR2XylT_5MPK1SHculUYedH63c7x8IHbBm5vDFctSbaXhn0_6bbNf6i86ZYpVuYBbEH4GveYpJzK-y7SINH1w,2026-07-02,2026-07-06,Air Do and ANA,1,725,CTS,Weekend,July,2026-04-06T01:59:16.329426
"Chengdu, China",436.0,436.0,0.0,https://encrypted-tbn3.gstatic.com/images?q=tbn:ANd9GcQY8DLeWQH982m5yXijXncNnKja_WtNJL9izzPLuwIjs4fWdKIGLfaVUBaXr3YLnyDVrv4RYKWVibM84S-hp3UpCGr78L0YycX0BZjRTw,2026-07-02,2026-07-05,"AirAsia, AirAsia X, and Shandong",1,510,TFU,Weekend,July,2026-04-06T01:59:16.329430
"Xi'An, China",485.0,485.0,0.0,https://encrypted-tbn3.gstatic.com/images?q=tbn:ANd9GcQlRRbLPcoitY2Dl9reXFIK_MTRgheCZMFkITdRumAZOoaWoPWH17MmpII3EMgCWZiqCnsu-ROsf2sFp9iSCYUPddP48tSGXwzfALtqvA,2026-07-10,2026-07-12,Shandong and Scoot,1,335,XIY,Weekend,July,2026-04-06T01:59:16.329433
"Boracay, Philippines",271.0,271.0,0.0,https://encrypted-tbn2.gstatic.com/images?q=tbn:ANd9GcSWVEP-f4Tsv9itb6e5PrsSbMRzn1pCVXoPAN7uzJJb3pMDQfBH4KRylRfEcwRrRrkfkye1AZFE9payFqm1xehM0rWmEcZsd2t1jrRgsQ,2026-07-30,2026-08-03,Cebu Pacific,1,730,MPH,Weekend,July,2026-04-06T01:59:16.329437
"Cebu City, Philippines",194.0,194.0,0.0,https://encrypted-tbn0.gstatic.com/images?q=tbn:ANd9GcRQkSFnL8j_JnNZIPer-g9BJfnnRj2BME3jwdM8u2pdZX5SMMAE6rz0Hghh-cgEA9re1JDSt3XMQWLcIHPANBsJgId_suPx16yEH4yKOA,2026-07-23,2026-07-27,Cebu Pacific,0,235,CEB,Weekend,July,2026-04-06T01:59:16.329440
"Kaziranga National Park, India",492.0,492.0,0.0,https://encrypted-tbn1.gstatic.com/images?q=tbn:ANd9GcQDBQ8gOfMM5IwB9Kv4SMGtY_VPTDN01t38twMZQ4jvK04wX5tThshiljXNBOmn9R1pWAUQanV96n0LiujQ0L_2pHnHCpEZsWJr0pU7HA,2026-07-23,2026-07-27,Air India and Air India Express,1,715,GAU,Weekend,July,2026-04-06T01:59:16.329444
"Guwahati, India",492.0,492.0,0.0,https://encrypted-tbn0.gstatic.com/images?q=tbn:ANd9GcSTNDJXSuGok1AmlZ2jJpvD_mzuF2s44iPPLEb27hyvOHBabF44H_oKWPTzHate__CBMAUXcvjMHojIKzvNCWdjG_BtKZSHWQXcb3rYuA,2026-07-23,2026-07-27,Air India and Air India Express,1,715,GAU,Weekend,July,2026-04-06T01:59:16.329447
"Tashkent, Uzbekistan",830.0,830.0,0.0,https://encrypted-tbn2.gstatic.com/images?q=tbn:ANd9GcQA8i7cAg_5GT78C0ciF1cM-ly6BiS_ojUVXMMr6drRYdStr40B90277pTgsMCGul1IEbR6ZDAc4atr4D6HN9laieRaaJeaT3hmLsKqBg,2026-07-04,2026-07-06,AirAsia and AirAsia X,1,655,TAS,Weekend,July,2026-04-06T01:59:16.329452
"Niseko, Japan",559.0,559.0,0.0,https://encrypted-tbn0.gstatic.com/images?q=tbn:ANd9GcRF7wdJWoE22_Ai99rtZ7hjcWVIp65xTxNoA1-WBleQknbJwrCZRAi_Mk_xp720dO7R7O0VWM2ILl-qKWXESGCxtRNFgJE-m-HdGwrlxw,2026-07-02,2026-07-06,Air Do and ANA,1,725,CTS,Weekend,July,2026-04-06T01:59:16.329455
"Almaty, Kazakhstan",923.0,923.0,0.0,https://encrypted-tbn2.gstatic.com/images?q=tbn:ANd9GcR8iDoh59ddyzKl4KpDTbZMB5nZzWIzPoHXHEhF6j5LF-er9e4arKtTln2lYA-WuD2Z23ZsHkv3IaTY8X4k7_H0sz7pZENVvOOpEEYVqA,2026-07-09,2026-07-13,Qatar Airways,1,1120,ALA,Weekend,July,2026-04-06T01:59:16.329459
"Guam, Guam",797.0,797.0,0.0,https://encrypted-tbn2.gstatic.com/images?q=tbn:ANd9GcTuOFnrHa29K1tpqiPQklQESCCKp3f-FzHa53cUPpXN1fLNxBqzixLAbuWT60pbd7ARYOKKnNlHkSWX7ZK6YnEyD7CALkdWcBFLTcNWIw,2026-07-23,2026-07-27,Philippine Airlines,1,1545,GUM,Weekend,July,2026-04-06T01:59:16.329463
"Tehran, Iran",1216.0,1216.0,0.0,https://encrypted-tbn3.gstatic.com/images?q=tbn:ANd9GcSE4XzJ3-jox0HepD9O5KomPQPnuWx3ClgVoliBalJu3shkAEawZWYi-M4YltQCNIzSMcKVSDWIXucwru13GOVroOYQmrDyLJXemqgOsw,2026-07-02,2026-07-05,Qatar Airways,1,745,IKA,Weekend,July,2026-04-06T01:59:16.329467
"Harbin, China",462.0,462.0,0.0,https://encrypted-tbn2.gstatic.com/images?q=tbn:ANd9GcR_MvPBNPJRk-TEMtrt8B_sIPMp92xYO42dahjcu0DxdK4F66B0rsb64v3pXLOHINO5t9aBZpbKBmHOyvLO3vOdgKa6uK86bxFgkbX2Rw,2026-07-02,2026-07-05,Shandong,1,745,HRB,Weekend,July,2026-04-06T01:59:16.329472
"Ulaanbaatar, Mongolia",1356.0,1356.0,0.0,https://encrypted-tbn3.gstatic.com/images?q=tbn:ANd9GcQG0oMWF9H5cvBuRMc1phyW4DGIc3S1ZIRFEi4bS-9Ah2c3Co46HWv1_2zJ1tvvI65NTG8aEoXWTCclixETbnq0PNTGkXrnN9sz9iG0xg,2026-07-30,2026-08-02,Cathay Pacific and MIAT,1,1625,UBN,Weekend,July,2026-04-06T01:59:16.329477
"Furano, Japan",559.0,559.0,0.0,https://encrypted-tbn2.gstatic.com/images?q=tbn:ANd9GcToxhNswMamZEIFMbN4ViNIJsOoa4oiFtq7c4e5-91uhu2Jn90OSbq0u5zR3i6o5nafcKScuhJqbJsDFUCz3feBEspB5AhViICZylm6aA,2026-07-02,2026-07-06,Air Do and ANA,1,725,CTS,Weekend,July,2026-04-06T01:59:16.329482
"Issyk Kul, Kyrgyzstan",923.0,923.0,0.0,https://encrypted-tbn0.gstatic.com/images?q=tbn:ANd9GcQDqLw0IWmVH11kyhh3ObcxYz5CmojvvYLlZDO2Ce_HdyewWrz_23BNsNt-RY463jE2YcjeCNoPPHhuv04pWUqf57iN5Knpc99fCpNHQA,2026-07-09,2026-07-13,Qatar Airways,1,1120,ALA,Weekend,July,2026-04-06T01:59:16.329485
"Asahikawa, Japan",559.0,559.0,0.0,https://encrypted-tbn2.gstatic.com/images?q=tbn:ANd9GcS0VqKQp5kcTlRC4ivn7m1K-O7wcMpVzC8dUZ1XU5NeI5AE8uYY9FQQG1l_nbbVdcA2ZVw6R_cydjdmi6UJBTkD6s84-qL6j1L0ppHZRw,2026-07-02,2026-07-06,Air Do and ANA,1,725,CTS,Weekend,July,2026-04-06T01:59:16.329488
"Ürümqi, China",703.0,703.0,0.0,https://encrypted-tbn2.gstatic.com/images?q=tbn:ANd9GcQG7GdzgUFPXs__gKaBVRzQaJyESgnuqLvTQ2PKS1DtS6k70TghaCiYlvLODQcqYelNGewNj-hgj_pjCSM7n1Df_nnW-VeC8V0We0h8MQ,2026-07-11,2026-07-13,Cathay Pacific,1,655,URC,Weekend,July,2026-04-06T01:59:16.329490
"Padang, Indonesia",226.0,226.0,0.0,https://encrypted-tbn3.gstatic.com/images?q=tbn:ANd9GcTDKL2EVQYGn6jKkf-kN_Rdm--pZIl3mnnwYSPeO8URaMSrnPVDbZRZO1nonj0WI2Z5L8nyBj7Jy5i5ERwaG24pySvVcU1OAwT7x1Wu2A,2026-07-04,2026-07-06,Scoot,0,75,PDG,Weekend,July,2026-04-06T01:59:16.329493
"Gorkhi Terelj National Park, Mongolia",1356.0,1356.0,0.0,https://encrypted-tbn1.gstatic.com/images?q=tbn:ANd9GcRs_x--VIR1dafl4avf8s8m8flCHTx1toLHUv0UIkRJOqQDwiSLMgVvR7Hfv6y9hrDun52sIUrYRl_HhdPAXnHuZHjKef9kXZJycsNXmQ,2026-07-30,2026-08-02,Cathay Pacific and MIAT,1,1625,UBN,Weekend,July,2026-04-06T01:59:16.329495
"Tokyo, Japan",403.0,402.0,1.0,https://encrypted-tbn3.gstatic.com/images?q=tbn:ANd9GcRiqAYuTkGrtxMazhSpAJve9ZzWSTvJ8xFHSX2ih6rQEoYgDOw0Aey3IBJh7-QF38k1xmhOiFoVXd8u5V1ip4G05Aprq0q6HulopWyM5A,2026-07-09,2026-07-15,Scoot and ZIPAIR Tokyo,0,440,NRT,1 Week,July,2026-04-06T01:59:20.385118
"Seoul, South Korea",321.0,320.0,1.0,https://encrypted-tbn0.gstatic.com/images?q=tbn:ANd9GcSGy4LggtmRKCw-VDM7sZj2JVAI9kZiAlSkcki4ZP7jzUeqZlOBfwDo0IH5E2Xksu0CgoBvjpPlWiH4g5dXne5aQ5Iy4S01_z3bJg47cQ,2026-07-20,2026-07-28,"AirAsia, AirAsia X, and Scoot",1,390,ICN,1 Week,July,2026-04-06T01:59:20.385130
"Hong Kong, Hong Kong",351.0,351.0,0.0,https://encrypted-tbn1.gstatic.com/images?q=tbn:ANd9GcTd4giZUOnVkLOK19qE-hoKaexrOb1lLvZOn_lzXx6X39chZYcKOZIlG92b-8CwcwsYWc8P53FjOTPh8YHr2wbh_ORXoEs2OLBTPE3kzw,2026-07-03,2026-07-10,Scoot,0,260,HKG,1 Week,July,2026-04-06T01:59:20.385134
"Bangkok, Thailand",184.0,184.0,0.0,https://encrypted-tbn3.gstatic.com/images?q=tbn:ANd9GcTPIoqStMvXXTYbUQSylJYyWjY5HYM1GX-AALOOPHhXdXZDY56SSslLQDDkdhOxRX31c8qW7XFzS5zSEG6PGhEhGzxEbzyUYrqVxP_mBg,2026-07-04,2026-07-10,Scoot,0,155,BKK,1 Week,July,2026-04-06T01:59:20.385137
"Hanoi, Vietnam",230.0,230.0,0.0,https://encrypted-tbn2.gstatic.com/images?q=tbn:ANd9GcTh-Ne26gTyuHsN2ZHc-hQy1CJQ2ipECMiZPX8oGOu9Gw2plYSgbGAHFY4M4Eqls6MLlm3xgJf4uKpU0FRcZaKySylwTv73Ej3oD5pwEQ,2026-07-02,2026-07-09,Scoot,0,205,HAN,1 Week,July,2026-04-06T01:59:20.385140
"Ho Chi Minh City, Vietnam",184.0,184.0,0.0,https://encrypted-tbn0.gstatic.com/images?q=tbn:ANd9GcRrJKZk1BiYhZ3mY3euABvLxDIBukBw5gmGkEhkLqxNVGRjU8fVETFnNMHQIvPummF_6pB1XJ3tWE5VN7coLGd63VogrXcGfgf569shwA,2026-07-09,2026-07-16,Scoot,0,135,SGN,1 Week,July,2026-04-06T01:59:20.385143
"Mumbai, India",339.0,339.0,0.0,https://encrypted-tbn1.gstatic.com/images?q=tbn:ANd9GcTRRckp8mseYnYQ7l8HELq1GoFqwH1zksN3R-F36DAYjcG5Vt5RRGV-jd25K06kaNDTLkxXdzk0QUW09L6kHJOKEQg3Txbhyf9_10ZiXg,2026-07-06,2026-07-14,Air India,0,340,BOM,1 Week,July,2026-04-06T01:59:20.385146
"New Delhi, India",342.0,342.0,0.0,https://encrypted-tbn0.gstatic.com/images?q=tbn:ANd9GcSl_0QJXM0LcbhkFClbfILfC8ZiSCyO5XZpO0iSG1vfJg82v_FHjLXKSHs4cuyhvv4qL9jHKtP8ejqB62ObqFIQDnc3TDNCBAKM57ywZQ,2026-07-06,2026-07-15,AirAsia and AirAsia X,1,660,DEL,1 Week,July,2026-04-06T01:59:20.385150
"Federal Territory of Kuala Lumpur, Malaysia",100.0,100.0,0.0,https://encrypted-tbn3.gstatic.com/images?q=tbn:ANd9GcQQIk1ExRSHJSg0CA3pM6ISxhFBQVZJ7iNmv02par-cAbKXlYKgy5PyTpGtQT33xTsdoO0dFIXrLwxWqlAmtUcQD7cziyQYbCZ55yo55Q,2026-07-09,2026-07-15,AirAsia,0,65,KUL,1 Week,July,2026-04-06T01:59:20.385153
"Dubai, United Arab Emirates",643.0,643.0,0.0,https://encrypted-tbn2.gstatic.com/images?q=tbn:ANd9GcS8I-qzYsk8MfqbtG7XZriHCE-pfBAmDIEitgTNi6pkd4ydYfON7ave6PO0r4SphWZcLjoAZuDchjD45415sUjceoYWW2iZuva8SQ9Spg,2026-07-02,2026-07-08,Etihad,0,440,AUH,1 Week,July,2026-04-06T01:59:20.385156
"Kyoto, Japan",345.0,345.0,0.0,https://encrypted-tbn2.gstatic.com/images?q=tbn:ANd9GcQtOVcFjC9WqGv4M70NBscJETxCioVhaxdDOixuut8dt708uPIEgFT53Jq9zXHfI6sAOAWzmyAXmctAP52yFO2Cgwinfa9tIJlulmeR_g,2026-07-06,2026-07-13,Peach Aviation,0,405,KIX,1 Week,July,2026-04-06T01:59:20.385160
"Chiang Mai, Thailand",302.0,302.0,0.0,https://encrypted-tbn2.gstatic.com/images?q=tbn:ANd9GcTWkJDtb_3dOVc83TPKcKR6rRyKwp9M0n4vxVyFLuQ4ptiBf2FOEvVCTgmNI6dA6yLD85h9dhQ--u0VJsMWDGNwsAE013NEUxXHaHt00w,2026-07-23,2026-07-29,Scoot,0,185,CNX,1 Week,July,2026-04-06T01:59:20.385163
"Jaipur, India",415.0,415.0,0.0,https://encrypted-tbn2.gstatic.com/images?q=tbn:ANd9GcRHqyQ66crs-roykYQYxDmWP5W5OJrHQTXbb44A5zWulqxTZqTHGy2hBSBr8d_dU8AQ4qFU-hzSZNSDGh8MhIgg3DyUUeXB0f3QkYRhpw,2026-07-05,2026-07-12,Thai AirAsia,1,605,JAI,1 Week,July,2026-04-06T01:59:20.385166
"Phuket, Thailand",166.0,166.0,0.0,https://encrypted-tbn3.gstatic.com/images?q=tbn:ANd9GcTiBNj9z2Tf0lnw1uff6ooYy7liuVrHON7xT0xwWMJJWj3t4puxffP6RFtMin9PMz2RmGh6hiBIzk-1EGPwdS0BTJqDV9Dc_nMu3U5NQA,2026-07-05,2026-07-11,Scoot,0,110,HKT,1 Week,July,2026-04-06T01:59:20.385169
"Beijing, China",425.0,425.0,0.0,https://encrypted-tbn1.gstatic.com/images?q=tbn:ANd9GcR6R3TE9LrMLUM8It2c4f4zpNHzm3U-Peq5u7VO4V6QKrFk0vcJi5BJqLmmSuBNCoOTLy0XsoAmhFwqm2sUijEusLJoXjMkTWCWUiNOcw,2026-07-02,2026-07-09,AirAsia and China Southern,1,665,PKX,1 Week,July,2026-04-06T01:59:20.385172
"Goa, India",417.0,417.0,0.0,https://encrypted-tbn1.gstatic.com/images?q=tbn:ANd9GcTO_bUFJ2hIpNKQP021IDGX5_9DjDgvZKtkIrDVxwM0u4I5OAp1Iax4_EW6hoaO9NUW0KWgILohWKKZLG9XzbzfZkpeonIKw3VgPDT5tQ,2026-07-16,2026-07-23,Air India and Air India Express,1,800,GOI,1 Week,July,2026-04-06T01:59:20.385175
"Osaka, Japan",345.0,345.0,0.0,https://encrypted-tbn3.gstatic.com/images?q=tbn:ANd9GcQ4taqtiRvr48l49Sh_f8rfRxj-enava5SmEA0s6U_pWeh7BW8eHOvOFczJy-B5oH6n3Wu-KNzT4A-NY_SzrseToTfHLKVhkr-mWGLWIA,2026-07-06,2026-07-13,Peach Aviation,0,405,KIX,1 Week,July,2026-04-06T01:59:20.385179
"Shanghai, China",429.0,429.0,0.0,https://encrypted-tbn2.gstatic.com/images?q=tbn:ANd9GcTujsAS0i3-zbeimLQQ8RJnTX80xFZm7VnTsswhTD6W1aHQZWxzA7pNb0BMAVpelCNQq3SEx1592gylHw,2026-07-06,2026-07-14,Spring and China Southern,1,335,PVG,1 Week,July,2026-04-06T01:59:20.385182
Hội An,277.0,277.0,0.0,https://encrypted-tbn3.gstatic.com/images?q=tbn:ANd9GcRRNok0jp9TQx-QJc8bQnN2ksLZePNr89SdiNSiwUwpXKh0aVOnLPThIeJfqztwgB97XWeFuxC9lhG0DimISpDGn4Hfkm_wLNu4dl340A,2026-07-02,2026-07-09,AirAsia and Vietjet,1,170,DAD,1 Week,July,2026-04-06T01:59:20.385185
"Bengaluru, India",351.0,351.0,0.0,https://encrypted-tbn2.gstatic.com/images?q=tbn:ANd9GcRRnVQMArN8G30p02VM6n18fD9LS-EXlKYRbJfv6CPLwRZ9C2wXHGXWsl6OOG5ubeHraoTiiKbSaBZnb2O3B02YbhgEtC8m9xRxgPwGfQ,2026-07-24,2026-07-30,Singapore Airlines,0,255,BLR,1 Week,July,2026-04-06T01:59:20.385188
"Hạ Long Bay, Vietnam",230.0,230.0,0.0,https://encrypted-tbn0.gstatic.com/images?q=tbn:ANd9GcQdH7xkaOku2D4UGiEtbegMDLIWszqsJrVB-XkpO13CqXswYGnUUFMgsO4uFwTrf0y8EAbVZJI4A0eo4UHbgxYiQFIDVb-zsz70Dt0OOg,2026-07-02,2026-07-09,Scoot,0,205,HAN,1 Week,July,2026-04-06T01:59:20.385192
"Abu Dhabi, United Arab Emirates",643.0,643.0,0.0,https://encrypted-tbn2.gstatic.com/images?q=tbn:ANd9GcTwBpYbpnuaEurTOeQbgYJzxk3uOAjB7bRvnTetkMlsdPqKciAFtLJswZmMHWpVhkLeEbJZCCZwoXaQ5D4aSc9sT4I-yBQBrT3r5vSWtA,2026-07-02,2026-07-08,Etihad,0,440,AUH,1 Week,July,2026-04-06T01:59:20.385195
"Chennai, India",236.0,236.0,0.0,https://encrypted-tbn3.gstatic.com/images?q=tbn:ANd9GcT8jGx4Oe7gOIT3dSF0FgoYzjECbwXYCIq6g0sMhY30kkZu5ThtcjZeZrIwVErtNu0yP-R_6Fgzt1BlhFJgF4nE0Cxoy4q_LrB5mHM6_A,2026-07-26,2026-08-03,Scoot,0,240,MAA,1 Week,July,2026-04-06T01:59:20.385198
"Varanasi, India",510.0,544.0,-34.0,https://encrypted-tbn2.gstatic.com/images?q=tbn:ANd9GcRg1OmvYJVmJRkkH48WQY4LvYje4OuiXjLle-GS5PpRg-nonn9JC3CvB7HFko6WDkJnbxLL2s8j9VJf3XEWtJjx9xwADzwK_XzESUnUsA,2026-07-18,2026-07-27,Air India and Air India Express,1,760,VNS,1 Week,July,2026-04-06T01:59:20.385202
"Udaipur, India",442.0,442.0,0.0,https://encrypted-tbn3.gstatic.com/images?q=tbn:ANd9GcSDElWaJCFOU4Y_U3X_1eUQsKG7FBPTiC6ZjgywBhr-NVfC9MscjNzDtVWHXcZxqrvrg6doXFJ3HtKk7f7vlZEBRljFcaKQrvdT1Lfn8Q,2026-07-09,2026-07-15,Air India,1,1250,UDR,1 Week,July,2026-04-06T01:59:20.385205
"Agra, India",342.0,342.0,0.0,https://encrypted-tbn2.gstatic.com/images?q=tbn:ANd9GcQI0YQv8yflL3rak3GIymC_IQPCnsI79bxC_lkZZonTDvjgQT1rNO7yJFilB65Gezf2VFQaf9yZ_h8HiA,2026-07-06,2026-07-15,AirAsia and AirAsia X,1,660,DEL,1 Week,July,2026-04-06T01:59:20.385208
"Ko Samui, Thailand",424.0,425.0,-1.0,https://encrypted-tbn0.gstatic.com/images?q=tbn:ANd9GcQ5VBzIPEfByKaFwNzikHD-kPxvUCXDQnYSeSf5xfsIeLO82X1NYZAjeCuuPKR2bV5qteuV8eJwTlrqba9OPo7suR-eLdKQb1P0WeM74A,2026-07-16,2026-07-23,Scoot,0,115,USM,1 Week,July,2026-04-06T01:59:20.385212
"Kolkata, India",346.0,346.0,0.0,https://encrypted-tbn1.gstatic.com/images?q=tbn:ANd9GcQkqRm0hB0I1L_Wd8J2SnHNwKFZT4kXBUBpwALXSPcPiN3P3c_WpHKIiaKVq1Y3OxMKtVX086O0hVbNFgQnycWMKjv8QwffmoMgidSS2Q,2026-07-02,2026-07-08,IndiGo and AirAsia,1,250,CCU,1 Week,July,2026-04-06T01:59:20.385215
"Taipei City, Taiwan",248.0,248.0,0.0,https://encrypted-tbn3.gstatic.com/images?q=tbn:ANd9GcQXLhb-ghDjmkIYAVvdu4F0jxICbcNjvay2bPLvj8Hp1u_uQKcabDV_PEHWzUdFw6H1BPMdXV5ahY-NuEBcv5y050siHU3OyxbnIrgwfg,2026-07-16,2026-07-22,Scoot,0,285,TPE,1 Week,July,2026-04-06T01:59:20.385218
"Kochi, India",277.0,277.0,0.0,https://encrypted-tbn3.gstatic.com/images?q=tbn:ANd9GcTPv3xu1wWA_PiElguRprW5LXIiyk1swUyWnl2QBNczqNvHpUCVW0j4KU7r7TduEUBjZLEgF1r2LndBwX3sPX83Xs2BTqGidMf9Wb4X7w,2026-07-04,2026-07-10,AirAsia,1,500,COK,1 Week,July,2026-04-06T01:59:20.385222
"Kathmandu, Nepal",606.0,606.0,0.0,https://encrypted-tbn0.gstatic.com/images?q=tbn:ANd9GcT78awjGv8SH4zFojoNUasAJqCxFPYe5qPHDvKUhH54AJ48YS8N1M9idwAQkN9fOXSnaMT2Rb5XpFn5tN3eT-3_sfEtXzetNBogSwD10g,2026-07-06,2026-07-12,Air India,1,590,KTM,1 Week,July,2026-04-06T01:59:20.385225
"Manila, Philippines",182.0,182.0,0.0,https://encrypted-tbn3.gstatic.com/images?q=tbn:ANd9GcRr9zUtKyDotaE-xA4DBVzZeavqk4R9wcvHmPGhQaJYfJO42GbiiIxaklB54UPajj9Fb2NgEdnVKsjvVPiBUWLwL4ShNsl8GI51yhA3MQ,2026-07-06,2026-07-14,Cebu Pacific,0,235,MNL,1 Week,July,2026-04-06T01:59:20.385228
"Bahrain, Bahrain",857.0,857.0,0.0,https://encrypted-tbn2.gstatic.com/images?q=tbn:ANd9GcSV-vcI5g_BSfRsSLESsjQeatxt7gtRek4JeffV42nrl5WMmzv4CM01xYgIecZb8062y259TXOBwtIRf3oxl-QQmui-tpQaPs-3yLaarQ,2026-07-02,2026-07-08,Etihad,1,610,BAH,1 Week,July,2026-04-06T01:59:20.385232
"Macao, Macao",387.0,387.0,0.0,https://encrypted-tbn1.gstatic.com/images?q=tbn:ANd9GcQSqvJMa-Boc6alR19GIwxB5x8fz6SLMX4U07VIkUBrXrHUId6y7gaY5UM0NjSMQ8dxCMqaO-Vb6NcCcpDkTJWIL-bb7VqXfHxBqGdPBQ,2026-07-09,2026-07-15,XiamenAir and Scoot,1,245,MFM,1 Week,July,2026-04-06T01:59:20.385235
"Hyderabad, India",319.0,319.0,0.0,https://encrypted-tbn0.gstatic.com/images?q=tbn:ANd9GcS3lpOwI2CRkpJjacFXUmD9pyCXeZ-MP0UNVoSY-ZINyBSXwarclu3H5KLBmgmXLMvZ8CFEPC_CTn9MxVN2fSbIBcOTsu-WSQuxa1tkvQ,2026-07-05,2026-07-14,AirAsia,1,420,HYD,1 Week,July,2026-04-06T01:59:20.385239
"Da Nang, Vietnam",277.0,277.0,0.0,https://encrypted-tbn0.gstatic.com/images?q=tbn:ANd9GcRY7AI9sBPAD8WaK_I7CMw80ft40TqnRp1EjFdp9GnRDSxju7-F8tl-8bCJnT0Wdb16UIVE-GplpFzGlWkWlV9HQ_ABPTCatv79wUf_ww,2026-07-02,2026-07-09,AirAsia and Vietjet,1,170,DAD,1 Week,July,2026-04-06T01:59:20.385242
"Shimla, India",342.0,342.0,0.0,https://encrypted-tbn1.gstatic.com/images?q=tbn:ANd9GcRmVtZCspa49qA-VRdGwLUuhCYbfJl99rU2w1Dr_PWQ3xiGSYx9VEXsN9QQ4eU8ASsCrKZe-uXEhGKoWavjil_p5W2zaaBuI22CrttqxA,2026-07-06,2026-07-15,AirAsia and AirAsia X,1,660,DEL,1 Week,July,2026-04-06T01:59:20.385245
"Rishikesh, India",342.0,342.0,0.0,https://encrypted-tbn0.gstatic.com/images?q=tbn:ANd9GcQfnGK9xvCgM7SqaGAnrr-_xe7z2ObRVdDcCHEZvvCJmJvfPigk-FXOPJhBuaMZ11zbtVGZf7GaxmCkvgDB0PLXsaQ2WySPT5Fcf09Faw,2026-07-06,2026-07-15,AirAsia and AirAsia X,1,660,DEL,1 Week,July,2026-04-06T01:59:20.385249
"Manali, India",342.0,342.0,0.0,https://encrypted-tbn2.gstatic.com/images?q=tbn:ANd9GcScenrP6gjGb22lYsm8hjewD2rWHNXHj5hgZhSH4EXtFQ9vluathDHuGxcS18s0x2hP3XoltAmZURaN8WbSwwbatRsnz2MFZ0ZwVnW8VQ,2026-07-06,2026-07-15,AirAsia and AirAsia X,1,660,DEL,1 Week,July,2026-04-06T01:59:20.385253
"Jodhpur, India",442.0,446.0,-4.0,https://encrypted-tbn0.gstatic.com/images?q=tbn:ANd9GcT8rBuapOqnIZRswSHWgHMRjC4gzYc6DE1yL1Z1ztSjcpHalJq26yGPgeI_ULnxNPCfK3LMV0Pj6xjeJh5akRjEUMHFxuGqEEiOou58Nw,2026-07-09,2026-07-15,Air India,1,1175,JDH,1 Week,July,2026-04-06T01:59:20.385256
"Munnar, India",277.0,277.0,0.0,https://encrypted-tbn3.gstatic.com/images?q=tbn:ANd9GcRqTHPBvoWmkwj7azYfSnX-4D9m7HpvFFq2vilhEa-17FM8zY0YvpGbpPe8I3_sHgpMYKqd9FSkuFtZWe9eOFGaLBeC3_i-qhxMPS2ZZQ,2026-07-04,2026-07-10,AirAsia,1,500,COK,1 Week,July,2026-04-06T01:59:20.385259
"Phú Quốc, Vietnam",232.0,232.0,0.0,https://encrypted-tbn3.gstatic.com/images?q=tbn:ANd9GcRGbWm0uqKOR9KmPBYMR8hSZRHOxqckm3gbBrinJy7yZfDpfAegfGEqPlX_NwjVJTCCRKnQ4hy7zd_tVOyEs6jNZ5fStfBDzeOslyEDoQ,2026-07-06,2026-07-15,AirAsia and Scoot,1,120,PQC,1 Week,July,2026-04-06T01:59:20.385264
"Ranthambore National Park, India",415.0,415.0,0.0,https://encrypted-tbn1.gstatic.com/images?q=tbn:ANd9GcSxrL0gNEqLJpancU8CANYgSjKoKEt_XeO5-xtU4ORG0m7IeWEhcCeab50BDvUMimSAhhiDtirU0aL_8w7CiKJslV3QM7voc7SLfRNUXA,2026-07-05,2026-07-12,Thai AirAsia,1,605,JAI,1 Week,July,2026-04-06T01:59:20.385267
"Colombo, Sri Lanka",319.0,319.0,0.0,https://encrypted-tbn3.gstatic.com/images?q=tbn:ANd9GcTCalYZRVLcftWCfdfjEucymsOsqadi9yimDG5NMHv6E53eNTkw3p5ze8wn7ynj7bthi5fSNd5TBC6kKSotrDYrF-RE3IV18bj2oW5xIA,2026-07-04,2026-07-10,AirAsia,1,340,CMB,1 Week,July,2026-04-06T01:59:20.385271
"Puducherry, India",236.0,236.0,0.0,https://encrypted-tbn0.gstatic.com/images?q=tbn:ANd9GcSvFZF57d-2KCNUh2lGz_SpRX0BslRnbMeUh2sb9KCiupngoHKO-0XUl8KYr7aeQZe6FlJIbLdal0LuVroiG9Wi180UtMpxG6Jxk-ytPQ,2026-07-26,2026-08-03,Scoot,0,240,MAA,1 Week,July,2026-04-06T01:59:20.385275
"Sapporo, Japan",559.0,559.0,0.0,https://encrypted-tbn0.gstatic.com/images?q=tbn:ANd9GcR4AM45jXa1psI2Z1sNxUR2XylT_5MPK1SHculUYedH63c7x8IHbBm5vDFctSbaXhn0_6bbNf6i86ZYpVuYBbEH4GveYpJzK-y7SINH1w,2026-07-02,2026-07-08,Air Do and ANA,1,725,CTS,1 Week,July,2026-04-06T01:59:20.385279
"Chengdu, China",435.0,435.0,0.0,https://encrypted-tbn3.gstatic.com/images?q=tbn:ANd9GcQY8DLeWQH982m5yXijXncNnKja_WtNJL9izzPLuwIjs4fWdKIGLfaVUBaXr3YLnyDVrv4RYKWVibM84S-hp3UpCGr78L0YycX0BZjRTw,2026-07-06,2026-07-14,"AirAsia, AirAsia X, and Batik Air",1,545,TFU,1 Week,July,2026-04-06T01:59:20.385283
"Xi'An, China",403.0,402.0,1.0,https://encrypted-tbn3.gstatic.com/images?q=tbn:ANd9GcQlRRbLPcoitY2Dl9reXFIK_MTRgheCZMFkITdRumAZOoaWoPWH17MmpII3EMgCWZiqCnsu-ROsf2sFp9iSCYUPddP48tSGXwzfALtqvA,2026-07-02,2026-07-09,"AirAsia, AirAsia X, and Scoot",1,335,XIY,1 Week,July,2026-04-06T01:59:20.385286
"Boracay, Philippines",265.0,265.0,0.0,https://encrypted-tbn2.gstatic.com/images?q=tbn:ANd9GcSWVEP-f4Tsv9itb6e5PrsSbMRzn1pCVXoPAN7uzJJb3pMDQfBH4KRylRfEcwRrRrkfkye1AZFE9payFqm1xehM0rWmEcZsd2t1jrRgsQ,2026-07-13,2026-07-21,Cebu Pacific,1,710,MPH,1 Week,July,2026-04-06T01:59:20.385290
"Cebu City, Philippines",194.0,194.0,0.0,https://encrypted-tbn0.gstatic.com/images?q=tbn:ANd9GcRQkSFnL8j_JnNZIPer-g9BJfnnRj2BME3jwdM8u2pdZX5SMMAE6rz0Hghh-cgEA9re1JDSt3XMQWLcIHPANBsJgId_suPx16yEH4yKOA,2026-07-16,2026-07-22,Cebu Pacific,0,235,CEB,1 Week,July,2026-04-06T01:59:20.385293
"Kaziranga National Park, India",536.0,536.0,0.0,https://encrypted-tbn1.gstatic.com/images?q=tbn:ANd9GcQDBQ8gOfMM5IwB9Kv4SMGtY_VPTDN01t38twMZQ4jvK04wX5tThshiljXNBOmn9R1pWAUQanV96n0LiujQ0L_2pHnHCpEZsWJr0pU7HA,2026-07-02,2026-07-08,Air India and Air India Express,1,645,GAU,1 Week,July,2026-04-06T01:59:20.385297
"Guwahati, India",536.0,536.0,0.0,https://encrypted-tbn0.gstatic.com/images?q=tbn:ANd9GcSTNDJXSuGok1AmlZ2jJpvD_mzuF2s44iPPLEb27hyvOHBabF44H_oKWPTzHate__CBMAUXcvjMHojIKzvNCWdjG_BtKZSHWQXcb3rYuA,2026-07-02,2026-07-08,Air India and Air India Express,1,645,GAU,1 Week,July,2026-04-06T01:59:20.385300
"Tashkent, Uzbekistan",597.0,597.0,0.0,https://encrypted-tbn2.gstatic.com/images?q=tbn:ANd9GcQA8i7cAg_5GT78C0ciF1cM-ly6BiS_ojUVXMMr6drRYdStr40B90277pTgsMCGul1IEbR6ZDAc4atr4D6HN9laieRaaJeaT3hmLsKqBg,2026-07-06,2026-07-13,AirAsia and AirAsia X,1,655,TAS,1 Week,July,2026-04-06T01:59:20.385304
"Niseko, Japan",559.0,559.0,0.0,https://encrypted-tbn0.gstatic.com/images?q=tbn:ANd9GcRF7wdJWoE22_Ai99rtZ7hjcWVIp65xTxNoA1-WBleQknbJwrCZRAi_Mk_xp720dO7R7O0VWM2ILl-qKWXESGCxtRNFgJE-m-HdGwrlxw,2026-07-02,2026-07-08,Air Do and ANA,1,725,CTS,1 Week,July,2026-04-06T01:59:20.385308
"Almaty, Kazakhstan",853.0,853.0,0.0,https://encrypted-tbn2.gstatic.com/images?q=tbn:ANd9GcR8iDoh59ddyzKl4KpDTbZMB5nZzWIzPoHXHEhF6j5LF-er9e4arKtTln2lYA-WuD2Z23ZsHkv3IaTY8X4k7_H0sz7pZENVvOOpEEYVqA,2026-07-06,2026-07-13,Thai AirAsia and Thai AirAsia X,1,750,ALA,1 Week,July,2026-04-06T01:59:20.385311
"Guam, Guam",797.0,797.0,0.0,https://encrypted-tbn2.gstatic.com/images?q=tbn:ANd9GcTuOFnrHa29K1tpqiPQklQESCCKp3f-FzHa53cUPpXN1fLNxBqzixLAbuWT60pbd7ARYOKKnNlHkSWX7ZK6YnEyD7CALkdWcBFLTcNWIw,2026-07-23,2026-07-30,Philippine Airlines,1,1545,GUM,1 Week,July,2026-04-06T01:59:20.385315
"Tehran, Iran",1216.0,1216.0,0.0,https://encrypted-tbn3.gstatic.com/images?q=tbn:ANd9GcSE4XzJ3-jox0HepD9O5KomPQPnuWx3ClgVoliBalJu3shkAEawZWYi-M4YltQCNIzSMcKVSDWIXucwru13GOVroOYQmrDyLJXemqgOsw,2026-07-02,2026-07-08,Qatar Airways,1,745,IKA,1 Week,July,2026-04-06T01:59:20.385318
"Harbin, China",462.0,462.0,0.0,https://encrypted-tbn2.gstatic.com/images?q=tbn:ANd9GcR_MvPBNPJRk-TEMtrt8B_sIPMp92xYO42dahjcu0DxdK4F66B0rsb64v3pXLOHINO5t9aBZpbKBmHOyvLO3vOdgKa6uK86bxFgkbX2Rw,2026-07-02,2026-07-08,Shandong,1,745,HRB,1 Week,July,2026-04-06T01:59:20.385323
"Ulaanbaatar, Mongolia",1326.0,1326.0,0.0,https://encrypted-tbn3.gstatic.com/images?q=tbn:ANd9GcQG0oMWF9H5cvBuRMc1phyW4DGIc3S1ZIRFEi4bS-9Ah2c3Co46HWv1_2zJ1tvvI65NTG8aEoXWTCclixETbnq0PNTGkXrnN9sz9iG0xg,2026-07-11,2026-07-19,Cathay Pacific and MIAT,1,625,UBN,1 Week,July,2026-04-06T01:59:20.385326
"Furano, Japan",559.0,559.0,0.0,https://encrypted-tbn2.gstatic.com/images?q=tbn:ANd9GcToxhNswMamZEIFMbN4ViNIJsOoa4oiFtq7c4e5-91uhu2Jn90OSbq0u5zR3i6o5nafcKScuhJqbJsDFUCz3feBEspB5AhViICZylm6aA,2026-07-02,2026-07-08,Air Do and ANA,1,725,CTS,1 Week,July,2026-04-06T01:59:20.385332
"Issyk Kul, Kyrgyzstan",853.0,853.0,0.0,https://encrypted-tbn0.gstatic.com/images?q=tbn:ANd9GcQDqLw0IWmVH11kyhh3ObcxYz5CmojvvYLlZDO2Ce_HdyewWrz_23BNsNt-RY463jE2YcjeCNoPPHhuv04pWUqf57iN5Knpc99fCpNHQA,2026-07-06,2026-07-13,Thai AirAsia and Thai AirAsia X,1,750,ALA,1 Week,July,2026-04-06T01:59:20.385337
"Asahikawa, Japan",559.0,559.0,0.0,https://encrypted-tbn2.gstatic.com/images?q=tbn:ANd9GcS0VqKQp5kcTlRC4ivn7m1K-O7wcMpVzC8dUZ1XU5NeI5AE8uYY9FQQG1l_nbbVdcA2ZVw6R_cydjdmi6UJBTkD6s84-qL6j1L0ppHZRw,2026-07-02,2026-07-08,Air Do and ANA,1,725,CTS,1 Week,July,2026-04-06T01:59:20.385341
"Ürümqi, China",703.0,703.0,0.0,https://encrypted-tbn2.gstatic.com/images?q=tbn:ANd9GcQG7GdzgUFPXs__gKaBVRzQaJyESgnuqLvTQ2PKS1DtS6k70TghaCiYlvLODQcqYelNGewNj-hgj_pjCSM7n1Df_nnW-VeC8V0We0h8MQ,2026-07-04,2026-07-11,Cathay Pacific,1,655,URC,1 Week,July,2026-04-06T01:59:20.385345
"Padang, Indonesia",179.0,179.0,0.0,https://encrypted-tbn3.gstatic.com/images?q=tbn:ANd9GcTDKL2EVQYGn6jKkf-kN_Rdm--pZIl3mnnwYSPeO8URaMSrnPVDbZRZO1nonj0WI2Z5L8nyBj7Jy5i5ERwaG24pySvVcU1OAwT7x1Wu2A,2026-07-13,2026-07-21,Scoot,0,75,PDG,1 Week,July,2026-04-06T01:59:20.385350
"Gorkhi Terelj National Park, Mongolia",1326.0,1326.0,0.0,https://encrypted-tbn1.gstatic.com/images?q=tbn:ANd9GcRs_x--VIR1dafl4avf8s8m8flCHTx1toLHUv0UIkRJOqQDwiSLMgVvR7Hfv6y9hrDun52sIUrYRl_HhdPAXnHuZHjKef9kXZJycsNXmQ,2026-07-11,2026-07-19,Cathay Pacific and MIAT,1,625,UBN,1 Week,July,2026-04-06T01:59:20.385354
"Hong Kong, Hong Kong",340.0,340.0,0.0,https://encrypted-tbn1.gstatic.com/images?q=tbn:ANd9GcTd4giZUOnVkLOK19qE-hoKaexrOb1lLvZOn_lzXx6X39chZYcKOZIlG92b-8CwcwsYWc8P53FjOTPh8YHr2wbh_ORXoEs2OLBTPE3kzw,2026-07-09,2026-07-24,Scoot,0,260,HKG,2 Weeks,July,2026-04-06T01:59:24.109990
"Bangkok, Thailand",176.0,176.0,0.0,https://encrypted-tbn3.gstatic.com/images?q=tbn:ANd9GcTPIoqStMvXXTYbUQSylJYyWjY5HYM1GX-AALOOPHhXdXZDY56SSslLQDDkdhOxRX31c8qW7XFzS5zSEG6PGhEhGzxEbzyUYrqVxP_mBg,2026-07-13,2026-07-29,Scoot,0,155,BKK,2 Weeks,July,2026-04-06T01:59:24.110005
"Hanoi, Vietnam",230.0,230.0,0.0,https://encrypted-tbn2.gstatic.com/images?q=tbn:ANd9GcTh-Ne26gTyuHsN2ZHc-hQy1CJQ2ipECMiZPX8oGOu9Gw2plYSgbGAHFY4M4Eqls6MLlm3xgJf4uKpU0FRcZaKySylwTv73Ej3oD5pwEQ,2026-07-02,2026-07-16,Scoot,0,205,HAN,2 Weeks,July,2026-04-06T01:59:24.110008
"Ho Chi Minh City, Vietnam",184.0,184.0,0.0,https://encrypted-tbn0.gstatic.com/images?q=tbn:ANd9GcRrJKZk1BiYhZ3mY3euABvLxDIBukBw5gmGkEhkLqxNVGRjU8fVETFnNMHQIvPummF_6pB1XJ3tWE5VN7coLGd63VogrXcGfgf569shwA,2026-07-02,2026-07-16,Scoot,0,135,SGN,2 Weeks,July,2026-04-06T01:59:24.110012
"Tokyo, Japan",403.0,402.0,1.0,https://encrypted-tbn3.gstatic.com/images?q=tbn:ANd9GcRiqAYuTkGrtxMazhSpAJve9ZzWSTvJ8xFHSX2ih6rQEoYgDOw0Aey3IBJh7-QF38k1xmhOiFoVXd8u5V1ip4G05Aprq0q6HulopWyM5A,2026-07-09,2026-07-22,Scoot and ZIPAIR Tokyo,0,440,NRT,2 Weeks,July,2026-04-06T01:59:24.110015
"Mumbai, India",383.0,343.0,40.0,https://encrypted-tbn1.gstatic.com/images?q=tbn:ANd9GcTRRckp8mseYnYQ7l8HELq1GoFqwH1zksN3R-F36DAYjcG5Vt5RRGV-jd25K06kaNDTLkxXdzk0QUW09L6kHJOKEQg3Txbhyf9_10ZiXg,2026-07-03,2026-07-16,Air India and Air India Express,1,340,BOM,2 Weeks,July,2026-04-06T01:59:24.110019
"New Delhi, India",342.0,342.0,0.0,https://encrypted-tbn0.gstatic.com/images?q=tbn:ANd9GcSl_0QJXM0LcbhkFClbfILfC8ZiSCyO5XZpO0iSG1vfJg82v_FHjLXKSHs4cuyhvv4qL9jHKtP8ejqB62ObqFIQDnc3TDNCBAKM57ywZQ,2026-07-13,2026-07-29,AirAsia and AirAsia X,1,660,DEL,2 Weeks,July,2026-04-06T01:59:24.110022
"Federal Territory of Kuala Lumpur, Malaysia",98.0,100.0,-2.0,https://encrypted-tbn3.gstatic.com/images?q=tbn:ANd9GcQQIk1ExRSHJSg0CA3pM6ISxhFBQVZJ7iNmv02par-cAbKXlYKgy5PyTpGtQT33xTsdoO0dFIXrLwxWqlAmtUcQD7cziyQYbCZ55yo55Q,2026-07-02,2026-07-15,AirAsia,0,65,KUL,2 Weeks,July,2026-04-06T01:59:24.110025
"Dubai, United Arab Emirates",568.0,568.0,0.0,https://encrypted-tbn2.gstatic.com/images?q=tbn:ANd9GcS8I-qzYsk8MfqbtG7XZriHCE-pfBAmDIEitgTNi6pkd4ydYfON7ave6PO0r4SphWZcLjoAZuDchjD45415sUjceoYWW2iZuva8SQ9Spg,2026-07-26,2026-08-10,Gulf Air,1,690,DXB,2 Weeks,July,2026-04-06T01:59:24.110028
"Kyoto, Japan",359.0,359.0,0.0,https://encrypted-tbn2.gstatic.com/images?q=tbn:ANd9GcQtOVcFjC9WqGv4M70NBscJETxCioVhaxdDOixuut8dt708uPIEgFT53Jq9zXHfI6sAOAWzmyAXmctAP52yFO2Cgwinfa9tIJlulmeR_g,2026-07-02,2026-07-15,Peach Aviation,0,405,KIX,2 Weeks,July,2026-04-06T01:59:24.110032
"Chiang Mai, Thailand",302.0,302.0,0.0,https://encrypted-tbn2.gstatic.com/images?q=tbn:ANd9GcTWkJDtb_3dOVc83TPKcKR6rRyKwp9M0n4vxVyFLuQ4ptiBf2FOEvVCTgmNI6dA6yLD85h9dhQ--u0VJsMWDGNwsAE013NEUxXHaHt00w,2026-07-02,2026-07-17,Scoot,0,185,CNX,2 Weeks,July,2026-04-06T01:59:24.110035
"Jaipur, India",415.0,415.0,0.0,https://encrypted-tbn2.gstatic.com/images?q=tbn:ANd9GcRHqyQ66crs-roykYQYxDmWP5W5OJrHQTXbb44A5zWulqxTZqTHGy2hBSBr8d_dU8AQ4qFU-hzSZNSDGh8MhIgg3DyUUeXB0f3QkYRhpw,2026-07-05,2026-07-19,Thai AirAsia,1,605,JAI,2 Weeks,July,2026-04-06T01:59:24.110038
"Phuket, Thailand",166.0,166.0,0.0,https://encrypted-tbn3.gstatic.com/images?q=tbn:ANd9GcTiBNj9z2Tf0lnw1uff6ooYy7liuVrHON7xT0xwWMJJWj3t4puxffP6RFtMin9PMz2RmGh6hiBIzk-1EGPwdS0BTJqDV9Dc_nMu3U5NQA,2026-07-19,2026-08-01,Scoot,0,110,HKT,2 Weeks,July,2026-04-06T01:59:24.110041
"Seoul, South Korea",321.0,320.0,1.0,https://encrypted-tbn0.gstatic.com/images?q=tbn:ANd9GcSGy4LggtmRKCw-VDM7sZj2JVAI9kZiAlSkcki4ZP7jzUeqZlOBfwDo0IH5E2Xksu0CgoBvjpPlWiH4g5dXne5aQ5Iy4S01_z3bJg47cQ,2026-07-13,2026-07-28,"AirAsia, AirAsia X, and Scoot",1,390,ICN,2 Weeks,July,2026-04-06T01:59:24.110044
"Beijing, China",444.0,444.0,0.0,https://encrypted-tbn1.gstatic.com/images?q=tbn:ANd9GcR6R3TE9LrMLUM8It2c4f4zpNHzm3U-Peq5u7VO4V6QKrFk0vcJi5BJqLmmSuBNCoOTLy0XsoAmhFwqm2sUijEusLJoXjMkTWCWUiNOcw,2026-07-02,2026-07-15,AirAsia and China Southern,1,665,PKX,2 Weeks,July,2026-04-06T01:59:24.110047
"Goa, India",417.0,445.0,-28.0,https://encrypted-tbn1.gstatic.com/images?q=tbn:ANd9GcTO_bUFJ2hIpNKQP021IDGX5_9DjDgvZKtkIrDVxwM0u4I5OAp1Iax4_EW6hoaO9NUW0KWgILohWKKZLG9XzbzfZkpeonIKw3VgPDT5tQ,2026-07-16,2026-07-30,Air India and Air India Express,1,800,GOI,2 Weeks,July,2026-04-06T01:59:24.110051
"Osaka, Japan",359.0,359.0,0.0,https://encrypted-tbn3.gstatic.com/images?q=tbn:ANd9GcQ4taqtiRvr48l49Sh_f8rfRxj-enava5SmEA0s6U_pWeh7BW8eHOvOFczJy-B5oH6n3Wu-KNzT4A-NY_SzrseToTfHLKVhkr-mWGLWIA,2026-07-02,2026-07-15,Peach Aviation,0,405,KIX,2 Weeks,July,2026-04-06T01:59:24.110054
"Shanghai, China",459.0,459.0,0.0,https://encrypted-tbn2.gstatic.com/images?q=tbn:ANd9GcTujsAS0i3-zbeimLQQ8RJnTX80xFZm7VnTsswhTD6W1aHQZWxzA7pNb0BMAVpelCNQq3SEx1592gylHw,2026-07-20,2026-08-03,Spring,0,335,PVG,2 Weeks,July,2026-04-06T01:59:24.110058
Hội An,277.0,277.0,0.0,https://encrypted-tbn3.gstatic.com/images?q=tbn:ANd9GcRRNok0jp9TQx-QJc8bQnN2ksLZePNr89SdiNSiwUwpXKh0aVOnLPThIeJfqztwgB97XWeFuxC9lhG0DimISpDGn4Hfkm_wLNu4dl340A,2026-07-02,2026-07-16,AirAsia and Vietjet,1,170,DAD,2 Weeks,July,2026-04-06T01:59:24.110062
"Bengaluru, India",410.0,410.0,0.0,https://encrypted-tbn2.gstatic.com/images?q=tbn:ANd9GcRRnVQMArN8G30p02VM6n18fD9LS-EXlKYRbJfv6CPLwRZ9C2wXHGXWsl6OOG5ubeHraoTiiKbSaBZnb2O3B02YbhgEtC8m9xRxgPwGfQ,2026-07-04,2026-07-17,IndiGo,0,270,BLR,2 Weeks,July,2026-04-06T01:59:24.110066
"Hạ Long Bay, Vietnam",230.0,230.0,0.0,https://encrypted-tbn0.gstatic.com/images?q=tbn:ANd9GcQdH7xkaOku2D4UGiEtbegMDLIWszqsJrVB-XkpO13CqXswYGnUUFMgsO4uFwTrf0y8EAbVZJI4A0eo4UHbgxYiQFIDVb-zsz70Dt0OOg,2026-07-30,2026-08-13,Scoot,0,205,HAN,2 Weeks,July,2026-04-06T01:59:24.110070
"Abu Dhabi, United Arab Emirates",568.0,568.0,0.0,https://encrypted-tbn2.gstatic.com/images?q=tbn:ANd9GcTwBpYbpnuaEurTOeQbgYJzxk3uOAjB7bRvnTetkMlsdPqKciAFtLJswZmMHWpVhkLeEbJZCCZwoXaQ5D4aSc9sT4I-yBQBrT3r5vSWtA,2026-07-26,2026-08-10,Gulf Air,1,690,DXB,2 Weeks,July,2026-04-06T01:59:24.110074
"Chennai, India",236.0,236.0,0.0,https://encrypted-tbn3.gstatic.com/images?q=tbn:ANd9GcT8jGx4Oe7gOIT3dSF0FgoYzjECbwXYCIq6g0sMhY30kkZu5ThtcjZeZrIwVErtNu0yP-R_6Fgzt1BlhFJgF4nE0Cxoy4q_LrB5mHM6_A,2026-07-05,2026-07-19,Scoot,0,240,MAA,2 Weeks,July,2026-04-06T01:59:24.110077
"Varanasi, India",485.0,536.0,-51.0,https://encrypted-tbn2.gstatic.com/images?q=tbn:ANd9GcRg1OmvYJVmJRkkH48WQY4LvYje4OuiXjLle-GS5PpRg-nonn9JC3CvB7HFko6WDkJnbxLL2s8j9VJf3XEWtJjx9xwADzwK_XzESUnUsA,2026-07-16,2026-07-29,Air India and Air India Express,1,760,VNS,2 Weeks,July,2026-04-06T01:59:24.110081
"Agra, India",342.0,342.0,0.0,https://encrypted-tbn2.gstatic.com/images?q=tbn:ANd9GcQI0YQv8yflL3rak3GIymC_IQPCnsI79bxC_lkZZonTDvjgQT1rNO7yJFilB65Gezf2VFQaf9yZ_h8HiA,2026-07-13,2026-07-29,AirAsia and AirAsia X,1,660,DEL,2 Weeks,July,2026-04-06T01:59:24.110086
"Ko Samui, Thailand",456.0,456.0,0.0,https://encrypted-tbn0.gstatic.com/images?q=tbn:ANd9GcQ5VBzIPEfByKaFwNzikHD-kPxvUCXDQnYSeSf5xfsIeLO82X1NYZAjeCuuPKR2bV5qteuV8eJwTlrqba9OPo7suR-eLdKQb1P0WeM74A,2026-07-13,2026-07-28,Scoot,0,115,USM,2 Weeks,July,2026-04-06T01:59:24.110089
"Kolkata, India",365.0,365.0,0.0,https://encrypted-tbn1.gstatic.com/images?q=tbn:ANd9GcQkqRm0hB0I1L_Wd8J2SnHNwKFZT4kXBUBpwALXSPcPiN3P3c_WpHKIiaKVq1Y3OxMKtVX086O0hVbNFgQnycWMKjv8QwffmoMgidSS2Q,2026-07-18,2026-07-31,IndiGo and AirAsia,1,250,CCU,2 Weeks,July,2026-04-06T01:59:24.110093
"Taipei City, Taiwan",248.0,248.0,0.0,https://encrypted-tbn3.gstatic.com/images?q=tbn:ANd9GcQXLhb-ghDjmkIYAVvdu4F0jxICbcNjvay2bPLvj8Hp1u_uQKcabDV_PEHWzUdFw6H1BPMdXV5ahY-NuEBcv5y050siHU3OyxbnIrgwfg,2026-07-02,2026-07-15,Scoot,0,285,TPE,2 Weeks,July,2026-04-06T01:59:24.110097
"Kochi, India",277.0,277.0,0.0,https://encrypted-tbn3.gstatic.com/images?q=tbn:ANd9GcTPv3xu1wWA_PiElguRprW5LXIiyk1swUyWnl2QBNczqNvHpUCVW0j4KU7r7TduEUBjZLEgF1r2LndBwX3sPX83Xs2BTqGidMf9Wb4X7w,2026-07-04,2026-07-17,AirAsia,1,500,COK,2 Weeks,July,2026-04-06T01:59:24.110100
"Kathmandu, Nepal",606.0,606.0,0.0,https://encrypted-tbn0.gstatic.com/images?q=tbn:ANd9GcT78awjGv8SH4zFojoNUasAJqCxFPYe5qPHDvKUhH54AJ48YS8N1M9idwAQkN9fOXSnaMT2Rb5XpFn5tN3eT-3_sfEtXzetNBogSwD10g,2026-07-06,2026-07-19,Air India,1,590,KTM,2 Weeks,July,2026-04-06T01:59:24.110103
"Manila, Philippines",182.0,182.0,0.0,https://encrypted-tbn3.gstatic.com/images?q=tbn:ANd9GcRr9zUtKyDotaE-xA4DBVzZeavqk4R9wcvHmPGhQaJYfJO42GbiiIxaklB54UPajj9Fb2NgEdnVKsjvVPiBUWLwL4ShNsl8GI51yhA3MQ,2026-07-06,2026-07-21,Cebu Pacific,0,235,MNL,2 Weeks,July,2026-04-06T01:59:24.110107
"Bahrain, Bahrain",857.0,857.0,0.0,https://encrypted-tbn2.gstatic.com/images?q=tbn:ANd9GcSV-vcI5g_BSfRsSLESsjQeatxt7gtRek4JeffV42nrl5WMmzv4CM01xYgIecZb8062y259TXOBwtIRf3oxl-QQmui-tpQaPs-3yLaarQ,2026-07-02,2026-07-15,Etihad,1,610,BAH,2 Weeks,July,2026-04-06T01:59:24.110110
"Macao, Macao",387.0,387.0,0.0,https://encrypted-tbn1.gstatic.com/images?q=tbn:ANd9GcQSqvJMa-Boc6alR19GIwxB5x8fz6SLMX4U07VIkUBrXrHUId6y7gaY5UM0NjSMQ8dxCMqaO-Vb6NcCcpDkTJWIL-bb7VqXfHxBqGdPBQ,2026-07-02,2026-07-15,XiamenAir and Scoot,1,245,MFM,2 Weeks,July,2026-04-06T01:59:24.110114
"Hyderabad, India",319.0,319.0,0.0,https://encrypted-tbn0.gstatic.com/images?q=tbn:ANd9GcS3lpOwI2CRkpJjacFXUmD9pyCXeZ-MP0UNVoSY-ZINyBSXwarclu3H5KLBmgmXLMvZ8CFEPC_CTn9MxVN2fSbIBcOTsu-WSQuxa1tkvQ,2026-07-05,2026-07-20,AirAsia,1,420,HYD,2 Weeks,July,2026-04-06T01:59:24.110117
"Da Nang, Vietnam",277.0,277.0,0.0,https://encrypted-tbn0.gstatic.com/images?q=tbn:ANd9GcRY7AI9sBPAD8WaK_I7CMw80ft40TqnRp1EjFdp9GnRDSxju7-F8tl-8bCJnT0Wdb16UIVE-GplpFzGlWkWlV9HQ_ABPTCatv79wUf_ww,2026-07-02,2026-07-16,AirAsia and Vietjet,1,170,DAD,2 Weeks,July,2026-04-06T01:59:24.110120
"Munnar, India",277.0,277.0,0.0,https://encrypted-tbn3.gstatic.com/images?q=tbn:ANd9GcRqTHPBvoWmkwj7azYfSnX-4D9m7HpvFFq2vilhEa-17FM8zY0YvpGbpPe8I3_sHgpMYKqd9FSkuFtZWe9eOFGaLBeC3_i-qhxMPS2ZZQ,2026-07-04,2026-07-17,AirAsia,1,500,COK,2 Weeks,July,2026-04-06T01:59:24.110126
"Phú Quốc, Vietnam",232.0,232.0,0.0,https://encrypted-tbn3.gstatic.com/images?q=tbn:ANd9GcRGbWm0uqKOR9KmPBYMR8hSZRHOxqckm3gbBrinJy7yZfDpfAegfGEqPlX_NwjVJTCCRKnQ4hy7zd_tVOyEs6jNZ5fStfBDzeOslyEDoQ,2026-07-20,2026-08-04,AirAsia and Scoot,1,120,PQC,2 Weeks,July,2026-04-06T01:59:24.110130
"Ranthambore National Park, India",415.0,415.0,0.0,https://encrypted-tbn1.gstatic.com/images?q=tbn:ANd9GcSxrL0gNEqLJpancU8CANYgSjKoKEt_XeO5-xtU4ORG0m7IeWEhcCeab50BDvUMimSAhhiDtirU0aL_8w7CiKJslV3QM7voc7SLfRNUXA,2026-07-05,2026-07-19,Thai AirAsia,1,605,JAI,2 Weeks,July,2026-04-06T01:59:24.110133
"Colombo, Sri Lanka",319.0,319.0,0.0,https://encrypted-tbn3.gstatic.com/images?q=tbn:ANd9GcTCalYZRVLcftWCfdfjEucymsOsqadi9yimDG5NMHv6E53eNTkw3p5ze8wn7ynj7bthi5fSNd5TBC6kKSotrDYrF-RE3IV18bj2oW5xIA,2026-07-04,2026-07-17,AirAsia,1,340,CMB,2 Weeks,July,2026-04-06T01:59:24.110138
"Puducherry, India",236.0,236.0,0.0,https://encrypted-tbn0.gstatic.com/images?q=tbn:ANd9GcSvFZF57d-2KCNUh2lGz_SpRX0BslRnbMeUh2sb9KCiupngoHKO-0XUl8KYr7aeQZe6FlJIbLdal0LuVroiG9Wi180UtMpxG6Jxk-ytPQ,2026-07-05,2026-07-19,Scoot,0,240,MAA,2 Weeks,July,2026-04-06T01:59:24.110141
"Sapporo, Japan",559.0,559.0,0.0,https://encrypted-tbn0.gstatic.com/images?q=tbn:ANd9GcR4AM45jXa1psI2Z1sNxUR2XylT_5MPK1SHculUYedH63c7x8IHbBm5vDFctSbaXhn0_6bbNf6i86ZYpVuYBbEH4GveYpJzK-y7SINH1w,2026-07-02,2026-07-15,Air Do and ANA,1,725,CTS,2 Weeks,July,2026-04-06T01:59:24.110145
"Boracay, Philippines",265.0,265.0,0.0,https://encrypted-tbn2.gstatic.com/images?q=tbn:ANd9GcSWVEP-f4Tsv9itb6e5PrsSbMRzn1pCVXoPAN7uzJJb3pMDQfBH4KRylRfEcwRrRrkfkye1AZFE9payFqm1xehM0rWmEcZsd2t1jrRgsQ,2026-07-13,2026-07-28,Cebu Pacific,1,710,MPH,2 Weeks,July,2026-04-06T01:59:24.110150
"Cebu City, Philippines",204.0,194.0,10.0,https://encrypted-tbn0.gstatic.com/images?q=tbn:ANd9GcRQkSFnL8j_JnNZIPer-g9BJfnnRj2BME3jwdM8u2pdZX5SMMAE6rz0Hghh-cgEA9re1JDSt3XMQWLcIHPANBsJgId_suPx16yEH4yKOA,2026-07-09,2026-07-22,Cebu Pacific,0,235,CEB,2 Weeks,July,2026-04-06T01:59:24.110153
"Kaziranga National Park, India",536.0,536.0,0.0,https://encrypted-tbn1.gstatic.com/images?q=tbn:ANd9GcQDBQ8gOfMM5IwB9Kv4SMGtY_VPTDN01t38twMZQ4jvK04wX5tThshiljXNBOmn9R1pWAUQanV96n0LiujQ0L_2pHnHCpEZsWJr0pU7HA,2026-07-30,2026-08-13,Air India and Air India Express,1,645,GAU,2 Weeks,July,2026-04-06T01:59:24.110158
"Guwahati, India",536.0,536.0,0.0,https://encrypted-tbn0.gstatic.com/images?q=tbn:ANd9GcSTNDJXSuGok1AmlZ2jJpvD_mzuF2s44iPPLEb27hyvOHBabF44H_oKWPTzHate__CBMAUXcvjMHojIKzvNCWdjG_BtKZSHWQXcb3rYuA,2026-07-30,2026-08-13,Air India and Air India Express,1,645,GAU,2 Weeks,July,2026-04-06T01:59:24.110161
"Tashkent, Uzbekistan",597.0,597.0,0.0,https://encrypted-tbn2.gstatic.com/images?q=tbn:ANd9GcQA8i7cAg_5GT78C0ciF1cM-ly6BiS_ojUVXMMr6drRYdStr40B90277pTgsMCGul1IEbR6ZDAc4atr4D6HN9laieRaaJeaT3hmLsKqBg,2026-07-06,2026-07-20,AirAsia and AirAsia X,1,655,TAS,2 Weeks,July,2026-04-06T01:59:24.110165
"Niseko, Japan",559.0,559.0,0.0,https://encrypted-tbn0.gstatic.com/images?q=tbn:ANd9GcRF7wdJWoE22_Ai99rtZ7hjcWVIp65xTxNoA1-WBleQknbJwrCZRAi_Mk_xp720dO7R7O0VWM2ILl-qKWXESGCxtRNFgJE-m-HdGwrlxw,2026-07-02,2026-07-15,Air Do and ANA,1,725,CTS,2 Weeks,July,2026-04-06T01:59:24.110168
"Almaty, Kazakhstan",893.0,893.0,0.0,https://encrypted-tbn2.gstatic.com/images?q=tbn:ANd9GcR8iDoh59ddyzKl4KpDTbZMB5nZzWIzPoHXHEhF6j5LF-er9e4arKtTln2lYA-WuD2Z23ZsHkv3IaTY8X4k7_H0sz7pZENVvOOpEEYVqA,2026-07-13,2026-07-27,Thai AirAsia and Thai AirAsia X,1,750,ALA,2 Weeks,July,2026-04-06T01:59:24.110172
"Guam, Guam",825.0,825.0,0.0,https://encrypted-tbn2.gstatic.com/images?q=tbn:ANd9GcTuOFnrHa29K1tpqiPQklQESCCKp3f-FzHa53cUPpXN1fLNxBqzixLAbuWT60pbd7ARYOKKnNlHkSWX7ZK6YnEyD7CALkdWcBFLTcNWIw,2026-07-30,2026-08-12,Philippine Airlines,1,975,GUM,2 Weeks,July,2026-04-06T01:59:24.110175
"Tehran, Iran",1216.0,1216.0,0.0,https://encrypted-tbn3.gstatic.com/images?q=tbn:ANd9GcSE4XzJ3-jox0HepD9O5KomPQPnuWx3ClgVoliBalJu3shkAEawZWYi-M4YltQCNIzSMcKVSDWIXucwru13GOVroOYQmrDyLJXemqgOsw,2026-07-02,2026-07-15,Qatar Airways,1,745,IKA,2 Weeks,July,2026-04-06T01:59:24.110179
"Harbin, China",462.0,462.0,0.0,https://encrypted-tbn2.gstatic.com/images?q=tbn:ANd9GcR_MvPBNPJRk-TEMtrt8B_sIPMp92xYO42dahjcu0DxdK4F66B0rsb64v3pXLOHINO5t9aBZpbKBmHOyvLO3vOdgKa6uK86bxFgkbX2Rw,2026-07-02,2026-07-15,Shandong,1,745,HRB,2 Weeks,July,2026-04-06T01:59:24.110183
"Issyk Kul, Kyrgyzstan",893.0,893.0,0.0,https://encrypted-tbn0.gstatic.com/images?q=tbn:ANd9GcQDqLw0IWmVH11kyhh3ObcxYz5CmojvvYLlZDO2Ce_HdyewWrz_23BNsNt-RY463jE2YcjeCNoPPHhuv04pWUqf57iN5Knpc99fCpNHQA,2026-07-13,2026-07-27,Thai AirAsia and Thai AirAsia X,1,750,ALA,2 Weeks,July,2026-04-06T01:59:24.110191
"Bangkok, Thailand",192.0,192.0,0.0,https://encrypted-tbn3.gstatic.com/images?q=tbn:ANd9GcTPIoqStMvXXTYbUQSylJYyWjY5HYM1GX-AALOOPHhXdXZDY56SSslLQDDkdhOxRX31c8qW7XFzS5zSEG6PGhEhGzxEbzyUYrqVxP_mBg,2026-08-29,2026-08-31,Scoot,0,155,BKK,Weekend,August,2026-04-06T01:59:27.445110
"Federal Territory of Kuala Lumpur, Malaysia",116.0,116.0,0.0,https://encrypted-tbn3.gstatic.com/images?q=tbn:ANd9GcQQIk1ExRSHJSg0CA3pM6ISxhFBQVZJ7iNmv02par-cAbKXlYKgy5PyTpGtQT33xTsdoO0dFIXrLwxWqlAmtUcQD7cziyQYbCZ55yo55Q,2026-08-20,2026-08-24,AirAsia and Firefly,0,65,KUL,Weekend,August,2026-04-06T01:59:27.445121
"Hong Kong, Hong Kong",339.0,339.0,0.0,https://encrypted-tbn1.gstatic.com/images?q=tbn:ANd9GcTd4giZUOnVkLOK19qE-hoKaexrOb1lLvZOn_lzXx6X39chZYcKOZIlG92b-8CwcwsYWc8P53FjOTPh8YHr2wbh_ORXoEs2OLBTPE3kzw,2026-08-20,2026-08-24,Singapore Airlines,0,240,HKG,Weekend,August,2026-04-06T01:59:27.445128
"Hanoi, Vietnam",242.0,242.0,0.0,https://encrypted-tbn2.gstatic.com/images?q=tbn:ANd9GcTh-Ne26gTyuHsN2ZHc-hQy1CJQ2ipECMiZPX8oGOu9Gw2plYSgbGAHFY4M4Eqls6MLlm3xgJf4uKpU0FRcZaKySylwTv73Ej3oD5pwEQ,2026-08-13,2026-08-17,Scoot,0,205,HAN,Weekend,August,2026-04-06T01:59:27.445133
"Ho Chi Minh City, Vietnam",205.0,205.0,0.0,https://encrypted-tbn0.gstatic.com/images?q=tbn:ANd9GcRrJKZk1BiYhZ3mY3euABvLxDIBukBw5gmGkEhkLqxNVGRjU8fVETFnNMHQIvPummF_6pB1XJ3tWE5VN7coLGd63VogrXcGfgf569shwA,2026-08-20,2026-08-24,Scoot and Vietjet,0,135,SGN,Weekend,August,2026-04-06T01:59:27.445137
"Tokyo, Japan",491.0,491.0,0.0,https://encrypted-tbn3.gstatic.com/images?q=tbn:ANd9GcRiqAYuTkGrtxMazhSpAJve9ZzWSTvJ8xFHSX2ih6rQEoYgDOw0Aey3IBJh7-QF38k1xmhOiFoVXd8u5V1ip4G05Aprq0q6HulopWyM5A,2026-08-20,2026-08-24,"AirAsia, AirAsia X, and Scoot",1,410,HND,Weekend,August,2026-04-06T01:59:27.445141
"Phuket, Thailand",172.0,172.0,0.0,https://encrypted-tbn3.gstatic.com/images?q=tbn:ANd9GcTiBNj9z2Tf0lnw1uff6ooYy7liuVrHON7xT0xwWMJJWj3t4puxffP6RFtMin9PMz2RmGh6hiBIzk-1EGPwdS0BTJqDV9Dc_nMu3U5NQA,2026-08-22,2026-08-24,Scoot,0,120,HKT,Weekend,August,2026-04-06T01:59:27.445145
"Mumbai, India",299.0,299.0,0.0,https://encrypted-tbn1.gstatic.com/images?q=tbn:ANd9GcTRRckp8mseYnYQ7l8HELq1GoFqwH1zksN3R-F36DAYjcG5Vt5RRGV-jd25K06kaNDTLkxXdzk0QUW09L6kHJOKEQg3Txbhyf9_10ZiXg,2026-08-27,2026-08-31,Air India,0,340,BOM,Weekend,August,2026-04-06T01:59:27.445150
"New Delhi, India",342.0,342.0,0.0,https://encrypted-tbn0.gstatic.com/images?q=tbn:ANd9GcSl_0QJXM0LcbhkFClbfILfC8ZiSCyO5XZpO0iSG1vfJg82v_FHjLXKSHs4cuyhvv4qL9jHKtP8ejqB62ObqFIQDnc3TDNCBAKM57ywZQ,2026-08-20,2026-08-24,Air India and Air India Express,1,360,DEL,Weekend,August,2026-04-06T01:59:27.445153
"Dubai, United Arab Emirates",643.0,643.0,0.0,https://encrypted-tbn2.gstatic.com/images?q=tbn:ANd9GcS8I-qzYsk8MfqbtG7XZriHCE-pfBAmDIEitgTNi6pkd4ydYfON7ave6PO0r4SphWZcLjoAZuDchjD45415sUjceoYWW2iZuva8SQ9Spg,2026-08-06,2026-08-09,Etihad,0,440,AUH,Weekend,August,2026-04-06T01:59:27.445157
"Kyoto, Japan",359.0,359.0,0.0,https://encrypted-tbn2.gstatic.com/images?q=tbn:ANd9GcQtOVcFjC9WqGv4M70NBscJETxCioVhaxdDOixuut8dt708uPIEgFT53Jq9zXHfI6sAOAWzmyAXmctAP52yFO2Cgwinfa9tIJlulmeR_g,2026-08-20,2026-08-24,Peach Aviation,0,405,KIX,Weekend,August,2026-04-06T01:59:27.445160
"Chiang Mai, Thailand",319.0,319.0,0.0,https://encrypted-tbn2.gstatic.com/images?q=tbn:ANd9GcTWkJDtb_3dOVc83TPKcKR6rRyKwp9M0n4vxVyFLuQ4ptiBf2FOEvVCTgmNI6dA6yLD85h9dhQ--u0VJsMWDGNwsAE013NEUxXHaHt00w,2026-08-13,2026-08-17,Scoot,0,185,CNX,Weekend,August,2026-04-06T01:59:27.445164
"Jaipur, India",381.0,381.0,0.0,https://encrypted-tbn2.gstatic.com/images?q=tbn:ANd9GcRHqyQ66crs-roykYQYxDmWP5W5OJrHQTXbb44A5zWulqxTZqTHGy2hBSBr8d_dU8AQ4qFU-hzSZNSDGh8MhIgg3DyUUeXB0f3QkYRhpw,2026-08-20,2026-08-23,"Air India, Thai AirAsia, and Air India Express",1,960,JAI,Weekend,August,2026-04-06T01:59:27.445168
"Seoul, South Korea",326.0,326.0,0.0,https://encrypted-tbn0.gstatic.com/images?q=tbn:ANd9GcSGy4LggtmRKCw-VDM7sZj2JVAI9kZiAlSkcki4ZP7jzUeqZlOBfwDo0IH5E2Xksu0CgoBvjpPlWiH4g5dXne5aQ5Iy4S01_z3bJg47cQ,2026-08-13,2026-08-17,"AirAsia, AirAsia X, and Scoot",1,520,ICN,Weekend,August,2026-04-06T01:59:27.445171
"Beijing, China",405.0,405.0,0.0,https://encrypted-tbn1.gstatic.com/images?q=tbn:ANd9GcR6R3TE9LrMLUM8It2c4f4zpNHzm3U-Peq5u7VO4V6QKrFk0vcJi5BJqLmmSuBNCoOTLy0XsoAmhFwqm2sUijEusLJoXjMkTWCWUiNOcw,2026-08-27,2026-08-31,Singapore Airlines,0,380,PEK,Weekend,August,2026-04-06T01:59:27.445175
"Goa, India",378.0,378.0,0.0,https://encrypted-tbn1.gstatic.com/images?q=tbn:ANd9GcTO_bUFJ2hIpNKQP021IDGX5_9DjDgvZKtkIrDVxwM0u4I5OAp1Iax4_EW6hoaO9NUW0KWgILohWKKZLG9XzbzfZkpeonIKw3VgPDT5tQ,2026-08-27,2026-08-31,Air India and Air India Express,1,695,GOI,Weekend,August,2026-04-06T01:59:27.445179
"Osaka, Japan",359.0,359.0,0.0,https://encrypted-tbn3.gstatic.com/images?q=tbn:ANd9GcQ4taqtiRvr48l49Sh_f8rfRxj-enava5SmEA0s6U_pWeh7BW8eHOvOFczJy-B5oH6n3Wu-KNzT4A-NY_SzrseToTfHLKVhkr-mWGLWIA,2026-08-20,2026-08-24,Peach Aviation,0,405,KIX,Weekend,August,2026-04-06T01:59:27.445182
"Shanghai, China",340.0,340.0,0.0,https://encrypted-tbn2.gstatic.com/images?q=tbn:ANd9GcTujsAS0i3-zbeimLQQ8RJnTX80xFZm7VnTsswhTD6W1aHQZWxzA7pNb0BMAVpelCNQq3SEx1592gylHw,2026-08-20,2026-08-24,"Spring, AirAsia, and AirAsia X",1,490,PVG,Weekend,August,2026-04-06T01:59:27.445185
Hội An,285.0,285.0,0.0,https://encrypted-tbn3.gstatic.com/images?q=tbn:ANd9GcRRNok0jp9TQx-QJc8bQnN2ksLZePNr89SdiNSiwUwpXKh0aVOnLPThIeJfqztwgB97XWeFuxC9lhG0DimISpDGn4Hfkm_wLNu4dl340A,2026-08-20,2026-08-24,Vietjet,0,170,DAD,Weekend,August,2026-04-06T01:59:27.445188
"Bengaluru, India",339.0,339.0,0.0,https://encrypted-tbn2.gstatic.com/images?q=tbn:ANd9GcRRnVQMArN8G30p02VM6n18fD9LS-EXlKYRbJfv6CPLwRZ9C2wXHGXWsl6OOG5ubeHraoTiiKbSaBZnb2O3B02YbhgEtC8m9xRxgPwGfQ,2026-08-06,2026-08-10,Singapore Airlines,0,255,BLR,Weekend,August,2026-04-06T01:59:27.445192
"Hạ Long Bay, Vietnam",242.0,242.0,0.0,https://encrypted-tbn0.gstatic.com/images?q=tbn:ANd9GcQdH7xkaOku2D4UGiEtbegMDLIWszqsJrVB-XkpO13CqXswYGnUUFMgsO4uFwTrf0y8EAbVZJI4A0eo4UHbgxYiQFIDVb-zsz70Dt0OOg,2026-08-13,2026-08-17,Scoot,0,205,HAN,Weekend,August,2026-04-06T01:59:27.445195
"Abu Dhabi, United Arab Emirates",643.0,643.0,0.0,https://encrypted-tbn2.gstatic.com/images?q=tbn:ANd9GcTwBpYbpnuaEurTOeQbgYJzxk3uOAjB7bRvnTetkMlsdPqKciAFtLJswZmMHWpVhkLeEbJZCCZwoXaQ5D4aSc9sT4I-yBQBrT3r5vSWtA,2026-08-06,2026-08-09,Etihad,0,440,AUH,Weekend,August,2026-04-06T01:59:27.445198
"Chennai, India",248.0,248.0,0.0,https://encrypted-tbn3.gstatic.com/images?q=tbn:ANd9GcT8jGx4Oe7gOIT3dSF0FgoYzjECbwXYCIq6g0sMhY30kkZu5ThtcjZeZrIwVErtNu0yP-R_6Fgzt1BlhFJgF4nE0Cxoy4q_LrB5mHM6_A,2026-08-14,2026-08-16,Scoot,0,240,MAA,Weekend,August,2026-04-06T01:59:27.445202
"Varanasi, India",402.0,402.0,0.0,https://encrypted-tbn2.gstatic.com/images?q=tbn:ANd9GcRg1OmvYJVmJRkkH48WQY4LvYje4OuiXjLle-GS5PpRg-nonn9JC3CvB7HFko6WDkJnbxLL2s8j9VJf3XEWtJjx9xwADzwK_XzESUnUsA,2026-08-13,2026-08-16,Air India and Air India Express,1,1350,VNS,Weekend,August,2026-04-06T01:59:27.445205
"Udaipur, India",432.0,432.0,0.0,https://encrypted-tbn3.gstatic.com/images?q=tbn:ANd9GcSDElWaJCFOU4Y_U3X_1eUQsKG7FBPTiC6ZjgywBhr-NVfC9MscjNzDtVWHXcZxqrvrg6doXFJ3HtKk7f7vlZEBRljFcaKQrvdT1Lfn8Q,2026-08-28,2026-08-30,Air India,1,1905,UDR,Weekend,August,2026-04-06T01:59:27.445209
"Agra, India",342.0,342.0,0.0,https://encrypted-tbn2.gstatic.com/images?q=tbn:ANd9GcQI0YQv8yflL3rak3GIymC_IQPCnsI79bxC_lkZZonTDvjgQT1rNO7yJFilB65Gezf2VFQaf9yZ_h8HiA,2026-08-20,2026-08-24,Air India and Air India Express,1,360,DEL,Weekend,August,2026-04-06T01:59:27.445212
"Ko Samui, Thailand",434.0,434.0,0.0,https://encrypted-tbn0.gstatic.com/images?q=tbn:ANd9GcQ5VBzIPEfByKaFwNzikHD-kPxvUCXDQnYSeSf5xfsIeLO82X1NYZAjeCuuPKR2bV5qteuV8eJwTlrqba9OPo7suR-eLdKQb1P0WeM74A,2026-08-01,2026-08-03,Bangkok Airways and Scoot,0,115,USM,Weekend,August,2026-04-06T01:59:27.445216
"Kolkata, India",346.0,346.0,0.0,https://encrypted-tbn1.gstatic.com/images?q=tbn:ANd9GcQkqRm0hB0I1L_Wd8J2SnHNwKFZT4kXBUBpwALXSPcPiN3P3c_WpHKIiaKVq1Y3OxMKtVX086O0hVbNFgQnycWMKjv8QwffmoMgidSS2Q,2026-08-01,2026-08-03,IndiGo and AirAsia,1,250,CCU,Weekend,August,2026-04-06T01:59:27.445219
"Taipei City, Taiwan",248.0,248.0,0.0,https://encrypted-tbn3.gstatic.com/images?q=tbn:ANd9GcQXLhb-ghDjmkIYAVvdu4F0jxICbcNjvay2bPLvj8Hp1u_uQKcabDV_PEHWzUdFw6H1BPMdXV5ahY-NuEBcv5y050siHU3OyxbnIrgwfg,2026-08-13,2026-08-16,Scoot,0,285,TPE,Weekend,August,2026-04-06T01:59:27.445223
"Kochi, India",439.0,439.0,0.0,https://encrypted-tbn3.gstatic.com/images?q=tbn:ANd9GcTPv3xu1wWA_PiElguRprW5LXIiyk1swUyWnl2QBNczqNvHpUCVW0j4KU7r7TduEUBjZLEgF1r2LndBwX3sPX83Xs2BTqGidMf9Wb4X7w,2026-08-07,2026-08-09,Air India and Singapore Airlines,1,270,COK,Weekend,August,2026-04-06T01:59:27.445226
"Kathmandu, Nepal",606.0,606.0,0.0,https://encrypted-tbn0.gstatic.com/images?q=tbn:ANd9GcT78awjGv8SH4zFojoNUasAJqCxFPYe5qPHDvKUhH54AJ48YS8N1M9idwAQkN9fOXSnaMT2Rb5XpFn5tN3eT-3_sfEtXzetNBogSwD10g,2026-08-06,2026-08-09,Air India,1,590,KTM,Weekend,August,2026-04-06T01:59:27.445229
"Manila, Philippines",182.0,182.0,0.0,https://encrypted-tbn3.gstatic.com/images?q=tbn:ANd9GcRr9zUtKyDotaE-xA4DBVzZeavqk4R9wcvHmPGhQaJYfJO42GbiiIxaklB54UPajj9Fb2NgEdnVKsjvVPiBUWLwL4ShNsl8GI51yhA3MQ,2026-08-27,2026-08-30,Cebu Pacific,0,235,MNL,Weekend,August,2026-04-06T01:59:27.445232
"Bahrain, Bahrain",927.0,857.0,70.0,https://encrypted-tbn2.gstatic.com/images?q=tbn:ANd9GcSV-vcI5g_BSfRsSLESsjQeatxt7gtRek4JeffV42nrl5WMmzv4CM01xYgIecZb8062y259TXOBwtIRf3oxl-QQmui-tpQaPs-3yLaarQ,2026-08-06,2026-08-09,Etihad,1,610,BAH,Weekend,August,2026-04-06T01:59:27.445235
"Macao, Macao",433.0,433.0,0.0,https://encrypted-tbn1.gstatic.com/images?q=tbn:ANd9GcQSqvJMa-Boc6alR19GIwxB5x8fz6SLMX4U07VIkUBrXrHUId6y7gaY5UM0NjSMQ8dxCMqaO-Vb6NcCcpDkTJWIL-bb7VqXfHxBqGdPBQ,2026-08-13,2026-08-16,XiamenAir and Scoot,1,245,MFM,Weekend,August,2026-04-06T01:59:27.445238
"Hyderabad, India",319.0,319.0,0.0,https://encrypted-tbn0.gstatic.com/images?q=tbn:ANd9GcS3lpOwI2CRkpJjacFXUmD9pyCXeZ-MP0UNVoSY-ZINyBSXwarclu3H5KLBmgmXLMvZ8CFEPC_CTn9MxVN2fSbIBcOTsu-WSQuxa1tkvQ,2026-08-13,2026-08-17,AirAsia,1,420,HYD,Weekend,August,2026-04-06T01:59:27.445241
"Da Nang, Vietnam",285.0,285.0,0.0,https://encrypted-tbn0.gstatic.com/images?q=tbn:ANd9GcRY7AI9sBPAD8WaK_I7CMw80ft40TqnRp1EjFdp9GnRDSxju7-F8tl-8bCJnT0Wdb16UIVE-GplpFzGlWkWlV9HQ_ABPTCatv79wUf_ww,2026-08-20,2026-08-24,Vietjet,0,170,DAD,Weekend,August,2026-04-06T01:59:27.445245
"Shimla, India",342.0,342.0,0.0,https://encrypted-tbn1.gstatic.com/images?q=tbn:ANd9GcRmVtZCspa49qA-VRdGwLUuhCYbfJl99rU2w1Dr_PWQ3xiGSYx9VEXsN9QQ4eU8ASsCrKZe-uXEhGKoWavjil_p5W2zaaBuI22CrttqxA,2026-08-20,2026-08-24,Air India and Air India Express,1,360,DEL,Weekend,August,2026-04-06T01:59:27.445248
"Rishikesh, India",342.0,342.0,0.0,https://encrypted-tbn0.gstatic.com/images?q=tbn:ANd9GcQfnGK9xvCgM7SqaGAnrr-_xe7z2ObRVdDcCHEZvvCJmJvfPigk-FXOPJhBuaMZ11zbtVGZf7GaxmCkvgDB0PLXsaQ2WySPT5Fcf09Faw,2026-08-20,2026-08-24,Air India and Air India Express,1,360,DEL,Weekend,August,2026-04-06T01:59:27.445252
"Manali, India",342.0,342.0,0.0,https://encrypted-tbn2.gstatic.com/images?q=tbn:ANd9GcScenrP6gjGb22lYsm8hjewD2rWHNXHj5hgZhSH4EXtFQ9vluathDHuGxcS18s0x2hP3XoltAmZURaN8WbSwwbatRsnz2MFZ0ZwVnW8VQ,2026-08-20,2026-08-24,Air India and Air India Express,1,360,DEL,Weekend,August,2026-04-06T01:59:27.445255
"Jodhpur, India",436.0,436.0,0.0,https://encrypted-tbn0.gstatic.com/images?q=tbn:ANd9GcT8rBuapOqnIZRswSHWgHMRjC4gzYc6DE1yL1Z1ztSjcpHalJq26yGPgeI_ULnxNPCfK3LMV0Pj6xjeJh5akRjEUMHFxuGqEEiOou58Nw,2026-08-27,2026-08-31,Air India,1,1175,JDH,Weekend,August,2026-04-06T01:59:27.445259
"Munnar, India",439.0,439.0,0.0,https://encrypted-tbn3.gstatic.com/images?q=tbn:ANd9GcRqTHPBvoWmkwj7azYfSnX-4D9m7HpvFFq2vilhEa-17FM8zY0YvpGbpPe8I3_sHgpMYKqd9FSkuFtZWe9eOFGaLBeC3_i-qhxMPS2ZZQ,2026-08-07,2026-08-09,Air India and Singapore Airlines,1,270,COK,Weekend,August,2026-04-06T01:59:27.445262
"Phú Quốc, Vietnam",242.0,242.0,0.0,https://encrypted-tbn3.gstatic.com/images?q=tbn:ANd9GcRGbWm0uqKOR9KmPBYMR8hSZRHOxqckm3gbBrinJy7yZfDpfAegfGEqPlX_NwjVJTCCRKnQ4hy7zd_tVOyEs6jNZ5fStfBDzeOslyEDoQ,2026-08-27,2026-08-31,Vietjet,0,100,PQC,Weekend,August,2026-04-06T01:59:27.445266
"Ranthambore National Park, India",381.0,381.0,0.0,https://encrypted-tbn1.gstatic.com/images?q=tbn:ANd9GcSxrL0gNEqLJpancU8CANYgSjKoKEt_XeO5-xtU4ORG0m7IeWEhcCeab50BDvUMimSAhhiDtirU0aL_8w7CiKJslV3QM7voc7SLfRNUXA,2026-08-20,2026-08-23,"Air India, Thai AirAsia, and Air India Express",1,960,JAI,Weekend,August,2026-04-06T01:59:27.445270
"Colombo, Sri Lanka",319.0,319.0,0.0,https://encrypted-tbn3.gstatic.com/images?q=tbn:ANd9GcTCalYZRVLcftWCfdfjEucymsOsqadi9yimDG5NMHv6E53eNTkw3p5ze8wn7ynj7bthi5fSNd5TBC6kKSotrDYrF-RE3IV18bj2oW5xIA,2026-08-13,2026-08-17,AirAsia,1,340,CMB,Weekend,August,2026-04-06T01:59:27.445274
"Puducherry, India",248.0,248.0,0.0,https://encrypted-tbn0.gstatic.com/images?q=tbn:ANd9GcSvFZF57d-2KCNUh2lGz_SpRX0BslRnbMeUh2sb9KCiupngoHKO-0XUl8KYr7aeQZe6FlJIbLdal0LuVroiG9Wi180UtMpxG6Jxk-ytPQ,2026-08-14,2026-08-16,Scoot,0,240,MAA,Weekend,August,2026-04-06T01:59:27.445278
"Sapporo, Japan",559.0,559.0,0.0,https://encrypted-tbn0.gstatic.com/images?q=tbn:ANd9GcR4AM45jXa1psI2Z1sNxUR2XylT_5MPK1SHculUYedH63c7x8IHbBm5vDFctSbaXhn0_6bbNf6i86ZYpVuYBbEH4GveYpJzK-y7SINH1w,2026-08-13,2026-08-17,ANA,1,740,CTS,Weekend,August,2026-04-06T01:59:27.445283
"Chengdu, China",450.0,450.0,0.0,https://encrypted-tbn3.gstatic.com/images?q=tbn:ANd9GcQY8DLeWQH982m5yXijXncNnKja_WtNJL9izzPLuwIjs4fWdKIGLfaVUBaXr3YLnyDVrv4RYKWVibM84S-hp3UpCGr78L0YycX0BZjRTw,2026-08-20,2026-08-23,China Southern,1,905,TFU,Weekend,August,2026-04-06T01:59:27.445287
"Xi'An, China",463.0,463.0,0.0,https://encrypted-tbn3.gstatic.com/images?q=tbn:ANd9GcQlRRbLPcoitY2Dl9reXFIK_MTRgheCZMFkITdRumAZOoaWoPWH17MmpII3EMgCWZiqCnsu-ROsf2sFp9iSCYUPddP48tSGXwzfALtqvA,2026-08-29,2026-08-31,China Southern,1,585,XIY,Weekend,August,2026-04-06T01:59:27.445290
"Boracay, Philippines",263.0,263.0,0.0,https://encrypted-tbn2.gstatic.com/images?q=tbn:ANd9GcSWVEP-f4Tsv9itb6e5PrsSbMRzn1pCVXoPAN7uzJJb3pMDQfBH4KRylRfEcwRrRrkfkye1AZFE9payFqm1xehM0rWmEcZsd2t1jrRgsQ,2026-08-13,2026-08-17,Cebu Pacific,1,495,MPH,Weekend,August,2026-04-06T01:59:27.445293
"Cebu City, Philippines",194.0,194.0,0.0,https://encrypted-tbn0.gstatic.com/images?q=tbn:ANd9GcRQkSFnL8j_JnNZIPer-g9BJfnnRj2BME3jwdM8u2pdZX5SMMAE6rz0Hghh-cgEA9re1JDSt3XMQWLcIHPANBsJgId_suPx16yEH4yKOA,2026-08-01,2026-08-03,Cebu Pacific,0,235,CEB,Weekend,August,2026-04-06T01:59:27.445297
"Kaziranga National Park, India",480.0,480.0,0.0,https://encrypted-tbn1.gstatic.com/images?q=tbn:ANd9GcQDBQ8gOfMM5IwB9Kv4SMGtY_VPTDN01t38twMZQ4jvK04wX5tThshiljXNBOmn9R1pWAUQanV96n0LiujQ0L_2pHnHCpEZsWJr0pU7HA,2026-08-06,2026-08-09,Air India and Air India Express,1,715,GAU,Weekend,August,2026-04-06T01:59:27.445301
"Guwahati, India",480.0,480.0,0.0,https://encrypted-tbn0.gstatic.com/images?q=tbn:ANd9GcSTNDJXSuGok1AmlZ2jJpvD_mzuF2s44iPPLEb27hyvOHBabF44H_oKWPTzHate__CBMAUXcvjMHojIKzvNCWdjG_BtKZSHWQXcb3rYuA,2026-08-06,2026-08-09,Air India and Air India Express,1,715,GAU,Weekend,August,2026-04-06T01:59:27.445304
"Tashkent, Uzbekistan",717.0,717.0,0.0,https://encrypted-tbn2.gstatic.com/images?q=tbn:ANd9GcQA8i7cAg_5GT78C0ciF1cM-ly6BiS_ojUVXMMr6drRYdStr40B90277pTgsMCGul1IEbR6ZDAc4atr4D6HN9laieRaaJeaT3hmLsKqBg,2026-08-15,2026-08-17,AirAsia and AirAsia X,1,655,TAS,Weekend,August,2026-04-06T01:59:27.445308
"Niseko, Japan",559.0,559.0,0.0,https://encrypted-tbn0.gstatic.com/images?q=tbn:ANd9GcRF7wdJWoE22_Ai99rtZ7hjcWVIp65xTxNoA1-WBleQknbJwrCZRAi_Mk_xp720dO7R7O0VWM2ILl-qKWXESGCxtRNFgJE-m-HdGwrlxw,2026-08-13,2026-08-17,ANA,1,740,CTS,Weekend,August,2026-04-06T01:59:27.445311
"Almaty, Kazakhstan",882.0,889.0,-7.0,https://encrypted-tbn2.gstatic.com/images?q=tbn:ANd9GcR8iDoh59ddyzKl4KpDTbZMB5nZzWIzPoHXHEhF6j5LF-er9e4arKtTln2lYA-WuD2Z23ZsHkv3IaTY8X4k7_H0sz7pZENVvOOpEEYVqA,2026-08-21,2026-08-24,Thai AirAsia and Thai AirAsia X,1,750,ALA,Weekend,August,2026-04-06T01:59:27.445315
"Guam, Guam",742.0,742.0,0.0,https://encrypted-tbn2.gstatic.com/images?q=tbn:ANd9GcTuOFnrHa29K1tpqiPQklQESCCKp3f-FzHa53cUPpXN1fLNxBqzixLAbuWT60pbd7ARYOKKnNlHkSWX7ZK6YnEyD7CALkdWcBFLTcNWIw,2026-08-27,2026-08-30,Philippine Airlines,1,710,GUM,Weekend,August,2026-04-06T01:59:27.445318
"Harbin, China",462.0,462.0,0.0,https://encrypted-tbn2.gstatic.com/images?q=tbn:ANd9GcR_MvPBNPJRk-TEMtrt8B_sIPMp92xYO42dahjcu0DxdK4F66B0rsb64v3pXLOHINO5t9aBZpbKBmHOyvLO3vOdgKa6uK86bxFgkbX2Rw,2026-08-28,2026-08-30,Shandong,1,745,HRB,Weekend,August,2026-04-06T01:59:27.445323
"Ulaanbaatar, Mongolia",1220.0,1076.0,144.0,https://encrypted-tbn3.gstatic.com/images?q=tbn:ANd9GcQG0oMWF9H5cvBuRMc1phyW4DGIc3S1ZIRFEi4bS-9Ah2c3Co46HWv1_2zJ1tvvI65NTG8aEoXWTCclixETbnq0PNTGkXrnN9sz9iG0xg,2026-08-22,2026-08-24,Korean Air,1,1490,UBN,Weekend,August,2026-04-06T01:59:27.445327
"Furano, Japan",559.0,559.0,0.0,https://encrypted-tbn2.gstatic.com/images?q=tbn:ANd9GcToxhNswMamZEIFMbN4ViNIJsOoa4oiFtq7c4e5-91uhu2Jn90OSbq0u5zR3i6o5nafcKScuhJqbJsDFUCz3feBEspB5AhViICZylm6aA,2026-08-13,2026-08-17,ANA,1,740,CTS,Weekend,August,2026-04-06T01:59:27.445333
"Issyk Kul, Kyrgyzstan",882.0,889.0,-7.0,https://encrypted-tbn0.gstatic.com/images?q=tbn:ANd9GcQDqLw0IWmVH11kyhh3ObcxYz5CmojvvYLlZDO2Ce_HdyewWrz_23BNsNt-RY463jE2YcjeCNoPPHhuv04pWUqf57iN5Knpc99fCpNHQA,2026-08-21,2026-08-24,Thai AirAsia and Thai AirAsia X,1,750,ALA,Weekend,August,2026-04-06T01:59:27.445337
"Asahikawa, Japan",559.0,559.0,0.0,https://encrypted-tbn2.gstatic.com/images?q=tbn:ANd9GcS0VqKQp5kcTlRC4ivn7m1K-O7wcMpVzC8dUZ1XU5NeI5AE8uYY9FQQG1l_nbbVdcA2ZVw6R_cydjdmi6UJBTkD6s84-qL6j1L0ppHZRw,2026-08-13,2026-08-17,ANA,1,740,CTS,Weekend,August,2026-04-06T01:59:27.445341
"Ürümqi, China",791.0,791.0,0.0,https://encrypted-tbn2.gstatic.com/images?q=tbn:ANd9GcQG7GdzgUFPXs__gKaBVRzQaJyESgnuqLvTQ2PKS1DtS6k70TghaCiYlvLODQcqYelNGewNj-hgj_pjCSM7n1Df_nnW-VeC8V0We0h8MQ,2026-08-27,2026-08-30,China Southern,2,1040,URC,Weekend,August,2026-04-06T01:59:27.445345
"Padang, Indonesia",259.0,259.0,0.0,https://encrypted-tbn3.gstatic.com/images?q=tbn:ANd9GcTDKL2EVQYGn6jKkf-kN_Rdm--pZIl3mnnwYSPeO8URaMSrnPVDbZRZO1nonj0WI2Z5L8nyBj7Jy5i5ERwaG24pySvVcU1OAwT7x1Wu2A,2026-08-01,2026-08-03,Scoot,0,75,PDG,Weekend,August,2026-04-06T01:59:27.445350
"Gorkhi Terelj National Park, Mongolia",1220.0,1076.0,144.0,https://encrypted-tbn1.gstatic.com/images?q=tbn:ANd9GcRs_x--VIR1dafl4avf8s8m8flCHTx1toLHUv0UIkRJOqQDwiSLMgVvR7Hfv6y9hrDun52sIUrYRl_HhdPAXnHuZHjKef9kXZJycsNXmQ,2026-08-22,2026-08-24,Korean Air,1,1490,UBN,Weekend,August,2026-04-06T01:59:27.445359
"Seoul, South Korea",303.0,303.0,0.0,https://encrypted-tbn0.gstatic.com/images?q=tbn:ANd9GcSGy4LggtmRKCw-VDM7sZj2JVAI9kZiAlSkcki4ZP7jzUeqZlOBfwDo0IH5E2Xksu0CgoBvjpPlWiH4g5dXne5aQ5Iy4S01_z3bJg47cQ,2026-08-24,2026-08-30,Scoot,0,390,ICN,1 Week,August,2026-04-06T01:59:30.728939
"Hong Kong, Hong Kong",331.0,331.0,0.0,https://encrypted-tbn1.gstatic.com/images?q=tbn:ANd9GcTd4giZUOnVkLOK19qE-hoKaexrOb1lLvZOn_lzXx6X39chZYcKOZIlG92b-8CwcwsYWc8P53FjOTPh8YHr2wbh_ORXoEs2OLBTPE3kzw,2026-08-31,2026-09-07,Scoot,0,260,HKG,1 Week,August,2026-04-06T01:59:30.728952
"Tokyo, Japan",482.0,481.0,1.0,https://encrypted-tbn3.gstatic.com/images?q=tbn:ANd9GcRiqAYuTkGrtxMazhSpAJve9ZzWSTvJ8xFHSX2ih6rQEoYgDOw0Aey3IBJh7-QF38k1xmhOiFoVXd8u5V1ip4G05Aprq0q6HulopWyM5A,2026-08-30,2026-09-05,Scoot and Vietjet,1,685,NRT,1 Week,August,2026-04-06T01:59:30.728956
"Kyoto, Japan",348.0,348.0,0.0,https://encrypted-tbn2.gstatic.com/images?q=tbn:ANd9GcQtOVcFjC9WqGv4M70NBscJETxCioVhaxdDOixuut8dt708uPIEgFT53Jq9zXHfI6sAOAWzmyAXmctAP52yFO2Cgwinfa9tIJlulmeR_g,2026-08-20,2026-08-27,"AirAsia, AirAsia X, and Peach Aviation",1,405,KIX,1 Week,August,2026-04-06T01:59:30.728959
"Bangkok, Thailand",176.0,176.0,0.0,https://encrypted-tbn3.gstatic.com/images?q=tbn:ANd9GcTPIoqStMvXXTYbUQSylJYyWjY5HYM1GX-AALOOPHhXdXZDY56SSslLQDDkdhOxRX31c8qW7XFzS5zSEG6PGhEhGzxEbzyUYrqVxP_mBg,2026-08-24,2026-09-02,Scoot,0,155,BKK,1 Week,August,2026-04-06T01:59:30.728962
"Hanoi, Vietnam",230.0,230.0,0.0,https://encrypted-tbn2.gstatic.com/images?q=tbn:ANd9GcTh-Ne26gTyuHsN2ZHc-hQy1CJQ2ipECMiZPX8oGOu9Gw2plYSgbGAHFY4M4Eqls6MLlm3xgJf4uKpU0FRcZaKySylwTv73Ej3oD5pwEQ,2026-08-13,2026-08-20,Scoot,0,205,HAN,1 Week,August,2026-04-06T01:59:30.728966
"Osaka, Japan",348.0,348.0,0.0,https://encrypted-tbn3.gstatic.com/images?q=tbn:ANd9GcQ4taqtiRvr48l49Sh_f8rfRxj-enava5SmEA0s6U_pWeh7BW8eHOvOFczJy-B5oH6n3Wu-KNzT4A-NY_SzrseToTfHLKVhkr-mWGLWIA,2026-08-20,2026-08-27,"AirAsia, AirAsia X, and Peach Aviation",1,405,KIX,1 Week,August,2026-04-06T01:59:30.728969
"Ho Chi Minh City, Vietnam",168.0,168.0,0.0,https://encrypted-tbn0.gstatic.com/images?q=tbn:ANd9GcRrJKZk1BiYhZ3mY3euABvLxDIBukBw5gmGkEhkLqxNVGRjU8fVETFnNMHQIvPummF_6pB1XJ3tWE5VN7coLGd63VogrXcGfgf569shwA,2026-08-27,2026-09-03,Scoot,0,135,SGN,1 Week,August,2026-04-06T01:59:30.728972
"Mumbai, India",299.0,299.0,0.0,https://encrypted-tbn1.gstatic.com/images?q=tbn:ANd9GcTRRckp8mseYnYQ7l8HELq1GoFqwH1zksN3R-F36DAYjcG5Vt5RRGV-jd25K06kaNDTLkxXdzk0QUW09L6kHJOKEQg3Txbhyf9_10ZiXg,2026-08-24,2026-08-31,Air India,0,340,BOM,1 Week,August,2026-04-06T01:59:30.728976
"New Delhi, India",342.0,342.0,0.0,https://encrypted-tbn0.gstatic.com/images?q=tbn:ANd9GcSl_0QJXM0LcbhkFClbfILfC8ZiSCyO5XZpO0iSG1vfJg82v_FHjLXKSHs4cuyhvv4qL9jHKtP8ejqB62ObqFIQDnc3TDNCBAKM57ywZQ,2026-08-03,2026-08-11,Air India and Air India Express,1,360,DEL,1 Week,August,2026-04-06T01:59:30.728979
"Federal Territory of Kuala Lumpur, Malaysia",98.0,98.0,0.0,https://encrypted-tbn3.gstatic.com/images?q=tbn:ANd9GcQQIk1ExRSHJSg0CA3pM6ISxhFBQVZJ7iNmv02par-cAbKXlYKgy5PyTpGtQT33xTsdoO0dFIXrLwxWqlAmtUcQD7cziyQYbCZ55yo55Q,2026-08-02,2026-08-08,AirAsia,0,65,KUL,1 Week,August,2026-04-06T01:59:30.728982
"Dubai, United Arab Emirates",568.0,568.0,0.0,https://encrypted-tbn2.gstatic.com/images?q=tbn:ANd9GcS8I-qzYsk8MfqbtG7XZriHCE-pfBAmDIEitgTNi6pkd4ydYfON7ave6PO0r4SphWZcLjoAZuDchjD45415sUjceoYWW2iZuva8SQ9Spg,2026-08-01,2026-08-10,Gulf Air,1,690,DXB,1 Week,August,2026-04-06T01:59:30.728986
"Chiang Mai, Thailand",302.0,302.0,0.0,https://encrypted-tbn2.gstatic.com/images?q=tbn:ANd9GcTWkJDtb_3dOVc83TPKcKR6rRyKwp9M0n4vxVyFLuQ4ptiBf2FOEvVCTgmNI6dA6yLD85h9dhQ--u0VJsMWDGNwsAE013NEUxXHaHt00w,2026-08-10,2026-08-19,Scoot,0,185,CNX,1 Week,August,2026-04-06T01:59:30.728989
"Jaipur, India",381.0,381.0,0.0,https://encrypted-tbn2.gstatic.com/images?q=tbn:ANd9GcRHqyQ66crs-roykYQYxDmWP5W5OJrHQTXbb44A5zWulqxTZqTHGy2hBSBr8d_dU8AQ4qFU-hzSZNSDGh8MhIgg3DyUUeXB0f3QkYRhpw,2026-08-03,2026-08-12,"Air India, Thai AirAsia, and Air India Express",1,960,JAI,1 Week,August,2026-04-06T01:59:30.728992
"Phuket, Thailand",166.0,166.0,0.0,https://encrypted-tbn3.gstatic.com/images?q=tbn:ANd9GcTiBNj9z2Tf0lnw1uff6ooYy7liuVrHON7xT0xwWMJJWj3t4puxffP6RFtMin9PMz2RmGh6hiBIzk-1EGPwdS0BTJqDV9Dc_nMu3U5NQA,2026-08-02,2026-08-08,Scoot,0,110,HKT,1 Week,August,2026-04-06T01:59:30.728995
"Beijing, China",436.0,436.0,0.0,https://encrypted-tbn1.gstatic.com/images?q=tbn:ANd9GcR6R3TE9LrMLUM8It2c4f4zpNHzm3U-Peq5u7VO4V6QKrFk0vcJi5BJqLmmSuBNCoOTLy0XsoAmhFwqm2sUijEusLJoXjMkTWCWUiNOcw,2026-08-27,2026-09-02,China Southern and Chongqing Airlines,1,605,PKX,1 Week,August,2026-04-06T01:59:30.728998
"Goa, India",378.0,378.0,0.0,https://encrypted-tbn1.gstatic.com/images?q=tbn:ANd9GcTO_bUFJ2hIpNKQP021IDGX5_9DjDgvZKtkIrDVxwM0u4I5OAp1Iax4_EW6hoaO9NUW0KWgILohWKKZLG9XzbzfZkpeonIKw3VgPDT5tQ,2026-08-24,2026-08-31,Air India and Air India Express,1,800,GOI,1 Week,August,2026-04-06T01:59:30.729002
"Shanghai, China",402.0,362.0,40.0,https://encrypted-tbn2.gstatic.com/images?q=tbn:ANd9GcTujsAS0i3-zbeimLQQ8RJnTX80xFZm7VnTsswhTD6W1aHQZWxzA7pNb0BMAVpelCNQq3SEx1592gylHw,2026-08-13,2026-08-19,"Spring, AirAsia, and AirAsia X",1,340,PVG,1 Week,August,2026-04-06T01:59:30.729005
Hội An,275.0,275.0,0.0,https://encrypted-tbn3.gstatic.com/images?q=tbn:ANd9GcRRNok0jp9TQx-QJc8bQnN2ksLZePNr89SdiNSiwUwpXKh0aVOnLPThIeJfqztwgB97XWeFuxC9lhG0DimISpDGn4Hfkm_wLNu4dl340A,2026-08-27,2026-09-03,Vietjet,0,170,DAD,1 Week,August,2026-04-06T01:59:30.729008
"Bengaluru, India",339.0,339.0,0.0,https://encrypted-tbn2.gstatic.com/images?q=tbn:ANd9GcRRnVQMArN8G30p02VM6n18fD9LS-EXlKYRbJfv6CPLwRZ9C2wXHGXWsl6OOG5ubeHraoTiiKbSaBZnb2O3B02YbhgEtC8m9xRxgPwGfQ,2026-08-27,2026-09-02,Singapore Airlines,0,255,BLR,1 Week,August,2026-04-06T01:59:30.729011
"Hạ Long Bay, Vietnam",230.0,230.0,0.0,https://encrypted-tbn0.gstatic.com/images?q=tbn:ANd9GcQdH7xkaOku2D4UGiEtbegMDLIWszqsJrVB-XkpO13CqXswYGnUUFMgsO4uFwTrf0y8EAbVZJI4A0eo4UHbgxYiQFIDVb-zsz70Dt0OOg,2026-08-13,2026-08-20,Scoot,0,205,HAN,1 Week,August,2026-04-06T01:59:30.729015
"Abu Dhabi, United Arab Emirates",568.0,568.0,0.0,https://encrypted-tbn2.gstatic.com/images?q=tbn:ANd9GcTwBpYbpnuaEurTOeQbgYJzxk3uOAjB7bRvnTetkMlsdPqKciAFtLJswZmMHWpVhkLeEbJZCCZwoXaQ5D4aSc9sT4I-yBQBrT3r5vSWtA,2026-08-01,2026-08-10,Gulf Air,1,690,DXB,1 Week,August,2026-04-06T01:59:30.729018
"Chennai, India",252.0,252.0,0.0,https://encrypted-tbn3.gstatic.com/images?q=tbn:ANd9GcT8jGx4Oe7gOIT3dSF0FgoYzjECbwXYCIq6g0sMhY30kkZu5ThtcjZeZrIwVErtNu0yP-R_6Fgzt1BlhFJgF4nE0Cxoy4q_LrB5mHM6_A,2026-08-02,2026-08-10,Scoot,0,240,MAA,1 Week,August,2026-04-06T01:59:30.729021
"Varanasi, India",402.0,402.0,0.0,https://encrypted-tbn2.gstatic.com/images?q=tbn:ANd9GcRg1OmvYJVmJRkkH48WQY4LvYje4OuiXjLle-GS5PpRg-nonn9JC3CvB7HFko6WDkJnbxLL2s8j9VJf3XEWtJjx9xwADzwK_XzESUnUsA,2026-08-13,2026-08-19,Air India and Air India Express,1,1350,VNS,1 Week,August,2026-04-06T01:59:30.729025
"Udaipur, India",402.0,402.0,0.0,https://encrypted-tbn3.gstatic.com/images?q=tbn:ANd9GcSDElWaJCFOU4Y_U3X_1eUQsKG7FBPTiC6ZjgywBhr-NVfC9MscjNzDtVWHXcZxqrvrg6doXFJ3HtKk7f7vlZEBRljFcaKQrvdT1Lfn8Q,2026-08-13,2026-08-19,Air India,1,1250,UDR,1 Week,August,2026-04-06T01:59:30.729028
"Agra, India",342.0,342.0,0.0,https://encrypted-tbn2.gstatic.com/images?q=tbn:ANd9GcQI0YQv8yflL3rak3GIymC_IQPCnsI79bxC_lkZZonTDvjgQT1rNO7yJFilB65Gezf2VFQaf9yZ_h8HiA,2026-08-03,2026-08-11,Air India and Air India Express,1,360,DEL,1 Week,August,2026-04-06T01:59:30.729031
"Ko Samui, Thailand",346.0,346.0,0.0,https://encrypted-tbn0.gstatic.com/images?q=tbn:ANd9GcQ5VBzIPEfByKaFwNzikHD-kPxvUCXDQnYSeSf5xfsIeLO82X1NYZAjeCuuPKR2bV5qteuV8eJwTlrqba9OPo7suR-eLdKQb1P0WeM74A,2026-08-27,2026-09-04,Scoot,0,105,USM,1 Week,August,2026-04-06T01:59:30.729035
"Kolkata, India",346.0,346.0,0.0,https://encrypted-tbn1.gstatic.com/images?q=tbn:ANd9GcQkqRm0hB0I1L_Wd8J2SnHNwKFZT4kXBUBpwALXSPcPiN3P3c_WpHKIiaKVq1Y3OxMKtVX086O0hVbNFgQnycWMKjv8QwffmoMgidSS2Q,2026-08-01,2026-08-07,IndiGo and AirAsia,1,250,CCU,1 Week,August,2026-04-06T01:59:30.729038
"Taipei City, Taiwan",248.0,248.0,0.0,https://encrypted-tbn3.gstatic.com/images?q=tbn:ANd9GcQXLhb-ghDjmkIYAVvdu4F0jxICbcNjvay2bPLvj8Hp1u_uQKcabDV_PEHWzUdFw6H1BPMdXV5ahY-NuEBcv5y050siHU3OyxbnIrgwfg,2026-08-13,2026-08-19,Scoot,0,285,TPE,1 Week,August,2026-04-06T01:59:30.729042
"Kochi, India",277.0,277.0,0.0,https://encrypted-tbn3.gstatic.com/images?q=tbn:ANd9GcTPv3xu1wWA_PiElguRprW5LXIiyk1swUyWnl2QBNczqNvHpUCVW0j4KU7r7TduEUBjZLEgF1r2LndBwX3sPX83Xs2BTqGidMf9Wb4X7w,2026-08-02,2026-08-08,AirAsia,1,455,COK,1 Week,August,2026-04-06T01:59:30.729045
"Kathmandu, Nepal",606.0,606.0,0.0,https://encrypted-tbn0.gstatic.com/images?q=tbn:ANd9GcT78awjGv8SH4zFojoNUasAJqCxFPYe5qPHDvKUhH54AJ48YS8N1M9idwAQkN9fOXSnaMT2Rb5XpFn5tN3eT-3_sfEtXzetNBogSwD10g,2026-08-01,2026-08-07,Air India,1,590,KTM,1 Week,August,2026-04-06T01:59:30.729048
"Manila, Philippines",182.0,182.0,0.0,https://encrypted-tbn3.gstatic.com/images?q=tbn:ANd9GcRr9zUtKyDotaE-xA4DBVzZeavqk4R9wcvHmPGhQaJYfJO42GbiiIxaklB54UPajj9Fb2NgEdnVKsjvVPiBUWLwL4ShNsl8GI51yhA3MQ,2026-08-10,2026-08-18,Cebu Pacific,0,235,MNL,1 Week,August,2026-04-06T01:59:30.729051
"Bahrain, Bahrain",857.0,857.0,0.0,https://encrypted-tbn2.gstatic.com/images?q=tbn:ANd9GcSV-vcI5g_BSfRsSLESsjQeatxt7gtRek4JeffV42nrl5WMmzv4CM01xYgIecZb8062y259TXOBwtIRf3oxl-QQmui-tpQaPs-3yLaarQ,2026-08-02,2026-08-08,Etihad,1,610,BAH,1 Week,August,2026-04-06T01:59:30.729059
"Macao, Macao",417.0,417.0,0.0,https://encrypted-tbn1.gstatic.com/images?q=tbn:ANd9GcQSqvJMa-Boc6alR19GIwxB5x8fz6SLMX4U07VIkUBrXrHUId6y7gaY5UM0NjSMQ8dxCMqaO-Vb6NcCcpDkTJWIL-bb7VqXfHxBqGdPBQ,2026-08-27,2026-09-05,XiamenAir and Scoot,1,245,MFM,1 Week,August,2026-04-06T01:59:30.729062
"Hyderabad, India",319.0,319.0,0.0,https://encrypted-tbn0.gstatic.com/images?q=tbn:ANd9GcS3lpOwI2CRkpJjacFXUmD9pyCXeZ-MP0UNVoSY-ZINyBSXwarclu3H5KLBmgmXLMvZ8CFEPC_CTn9MxVN2fSbIBcOTsu-WSQuxa1tkvQ,2026-08-13,2026-08-19,AirAsia,1,420,HYD,1 Week,August,2026-04-06T01:59:30.729065
"Da Nang, Vietnam",275.0,275.0,0.0,https://encrypted-tbn0.gstatic.com/images?q=tbn:ANd9GcRY7AI9sBPAD8WaK_I7CMw80ft40TqnRp1EjFdp9GnRDSxju7-F8tl-8bCJnT0Wdb16UIVE-GplpFzGlWkWlV9HQ_ABPTCatv79wUf_ww,2026-08-27,2026-09-03,Vietjet,0,170,DAD,1 Week,August,2026-04-06T01:59:30.729069
"Shimla, India",342.0,342.0,0.0,https://encrypted-tbn1.gstatic.com/images?q=tbn:ANd9GcRmVtZCspa49qA-VRdGwLUuhCYbfJl99rU2w1Dr_PWQ3xiGSYx9VEXsN9QQ4eU8ASsCrKZe-uXEhGKoWavjil_p5W2zaaBuI22CrttqxA,2026-08-03,2026-08-11,Air India and Air India Express,1,360,DEL,1 Week,August,2026-04-06T01:59:30.729072
"Rishikesh, India",342.0,342.0,0.0,https://encrypted-tbn0.gstatic.com/images?q=tbn:ANd9GcQfnGK9xvCgM7SqaGAnrr-_xe7z2ObRVdDcCHEZvvCJmJvfPigk-FXOPJhBuaMZ11zbtVGZf7GaxmCkvgDB0PLXsaQ2WySPT5Fcf09Faw,2026-08-03,2026-08-11,Air India and Air India Express,1,360,DEL,1 Week,August,2026-04-06T01:59:30.729076
"Manali, India",342.0,342.0,0.0,https://encrypted-tbn2.gstatic.com/images?q=tbn:ANd9GcScenrP6gjGb22lYsm8hjewD2rWHNXHj5hgZhSH4EXtFQ9vluathDHuGxcS18s0x2hP3XoltAmZURaN8WbSwwbatRsnz2MFZ0ZwVnW8VQ,2026-08-03,2026-08-11,Air India and Air India Express,1,360,DEL,1 Week,August,2026-04-06T01:59:30.729080
"Jodhpur, India",402.0,402.0,0.0,https://encrypted-tbn0.gstatic.com/images?q=tbn:ANd9GcT8rBuapOqnIZRswSHWgHMRjC4gzYc6DE1yL1Z1ztSjcpHalJq26yGPgeI_ULnxNPCfK3LMV0Pj6xjeJh5akRjEUMHFxuGqEEiOou58Nw,2026-08-27,2026-09-02,Air India,1,1175,JDH,1 Week,August,2026-04-06T01:59:30.729083
"Munnar, India",277.0,277.0,0.0,https://encrypted-tbn3.gstatic.com/images?q=tbn:ANd9GcRqTHPBvoWmkwj7azYfSnX-4D9m7HpvFFq2vilhEa-17FM8zY0YvpGbpPe8I3_sHgpMYKqd9FSkuFtZWe9eOFGaLBeC3_i-qhxMPS2ZZQ,2026-08-02,2026-08-08,AirAsia,1,455,COK,1 Week,August,2026-04-06T01:59:30.729086
"Phú Quốc, Vietnam",232.0,232.0,0.0,https://encrypted-tbn3.gstatic.com/images?q=tbn:ANd9GcRGbWm0uqKOR9KmPBYMR8hSZRHOxqckm3gbBrinJy7yZfDpfAegfGEqPlX_NwjVJTCCRKnQ4hy7zd_tVOyEs6jNZ5fStfBDzeOslyEDoQ,2026-08-10,2026-08-18,AirAsia and Scoot,1,120,PQC,1 Week,August,2026-04-06T01:59:30.729090
"Ranthambore National Park, India",381.0,381.0,0.0,https://encrypted-tbn1.gstatic.com/images?q=tbn:ANd9GcSxrL0gNEqLJpancU8CANYgSjKoKEt_XeO5-xtU4ORG0m7IeWEhcCeab50BDvUMimSAhhiDtirU0aL_8w7CiKJslV3QM7voc7SLfRNUXA,2026-08-03,2026-08-12,"Air India, Thai AirAsia, and Air India Express",1,960,JAI,1 Week,August,2026-04-06T01:59:30.729096
"Colombo, Sri Lanka",319.0,319.0,0.0,https://encrypted-tbn3.gstatic.com/images?q=tbn:ANd9GcTCalYZRVLcftWCfdfjEucymsOsqadi9yimDG5NMHv6E53eNTkw3p5ze8wn7ynj7bthi5fSNd5TBC6kKSotrDYrF-RE3IV18bj2oW5xIA,2026-08-03,2026-08-11,AirAsia,1,340,CMB,1 Week,August,2026-04-06T01:59:30.729101
"Puducherry, India",252.0,252.0,0.0,https://encrypted-tbn0.gstatic.com/images?q=tbn:ANd9GcSvFZF57d-2KCNUh2lGz_SpRX0BslRnbMeUh2sb9KCiupngoHKO-0XUl8KYr7aeQZe6FlJIbLdal0LuVroiG9Wi180UtMpxG6Jxk-ytPQ,2026-08-02,2026-08-10,Scoot,0,240,MAA,1 Week,August,2026-04-06T01:59:30.729106
"Sapporo, Japan",559.0,559.0,0.0,https://encrypted-tbn0.gstatic.com/images?q=tbn:ANd9GcR4AM45jXa1psI2Z1sNxUR2XylT_5MPK1SHculUYedH63c7x8IHbBm5vDFctSbaXhn0_6bbNf6i86ZYpVuYBbEH4GveYpJzK-y7SINH1w,2026-08-03,2026-08-12,Air Do and ANA,1,725,CTS,1 Week,August,2026-04-06T01:59:30.729112
"Chengdu, China",346.0,346.0,0.0,https://encrypted-tbn3.gstatic.com/images?q=tbn:ANd9GcQY8DLeWQH982m5yXijXncNnKja_WtNJL9izzPLuwIjs4fWdKIGLfaVUBaXr3YLnyDVrv4RYKWVibM84S-hp3UpCGr78L0YycX0BZjRTw,2026-08-10,2026-08-18,AirAsia and AirAsia X,1,545,TFU,1 Week,August,2026-04-06T01:59:30.729116
"Xi'An, China",473.0,473.0,0.0,https://encrypted-tbn3.gstatic.com/images?q=tbn:ANd9GcQlRRbLPcoitY2Dl9reXFIK_MTRgheCZMFkITdRumAZOoaWoPWH17MmpII3EMgCWZiqCnsu-ROsf2sFp9iSCYUPddP48tSGXwzfALtqvA,2026-08-29,2026-09-04,China Southern,1,585,XIY,1 Week,August,2026-04-06T01:59:30.729120
"Boracay, Philippines",255.0,255.0,0.0,https://encrypted-tbn2.gstatic.com/images?q=tbn:ANd9GcSWVEP-f4Tsv9itb6e5PrsSbMRzn1pCVXoPAN7uzJJb3pMDQfBH4KRylRfEcwRrRrkfkye1AZFE9payFqm1xehM0rWmEcZsd2t1jrRgsQ,2026-08-17,2026-08-25,Cebu Pacific,1,710,MPH,1 Week,August,2026-04-06T01:59:30.729124
"Cebu City, Philippines",194.0,194.0,0.0,https://encrypted-tbn0.gstatic.com/images?q=tbn:ANd9GcRQkSFnL8j_JnNZIPer-g9BJfnnRj2BME3jwdM8u2pdZX5SMMAE6rz0Hghh-cgEA9re1JDSt3XMQWLcIHPANBsJgId_suPx16yEH4yKOA,2026-08-15,2026-08-24,Cebu Pacific,0,235,CEB,1 Week,August,2026-04-06T01:59:30.729128
"Kaziranga National Park, India",480.0,480.0,0.0,https://encrypted-tbn1.gstatic.com/images?q=tbn:ANd9GcQDBQ8gOfMM5IwB9Kv4SMGtY_VPTDN01t38twMZQ4jvK04wX5tThshiljXNBOmn9R1pWAUQanV96n0LiujQ0L_2pHnHCpEZsWJr0pU7HA,2026-08-06,2026-08-12,Air India and Air India Express,1,715,GAU,1 Week,August,2026-04-06T01:59:30.729130
"Guwahati, India",480.0,480.0,0.0,https://encrypted-tbn0.gstatic.com/images?q=tbn:ANd9GcSTNDJXSuGok1AmlZ2jJpvD_mzuF2s44iPPLEb27hyvOHBabF44H_oKWPTzHate__CBMAUXcvjMHojIKzvNCWdjG_BtKZSHWQXcb3rYuA,2026-08-06,2026-08-12,Air India and Air India Express,1,715,GAU,1 Week,August,2026-04-06T01:59:30.729133
"Tashkent, Uzbekistan",597.0,597.0,0.0,https://encrypted-tbn2.gstatic.com/images?q=tbn:ANd9GcQA8i7cAg_5GT78C0ciF1cM-ly6BiS_ojUVXMMr6drRYdStr40B90277pTgsMCGul1IEbR6ZDAc4atr4D6HN9laieRaaJeaT3hmLsKqBg,2026-08-03,2026-08-12,AirAsia and AirAsia X,1,655,TAS,1 Week,August,2026-04-06T01:59:30.729135
"Niseko, Japan",559.0,559.0,0.0,https://encrypted-tbn0.gstatic.com/images?q=tbn:ANd9GcRF7wdJWoE22_Ai99rtZ7hjcWVIp65xTxNoA1-WBleQknbJwrCZRAi_Mk_xp720dO7R7O0VWM2ILl-qKWXESGCxtRNFgJE-m-HdGwrlxw,2026-08-03,2026-08-12,Air Do and ANA,1,725,CTS,1 Week,August,2026-04-06T01:59:30.729137
"Almaty, Kazakhstan",874.0,874.0,0.0,https://encrypted-tbn2.gstatic.com/images?q=tbn:ANd9GcR8iDoh59ddyzKl4KpDTbZMB5nZzWIzPoHXHEhF6j5LF-er9e4arKtTln2lYA-WuD2Z23ZsHkv3IaTY8X4k7_H0sz7pZENVvOOpEEYVqA,2026-08-03,2026-08-11,"AirAsia, AirAsia X, Thai AirAsia, and Thai AirAsia X",1,750,ALA,1 Week,August,2026-04-06T01:59:30.729139
"Guam, Guam",742.0,742.0,0.0,https://encrypted-tbn2.gstatic.com/images?q=tbn:ANd9GcTuOFnrHa29K1tpqiPQklQESCCKp3f-FzHa53cUPpXN1fLNxBqzixLAbuWT60pbd7ARYOKKnNlHkSWX7ZK6YnEyD7CALkdWcBFLTcNWIw,2026-08-27,2026-09-02,Philippine Airlines,1,710,GUM,1 Week,August,2026-04-06T01:59:30.729141
"Harbin, China",462.0,462.0,0.0,https://encrypted-tbn2.gstatic.com/images?q=tbn:ANd9GcR_MvPBNPJRk-TEMtrt8B_sIPMp92xYO42dahjcu0DxdK4F66B0rsb64v3pXLOHINO5t9aBZpbKBmHOyvLO3vOdgKa6uK86bxFgkbX2Rw,2026-08-28,2026-09-03,Shandong,1,745,HRB,1 Week,August,2026-04-06T01:59:30.729144
"Ulaanbaatar, Mongolia",1246.0,1246.0,0.0,https://encrypted-tbn3.gstatic.com/images?q=tbn:ANd9GcQG0oMWF9H5cvBuRMc1phyW4DGIc3S1ZIRFEi4bS-9Ah2c3Co46HWv1_2zJ1tvvI65NTG8aEoXWTCclixETbnq0PNTGkXrnN9sz9iG0xg,2026-08-06,2026-08-12,Cathay Pacific and MIAT,1,1625,UBN,1 Week,August,2026-04-06T01:59:30.729146
"Furano, Japan",559.0,559.0,0.0,https://encrypted-tbn2.gstatic.com/images?q=tbn:ANd9GcToxhNswMamZEIFMbN4ViNIJsOoa4oiFtq7c4e5-91uhu2Jn90OSbq0u5zR3i6o5nafcKScuhJqbJsDFUCz3feBEspB5AhViICZylm6aA,2026-08-06,2026-08-12,ANA,1,745,CTS,1 Week,August,2026-04-06T01:59:30.729150
"Issyk Kul, Kyrgyzstan",874.0,874.0,0.0,https://encrypted-tbn0.gstatic.com/images?q=tbn:ANd9GcQDqLw0IWmVH11kyhh3ObcxYz5CmojvvYLlZDO2Ce_HdyewWrz_23BNsNt-RY463jE2YcjeCNoPPHhuv04pWUqf57iN5Knpc99fCpNHQA,2026-08-03,2026-08-11,"AirAsia, AirAsia X, Thai AirAsia, and Thai AirAsia X",1,750,ALA,1 Week,August,2026-04-06T01:59:30.729152
"Asahikawa, Japan",559.0,559.0,0.0,https://encrypted-tbn2.gstatic.com/images?q=tbn:ANd9GcS0VqKQp5kcTlRC4ivn7m1K-O7wcMpVzC8dUZ1XU5NeI5AE8uYY9FQQG1l_nbbVdcA2ZVw6R_cydjdmi6UJBTkD6s84-qL6j1L0ppHZRw,2026-08-06,2026-08-12,ANA,1,745,CTS,1 Week,August,2026-04-06T01:59:30.729155
"Ürümqi, China",790.0,790.0,0.0,https://encrypted-tbn2.gstatic.com/images?q=tbn:ANd9GcQG7GdzgUFPXs__gKaBVRzQaJyESgnuqLvTQ2PKS1DtS6k70TghaCiYlvLODQcqYelNGewNj-hgj_pjCSM7n1Df_nnW-VeC8V0We0h8MQ,2026-08-27,2026-09-05,China Southern,2,1040,URC,1 Week,August,2026-04-06T01:59:30.729157
"Padang, Indonesia",179.0,179.0,0.0,https://encrypted-tbn3.gstatic.com/images?q=tbn:ANd9GcTDKL2EVQYGn6jKkf-kN_Rdm--pZIl3mnnwYSPeO8URaMSrnPVDbZRZO1nonj0WI2Z5L8nyBj7Jy5i5ERwaG24pySvVcU1OAwT7x1Wu2A,2026-08-17,2026-08-25,Scoot,0,75,PDG,1 Week,August,2026-04-06T01:59:30.729161
"Gorkhi Terelj National Park, Mongolia",1246.0,1246.0,0.0,https://encrypted-tbn1.gstatic.com/images?q=tbn:ANd9GcRs_x--VIR1dafl4avf8s8m8flCHTx1toLHUv0UIkRJOqQDwiSLMgVvR7Hfv6y9hrDun52sIUrYRl_HhdPAXnHuZHjKef9kXZJycsNXmQ,2026-08-06,2026-08-12,Cathay Pacific and MIAT,1,1625,UBN,1 Week,August,2026-04-06T01:59:30.729163
"Hong Kong, Hong Kong",331.0,331.0,0.0,https://encrypted-tbn1.gstatic.com/images?q=tbn:ANd9GcTd4giZUOnVkLOK19qE-hoKaexrOb1lLvZOn_lzXx6X39chZYcKOZIlG92b-8CwcwsYWc8P53FjOTPh8YHr2wbh_ORXoEs2OLBTPE3kzw,2026-08-31,2026-09-14,Scoot,0,260,HKG,2 Weeks,August,2026-04-06T01:59:34.093997
"Bangkok, Thailand",176.0,176.0,0.0,https://encrypted-tbn3.gstatic.com/images?q=tbn:ANd9GcTPIoqStMvXXTYbUQSylJYyWjY5HYM1GX-AALOOPHhXdXZDY56SSslLQDDkdhOxRX31c8qW7XFzS5zSEG6PGhEhGzxEbzyUYrqVxP_mBg,2026-08-17,2026-09-02,Scoot,0,155,BKK,2 Weeks,August,2026-04-06T01:59:34.094011
"Hanoi, Vietnam",221.0,221.0,0.0,https://encrypted-tbn2.gstatic.com/images?q=tbn:ANd9GcTh-Ne26gTyuHsN2ZHc-hQy1CJQ2ipECMiZPX8oGOu9Gw2plYSgbGAHFY4M4Eqls6MLlm3xgJf4uKpU0FRcZaKySylwTv73Ej3oD5pwEQ,2026-08-28,2026-09-10,Scoot,0,205,HAN,2 Weeks,August,2026-04-06T01:59:34.094015
"Ho Chi Minh City, Vietnam",168.0,168.0,0.0,https://encrypted-tbn0.gstatic.com/images?q=tbn:ANd9GcRrJKZk1BiYhZ3mY3euABvLxDIBukBw5gmGkEhkLqxNVGRjU8fVETFnNMHQIvPummF_6pB1XJ3tWE5VN7coLGd63VogrXcGfgf569shwA,2026-08-20,2026-09-03,Scoot,0,135,SGN,2 Weeks,August,2026-04-06T01:59:34.094019
"Tokyo, Japan",469.0,469.0,0.0,https://encrypted-tbn3.gstatic.com/images?q=tbn:ANd9GcRiqAYuTkGrtxMazhSpAJve9ZzWSTvJ8xFHSX2ih6rQEoYgDOw0Aey3IBJh7-QF38k1xmhOiFoVXd8u5V1ip4G05Aprq0q6HulopWyM5A,2026-08-30,2026-09-14,Scoot and Vietjet,1,685,NRT,2 Weeks,August,2026-04-06T01:59:34.094022
"Mumbai, India",299.0,299.0,0.0,https://encrypted-tbn1.gstatic.com/images?q=tbn:ANd9GcTRRckp8mseYnYQ7l8HELq1GoFqwH1zksN3R-F36DAYjcG5Vt5RRGV-jd25K06kaNDTLkxXdzk0QUW09L6kHJOKEQg3Txbhyf9_10ZiXg,2026-08-17,2026-08-31,Air India,0,340,BOM,2 Weeks,August,2026-04-06T01:59:34.094026
"New Delhi, India",342.0,342.0,0.0,https://encrypted-tbn0.gstatic.com/images?q=tbn:ANd9GcSl_0QJXM0LcbhkFClbfILfC8ZiSCyO5XZpO0iSG1vfJg82v_FHjLXKSHs4cuyhvv4qL9jHKtP8ejqB62ObqFIQDnc3TDNCBAKM57ywZQ,2026-08-03,2026-08-18,Air India and Air India Express,1,360,DEL,2 Weeks,August,2026-04-06T01:59:34.094029
"Federal Territory of Kuala Lumpur, Malaysia",98.0,98.0,0.0,https://encrypted-tbn3.gstatic.com/images?q=tbn:ANd9GcQQIk1ExRSHJSg0CA3pM6ISxhFBQVZJ7iNmv02par-cAbKXlYKgy5PyTpGtQT33xTsdoO0dFIXrLwxWqlAmtUcQD7cziyQYbCZ55yo55Q,2026-08-02,2026-08-15,AirAsia,0,65,KUL,2 Weeks,August,2026-04-06T01:59:34.094033
"Dubai, United Arab Emirates",568.0,568.0,0.0,https://encrypted-tbn2.gstatic.com/images?q=tbn:ANd9GcS8I-qzYsk8MfqbtG7XZriHCE-pfBAmDIEitgTNi6pkd4ydYfON7ave6PO0r4SphWZcLjoAZuDchjD45415sUjceoYWW2iZuva8SQ9Spg,2026-08-01,2026-08-14,Gulf Air,1,690,DXB,2 Weeks,August,2026-04-06T01:59:34.094036
"Kyoto, Japan",345.0,345.0,0.0,https://encrypted-tbn2.gstatic.com/images?q=tbn:ANd9GcQtOVcFjC9WqGv4M70NBscJETxCioVhaxdDOixuut8dt708uPIEgFT53Jq9zXHfI6sAOAWzmyAXmctAP52yFO2Cgwinfa9tIJlulmeR_g,2026-08-20,2026-09-02,Peach Aviation,0,405,KIX,2 Weeks,August,2026-04-06T01:59:34.094040
"Chiang Mai, Thailand",302.0,302.0,0.0,https://encrypted-tbn2.gstatic.com/images?q=tbn:ANd9GcTWkJDtb_3dOVc83TPKcKR6rRyKwp9M0n4vxVyFLuQ4ptiBf2FOEvVCTgmNI6dA6yLD85h9dhQ--u0VJsMWDGNwsAE013NEUxXHaHt00w,2026-08-03,2026-08-19,Scoot,0,185,CNX,2 Weeks,August,2026-04-06T01:59:34.094043
"Jaipur, India",381.0,381.0,0.0,https://encrypted-tbn2.gstatic.com/images?q=tbn:ANd9GcRHqyQ66crs-roykYQYxDmWP5W5OJrHQTXbb44A5zWulqxTZqTHGy2hBSBr8d_dU8AQ4qFU-hzSZNSDGh8MhIgg3DyUUeXB0f3QkYRhpw,2026-08-03,2026-08-18,"Air India, Thai AirAsia, and Air India Express",1,960,JAI,2 Weeks,August,2026-04-06T01:59:34.094046
"Phuket, Thailand",166.0,166.0,0.0,https://encrypted-tbn3.gstatic.com/images?q=tbn:ANd9GcTiBNj9z2Tf0lnw1uff6ooYy7liuVrHON7xT0xwWMJJWj3t4puxffP6RFtMin9PMz2RmGh6hiBIzk-1EGPwdS0BTJqDV9Dc_nMu3U5NQA,2026-08-09,2026-08-22,Scoot,0,120,HKT,2 Weeks,August,2026-04-06T01:59:34.094050
"Seoul, South Korea",303.0,313.0,-10.0,https://encrypted-tbn0.gstatic.com/images?q=tbn:ANd9GcSGy4LggtmRKCw-VDM7sZj2JVAI9kZiAlSkcki4ZP7jzUeqZlOBfwDo0IH5E2Xksu0CgoBvjpPlWiH4g5dXne5aQ5Iy4S01_z3bJg47cQ,2026-08-24,2026-09-09,Scoot,0,390,ICN,2 Weeks,August,2026-04-06T01:59:34.094053
"Beijing, China",436.0,436.0,0.0,https://encrypted-tbn1.gstatic.com/images?q=tbn:ANd9GcR6R3TE9LrMLUM8It2c4f4zpNHzm3U-Peq5u7VO4V6QKrFk0vcJi5BJqLmmSuBNCoOTLy0XsoAmhFwqm2sUijEusLJoXjMkTWCWUiNOcw,2026-08-27,2026-09-09,China Southern and Chongqing Airlines,1,605,PKX,2 Weeks,August,2026-04-06T01:59:34.094056
"Goa, India",378.0,378.0,0.0,https://encrypted-tbn1.gstatic.com/images?q=tbn:ANd9GcTO_bUFJ2hIpNKQP021IDGX5_9DjDgvZKtkIrDVxwM0u4I5OAp1Iax4_EW6hoaO9NUW0KWgILohWKKZLG9XzbzfZkpeonIKw3VgPDT5tQ,2026-08-17,2026-08-31,Air India and Air India Express,1,800,GOI,2 Weeks,August,2026-04-06T01:59:34.094060
"Osaka, Japan",345.0,345.0,0.0,https://encrypted-tbn3.gstatic.com/images?q=tbn:ANd9GcQ4taqtiRvr48l49Sh_f8rfRxj-enava5SmEA0s6U_pWeh7BW8eHOvOFczJy-B5oH6n3Wu-KNzT4A-NY_SzrseToTfHLKVhkr-mWGLWIA,2026-08-20,2026-09-02,Peach Aviation,0,405,KIX,2 Weeks,August,2026-04-06T01:59:34.094063
"Shanghai, China",321.0,321.0,0.0,https://encrypted-tbn2.gstatic.com/images?q=tbn:ANd9GcTujsAS0i3-zbeimLQQ8RJnTX80xFZm7VnTsswhTD6W1aHQZWxzA7pNb0BMAVpelCNQq3SEx1592gylHw,2026-08-20,2026-09-02,"Spring, AirAsia, and AirAsia X",1,490,PVG,2 Weeks,August,2026-04-06T01:59:34.094067
Hội An,223.0,223.0,0.0,https://encrypted-tbn3.gstatic.com/images?q=tbn:ANd9GcRRNok0jp9TQx-QJc8bQnN2ksLZePNr89SdiNSiwUwpXKh0aVOnLPThIeJfqztwgB97XWeFuxC9lhG0DimISpDGn4Hfkm_wLNu4dl340A,2026-08-30,2026-09-15,AirAsia and Vietjet,1,170,DAD,2 Weeks,August,2026-04-06T01:59:34.094070
"Bengaluru, India",393.0,393.0,0.0,https://encrypted-tbn2.gstatic.com/images?q=tbn:ANd9GcRRnVQMArN8G30p02VM6n18fD9LS-EXlKYRbJfv6CPLwRZ9C2wXHGXWsl6OOG5ubeHraoTiiKbSaBZnb2O3B02YbhgEtC8m9xRxgPwGfQ,2026-08-01,2026-08-14,IndiGo,0,270,BLR,2 Weeks,August,2026-04-06T01:59:34.094074
"Hạ Long Bay, Vietnam",221.0,221.0,0.0,https://encrypted-tbn0.gstatic.com/images?q=tbn:ANd9GcQdH7xkaOku2D4UGiEtbegMDLIWszqsJrVB-XkpO13CqXswYGnUUFMgsO4uFwTrf0y8EAbVZJI4A0eo4UHbgxYiQFIDVb-zsz70Dt0OOg,2026-08-20,2026-09-03,Scoot,0,205,HAN,2 Weeks,August,2026-04-06T01:59:34.094077
"Abu Dhabi, United Arab Emirates",568.0,568.0,0.0,https://encrypted-tbn2.gstatic.com/images?q=tbn:ANd9GcTwBpYbpnuaEurTOeQbgYJzxk3uOAjB7bRvnTetkMlsdPqKciAFtLJswZmMHWpVhkLeEbJZCCZwoXaQ5D4aSc9sT4I-yBQBrT3r5vSWtA,2026-08-01,2026-08-14,Gulf Air,1,690,DXB,2 Weeks,August,2026-04-06T01:59:34.094081
"Chennai, India",236.0,236.0,0.0,https://encrypted-tbn3.gstatic.com/images?q=tbn:ANd9GcT8jGx4Oe7gOIT3dSF0FgoYzjECbwXYCIq6g0sMhY30kkZu5ThtcjZeZrIwVErtNu0yP-R_6Fgzt1BlhFJgF4nE0Cxoy4q_LrB5mHM6_A,2026-08-02,2026-08-16,Scoot,0,240,MAA,2 Weeks,August,2026-04-06T01:59:34.094084
"Varanasi, India",464.0,464.0,0.0,https://encrypted-tbn2.gstatic.com/images?q=tbn:ANd9GcRg1OmvYJVmJRkkH48WQY4LvYje4OuiXjLle-GS5PpRg-nonn9JC3CvB7HFko6WDkJnbxLL2s8j9VJf3XEWtJjx9xwADzwK_XzESUnUsA,2026-08-22,2026-09-04,Air India and Air India Express,1,690,VNS,2 Weeks,August,2026-04-06T01:59:34.094088
"Agra, India",342.0,342.0,0.0,https://encrypted-tbn2.gstatic.com/images?q=tbn:ANd9GcQI0YQv8yflL3rak3GIymC_IQPCnsI79bxC_lkZZonTDvjgQT1rNO7yJFilB65Gezf2VFQaf9yZ_h8HiA,2026-08-03,2026-08-18,Air India and Air India Express,1,360,DEL,2 Weeks,August,2026-04-06T01:59:34.094092
"Ko Samui, Thailand",346.0,346.0,0.0,https://encrypted-tbn0.gstatic.com/images?q=tbn:ANd9GcQ5VBzIPEfByKaFwNzikHD-kPxvUCXDQnYSeSf5xfsIeLO82X1NYZAjeCuuPKR2bV5qteuV8eJwTlrqba9OPo7suR-eLdKQb1P0WeM74A,2026-08-20,2026-09-04,Scoot,0,115,USM,2 Weeks,August,2026-04-06T01:59:34.094096
"Kolkata, India",346.0,346.0,0.0,https://encrypted-tbn1.gstatic.com/images?q=tbn:ANd9GcQkqRm0hB0I1L_Wd8J2SnHNwKFZT4kXBUBpwALXSPcPiN3P3c_WpHKIiaKVq1Y3OxMKtVX086O0hVbNFgQnycWMKjv8QwffmoMgidSS2Q,2026-08-01,2026-08-17,IndiGo and AirAsia,1,250,CCU,2 Weeks,August,2026-04-06T01:59:34.094100
"Taipei City, Taiwan",248.0,248.0,0.0,https://encrypted-tbn3.gstatic.com/images?q=tbn:ANd9GcQXLhb-ghDjmkIYAVvdu4F0jxICbcNjvay2bPLvj8Hp1u_uQKcabDV_PEHWzUdFw6H1BPMdXV5ahY-NuEBcv5y050siHU3OyxbnIrgwfg,2026-08-13,2026-08-26,Scoot,0,285,TPE,2 Weeks,August,2026-04-06T01:59:34.094104
"Kochi, India",366.0,366.0,0.0,https://encrypted-tbn3.gstatic.com/images?q=tbn:ANd9GcTPv3xu1wWA_PiElguRprW5LXIiyk1swUyWnl2QBNczqNvHpUCVW0j4KU7r7TduEUBjZLEgF1r2LndBwX3sPX83Xs2BTqGidMf9Wb4X7w,2026-08-29,2026-09-14,IndiGo and AirAsia,1,500,COK,2 Weeks,August,2026-04-06T01:59:34.094109
"Kathmandu, Nepal",606.0,606.0,0.0,https://encrypted-tbn0.gstatic.com/images?q=tbn:ANd9GcT78awjGv8SH4zFojoNUasAJqCxFPYe5qPHDvKUhH54AJ48YS8N1M9idwAQkN9fOXSnaMT2Rb5XpFn5tN3eT-3_sfEtXzetNBogSwD10g,2026-08-01,2026-08-14,Air India,1,590,KTM,2 Weeks,August,2026-04-06T01:59:34.094112
"Manila, Philippines",182.0,182.0,0.0,https://encrypted-tbn3.gstatic.com/images?q=tbn:ANd9GcRr9zUtKyDotaE-xA4DBVzZeavqk4R9wcvHmPGhQaJYfJO42GbiiIxaklB54UPajj9Fb2NgEdnVKsjvVPiBUWLwL4ShNsl8GI51yhA3MQ,2026-08-10,2026-08-25,Cebu Pacific,0,235,MNL,2 Weeks,August,2026-04-06T01:59:34.094116
"Bahrain, Bahrain",857.0,857.0,0.0,https://encrypted-tbn2.gstatic.com/images?q=tbn:ANd9GcSV-vcI5g_BSfRsSLESsjQeatxt7gtRek4JeffV42nrl5WMmzv4CM01xYgIecZb8062y259TXOBwtIRf3oxl-QQmui-tpQaPs-3yLaarQ,2026-08-02,2026-08-15,Etihad,1,610,BAH,2 Weeks,August,2026-04-06T01:59:34.094118
"Macao, Macao",417.0,417.0,0.0,https://encrypted-tbn1.gstatic.com/images?q=tbn:ANd9GcQSqvJMa-Boc6alR19GIwxB5x8fz6SLMX4U07VIkUBrXrHUId6y7gaY5UM0NjSMQ8dxCMqaO-Vb6NcCcpDkTJWIL-bb7VqXfHxBqGdPBQ,2026-08-27,2026-09-09,XiamenAir and Scoot,1,245,MFM,2 Weeks,August,2026-04-06T01:59:34.094120
"Hyderabad, India",319.0,319.0,0.0,https://encrypted-tbn0.gstatic.com/images?q=tbn:ANd9GcS3lpOwI2CRkpJjacFXUmD9pyCXeZ-MP0UNVoSY-ZINyBSXwarclu3H5KLBmgmXLMvZ8CFEPC_CTn9MxVN2fSbIBcOTsu-WSQuxa1tkvQ,2026-08-13,2026-08-26,AirAsia,1,420,HYD,2 Weeks,August,2026-04-06T01:59:34.094122
"Da Nang, Vietnam",223.0,223.0,0.0,https://encrypted-tbn0.gstatic.com/images?q=tbn:ANd9GcRY7AI9sBPAD8WaK_I7CMw80ft40TqnRp1EjFdp9GnRDSxju7-F8tl-8bCJnT0Wdb16UIVE-GplpFzGlWkWlV9HQ_ABPTCatv79wUf_ww,2026-08-30,2026-09-15,AirAsia and Vietjet,1,170,DAD,2 Weeks,August,2026-04-06T01:59:34.094123
"Munnar, India",366.0,366.0,0.0,https://encrypted-tbn3.gstatic.com/images?q=tbn:ANd9GcRqTHPBvoWmkwj7azYfSnX-4D9m7HpvFFq2vilhEa-17FM8zY0YvpGbpPe8I3_sHgpMYKqd9FSkuFtZWe9eOFGaLBeC3_i-qhxMPS2ZZQ,2026-08-29,2026-09-14,IndiGo and AirAsia,1,500,COK,2 Weeks,August,2026-04-06T01:59:34.094127
"Phú Quốc, Vietnam",232.0,232.0,0.0,https://encrypted-tbn3.gstatic.com/images?q=tbn:ANd9GcRGbWm0uqKOR9KmPBYMR8hSZRHOxqckm3gbBrinJy7yZfDpfAegfGEqPlX_NwjVJTCCRKnQ4hy7zd_tVOyEs6jNZ5fStfBDzeOslyEDoQ,2026-08-03,2026-08-18,AirAsia and Scoot,1,120,PQC,2 Weeks,August,2026-04-06T01:59:34.094129
"Ranthambore National Park, India",381.0,381.0,0.0,https://encrypted-tbn1.gstatic.com/images?q=tbn:ANd9GcSxrL0gNEqLJpancU8CANYgSjKoKEt_XeO5-xtU4ORG0m7IeWEhcCeab50BDvUMimSAhhiDtirU0aL_8w7CiKJslV3QM7voc7SLfRNUXA,2026-08-03,2026-08-18,"Air India, Thai AirAsia, and Air India Express",1,960,JAI,2 Weeks,August,2026-04-06T01:59:34.094131
"Colombo, Sri Lanka",319.0,319.0,0.0,https://encrypted-tbn3.gstatic.com/images?q=tbn:ANd9GcTCalYZRVLcftWCfdfjEucymsOsqadi9yimDG5NMHv6E53eNTkw3p5ze8wn7ynj7bthi5fSNd5TBC6kKSotrDYrF-RE3IV18bj2oW5xIA,2026-08-03,2026-08-17,AirAsia,1,340,CMB,2 Weeks,August,2026-04-06T01:59:34.094134
"Puducherry, India",236.0,236.0,0.0,https://encrypted-tbn0.gstatic.com/images?q=tbn:ANd9GcSvFZF57d-2KCNUh2lGz_SpRX0BslRnbMeUh2sb9KCiupngoHKO-0XUl8KYr7aeQZe6FlJIbLdal0LuVroiG9Wi180UtMpxG6Jxk-ytPQ,2026-08-02,2026-08-16,Scoot,0,240,MAA,2 Weeks,August,2026-04-06T01:59:34.094136
"Sapporo, Japan",559.0,559.0,0.0,https://encrypted-tbn0.gstatic.com/images?q=tbn:ANd9GcR4AM45jXa1psI2Z1sNxUR2XylT_5MPK1SHculUYedH63c7x8IHbBm5vDFctSbaXhn0_6bbNf6i86ZYpVuYBbEH4GveYpJzK-y7SINH1w,2026-08-02,2026-08-17,Air Do and ANA,1,725,CTS,2 Weeks,August,2026-04-06T01:59:34.094139
"Boracay, Philippines",254.0,254.0,0.0,https://encrypted-tbn2.gstatic.com/images?q=tbn:ANd9GcSWVEP-f4Tsv9itb6e5PrsSbMRzn1pCVXoPAN7uzJJb3pMDQfBH4KRylRfEcwRrRrkfkye1AZFE9payFqm1xehM0rWmEcZsd2t1jrRgsQ,2026-08-27,2026-09-11,Cebu Pacific,1,450,MPH,2 Weeks,August,2026-04-06T01:59:34.094142
"Cebu City, Philippines",194.0,194.0,0.0,https://encrypted-tbn0.gstatic.com/images?q=tbn:ANd9GcRQkSFnL8j_JnNZIPer-g9BJfnnRj2BME3jwdM8u2pdZX5SMMAE6rz0Hghh-cgEA9re1JDSt3XMQWLcIHPANBsJgId_suPx16yEH4yKOA,2026-08-01,2026-08-14,Cebu Pacific,0,235,CEB,2 Weeks,August,2026-04-06T01:59:34.094144
"Kaziranga National Park, India",480.0,480.0,0.0,https://encrypted-tbn1.gstatic.com/images?q=tbn:ANd9GcQDBQ8gOfMM5IwB9Kv4SMGtY_VPTDN01t38twMZQ4jvK04wX5tThshiljXNBOmn9R1pWAUQanV96n0LiujQ0L_2pHnHCpEZsWJr0pU7HA,2026-08-06,2026-08-19,Air India and Air India Express,1,715,GAU,2 Weeks,August,2026-04-06T01:59:34.094146
"Guwahati, India",480.0,480.0,0.0,https://encrypted-tbn0.gstatic.com/images?q=tbn:ANd9GcSTNDJXSuGok1AmlZ2jJpvD_mzuF2s44iPPLEb27hyvOHBabF44H_oKWPTzHate__CBMAUXcvjMHojIKzvNCWdjG_BtKZSHWQXcb3rYuA,2026-08-06,2026-08-19,Air India and Air India Express,1,715,GAU,2 Weeks,August,2026-04-06T01:59:34.094148
"Niseko, Japan",559.0,559.0,0.0,https://encrypted-tbn0.gstatic.com/images?q=tbn:ANd9GcRF7wdJWoE22_Ai99rtZ7hjcWVIp65xTxNoA1-WBleQknbJwrCZRAi_Mk_xp720dO7R7O0VWM2ILl-qKWXESGCxtRNFgJE-m-HdGwrlxw,2026-08-02,2026-08-17,Air Do and ANA,1,725,CTS,2 Weeks,August,2026-04-06T01:59:34.094151
"Almaty, Kazakhstan",881.0,881.0,0.0,https://encrypted-tbn2.gstatic.com/images?q=tbn:ANd9GcR8iDoh59ddyzKl4KpDTbZMB5nZzWIzPoHXHEhF6j5LF-er9e4arKtTln2lYA-WuD2Z23ZsHkv3IaTY8X4k7_H0sz7pZENVvOOpEEYVqA,2026-08-03,2026-08-17,Thai AirAsia and Thai AirAsia X,1,750,ALA,2 Weeks,August,2026-04-06T01:59:34.094153
"Guam, Guam",742.0,742.0,0.0,https://encrypted-tbn2.gstatic.com/images?q=tbn:ANd9GcTuOFnrHa29K1tpqiPQklQESCCKp3f-FzHa53cUPpXN1fLNxBqzixLAbuWT60pbd7ARYOKKnNlHkSWX7ZK6YnEyD7CALkdWcBFLTcNWIw,2026-08-27,2026-09-09,Philippine Airlines,1,710,GUM,2 Weeks,August,2026-04-06T01:59:34.094154
"Harbin, China",462.0,462.0,0.0,https://encrypted-tbn2.gstatic.com/images?q=tbn:ANd9GcR_MvPBNPJRk-TEMtrt8B_sIPMp92xYO42dahjcu0DxdK4F66B0rsb64v3pXLOHINO5t9aBZpbKBmHOyvLO3vOdgKa6uK86bxFgkbX2Rw,2026-08-28,2026-09-10,Shandong,1,745,HRB,2 Weeks,August,2026-04-06T01:59:34.094157
"Furano, Japan",559.0,559.0,0.0,https://encrypted-tbn2.gstatic.com/images?q=tbn:ANd9GcToxhNswMamZEIFMbN4ViNIJsOoa4oiFtq7c4e5-91uhu2Jn90OSbq0u5zR3i6o5nafcKScuhJqbJsDFUCz3feBEspB5AhViICZylm6aA,2026-08-20,2026-09-02,Air Do and ANA,1,725,CTS,2 Weeks,August,2026-04-06T01:59:34.094161
"Issyk Kul, Kyrgyzstan",881.0,881.0,0.0,https://encrypted-tbn0.gstatic.com/images?q=tbn:ANd9GcQDqLw0IWmVH11kyhh3ObcxYz5CmojvvYLlZDO2Ce_HdyewWrz_23BNsNt-RY463jE2YcjeCNoPPHhuv04pWUqf57iN5Knpc99fCpNHQA,2026-08-03,2026-08-17,Thai AirAsia and Thai AirAsia X,1,750,ALA,2 Weeks,August,2026-04-06T01:59:34.094164
"Asahikawa, Japan",559.0,559.0,0.0,https://encrypted-tbn2.gstatic.com/images?q=tbn:ANd9GcS0VqKQp5kcTlRC4ivn7m1K-O7wcMpVzC8dUZ1XU5NeI5AE8uYY9FQQG1l_nbbVdcA2ZVw6R_cydjdmi6UJBTkD6s84-qL6j1L0ppHZRw,2026-08-20,2026-09-02,Air Do and ANA,1,725,CTS,2 Weeks,August,2026-04-06T01:59:34.094167
"Federal Territory of Kuala Lumpur, Malaysia",122.0,116.0,6.0,https://encrypted-tbn3.gstatic.com/images?q=tbn:ANd9GcQQIk1ExRSHJSg0CA3pM6ISxhFBQVZJ7iNmv02par-cAbKXlYKgy5PyTpGtQT33xTsdoO0dFIXrLwxWqlAmtUcQD7cziyQYbCZ55yo55Q,2026-09-24,2026-09-28,Firefly and Scoot,0,85,KUL,Weekend,September,2026-04-06T01:59:36.566823
"Hong Kong, Hong Kong",371.0,371.0,0.0,https://encrypted-tbn1.gstatic.com/images?q=tbn:ANd9GcTd4giZUOnVkLOK19qE-hoKaexrOb1lLvZOn_lzXx6X39chZYcKOZIlG92b-8CwcwsYWc8P53FjOTPh8YHr2wbh_ORXoEs2OLBTPE3kzw,2026-09-24,2026-09-28,Singapore Airlines,0,240,HKG,Weekend,September,2026-04-06T01:59:36.566836
"Bangkok, Thailand",232.0,232.0,0.0,https://encrypted-tbn3.gstatic.com/images?q=tbn:ANd9GcTPIoqStMvXXTYbUQSylJYyWjY5HYM1GX-AALOOPHhXdXZDY56SSslLQDDkdhOxRX31c8qW7XFzS5zSEG6PGhEhGzxEbzyUYrqVxP_mBg,2026-09-19,2026-09-21,Scoot,0,155,BKK,Weekend,September,2026-04-06T01:59:36.566840
"Hanoi, Vietnam",247.0,247.0,0.0,https://encrypted-tbn2.gstatic.com/images?q=tbn:ANd9GcTh-Ne26gTyuHsN2ZHc-hQy1CJQ2ipECMiZPX8oGOu9Gw2plYSgbGAHFY4M4Eqls6MLlm3xgJf4uKpU0FRcZaKySylwTv73Ej3oD5pwEQ,2026-09-10,2026-09-14,Scoot,0,205,HAN,Weekend,September,2026-04-06T01:59:36.566843
"Ho Chi Minh City, Vietnam",194.0,194.0,0.0,https://encrypted-tbn0.gstatic.com/images?q=tbn:ANd9GcRrJKZk1BiYhZ3mY3euABvLxDIBukBw5gmGkEhkLqxNVGRjU8fVETFnNMHQIvPummF_6pB1XJ3tWE5VN7coLGd63VogrXcGfgf569shwA,2026-09-17,2026-09-20,Scoot,0,135,SGN,Weekend,September,2026-04-06T01:59:36.566847
"Tokyo, Japan",487.0,487.0,0.0,https://encrypted-tbn3.gstatic.com/images?q=tbn:ANd9GcRiqAYuTkGrtxMazhSpAJve9ZzWSTvJ8xFHSX2ih6rQEoYgDOw0Aey3IBJh7-QF38k1xmhOiFoVXd8u5V1ip4G05Aprq0q6HulopWyM5A,2026-09-25,2026-09-27,Vietjet and ZIPAIR Tokyo,1,685,NRT,Weekend,September,2026-04-06T01:59:36.566850
"Mumbai, India",299.0,299.0,0.0,https://encrypted-tbn1.gstatic.com/images?q=tbn:ANd9GcTRRckp8mseYnYQ7l8HELq1GoFqwH1zksN3R-F36DAYjcG5Vt5RRGV-jd25K06kaNDTLkxXdzk0QUW09L6kHJOKEQg3Txbhyf9_10ZiXg,2026-09-03,2026-09-07,Air India,0,340,BOM,Weekend,September,2026-04-06T01:59:36.566853
"New Delhi, India",342.0,342.0,0.0,https://encrypted-tbn0.gstatic.com/images?q=tbn:ANd9GcSl_0QJXM0LcbhkFClbfILfC8ZiSCyO5XZpO0iSG1vfJg82v_FHjLXKSHs4cuyhvv4qL9jHKtP8ejqB62ObqFIQDnc3TDNCBAKM57ywZQ,2026-09-03,2026-09-07,Air India and Air India Express,1,360,DEL,Weekend,September,2026-04-06T01:59:36.566856
"Dubai, United Arab Emirates",568.0,568.0,0.0,https://encrypted-tbn2.gstatic.com/images?q=tbn:ANd9GcS8I-qzYsk8MfqbtG7XZriHCE-pfBAmDIEitgTNi6pkd4ydYfON7ave6PO0r4SphWZcLjoAZuDchjD45415sUjceoYWW2iZuva8SQ9Spg,2026-09-03,2026-09-06,Gulf Air,1,690,DXB,Weekend,September,2026-04-06T01:59:36.566860
"Kyoto, Japan",368.0,368.0,0.0,https://encrypted-tbn2.gstatic.com/images?q=tbn:ANd9GcQtOVcFjC9WqGv4M70NBscJETxCioVhaxdDOixuut8dt708uPIEgFT53Jq9zXHfI6sAOAWzmyAXmctAP52yFO2Cgwinfa9tIJlulmeR_g,2026-09-03,2026-09-07,Peach Aviation and Scoot,0,405,KIX,Weekend,September,2026-04-06T01:59:36.566863
"Chiang Mai, Thailand",319.0,319.0,0.0,https://encrypted-tbn2.gstatic.com/images?q=tbn:ANd9GcTWkJDtb_3dOVc83TPKcKR6rRyKwp9M0n4vxVyFLuQ4ptiBf2FOEvVCTgmNI6dA6yLD85h9dhQ--u0VJsMWDGNwsAE013NEUxXHaHt00w,2026-09-12,2026-09-14,Scoot,0,185,CNX,Weekend,September,2026-04-06T01:59:36.566866
"Jaipur, India",395.0,395.0,0.0,https://encrypted-tbn2.gstatic.com/images?q=tbn:ANd9GcRHqyQ66crs-roykYQYxDmWP5W5OJrHQTXbb44A5zWulqxTZqTHGy2hBSBr8d_dU8AQ4qFU-hzSZNSDGh8MhIgg3DyUUeXB0f3QkYRhpw,2026-09-03,2026-09-07,Air India and Air India Express,1,765,JAI,Weekend,September,2026-04-06T01:59:36.566870
"Phuket, Thailand",172.0,172.0,0.0,https://encrypted-tbn3.gstatic.com/images?q=tbn:ANd9GcTiBNj9z2Tf0lnw1uff6ooYy7liuVrHON7xT0xwWMJJWj3t4puxffP6RFtMin9PMz2RmGh6hiBIzk-1EGPwdS0BTJqDV9Dc_nMu3U5NQA,2026-09-19,2026-09-21,Scoot,0,120,HKT,Weekend,September,2026-04-06T01:59:36.566873
"Seoul, South Korea",337.0,337.0,0.0,https://encrypted-tbn0.gstatic.com/images?q=tbn:ANd9GcSGy4LggtmRKCw-VDM7sZj2JVAI9kZiAlSkcki4ZP7jzUeqZlOBfwDo0IH5E2Xksu0CgoBvjpPlWiH4g5dXne5aQ5Iy4S01_z3bJg47cQ,2026-09-03,2026-09-07,Cebu Pacific and Scoot,1,775,ICN,Weekend,September,2026-04-06T01:59:36.566877
"Beijing, China",390.0,390.0,0.0,https://encrypted-tbn1.gstatic.com/images?q=tbn:ANd9GcR6R3TE9LrMLUM8It2c4f4zpNHzm3U-Peq5u7VO4V6QKrFk0vcJi5BJqLmmSuBNCoOTLy0XsoAmhFwqm2sUijEusLJoXjMkTWCWUiNOcw,2026-09-17,2026-09-20,AirAsia and Vietjet,1,665,PKX,Weekend,September,2026-04-06T01:59:36.566880
"Goa, India",382.0,382.0,0.0,https://encrypted-tbn1.gstatic.com/images?q=tbn:ANd9GcTO_bUFJ2hIpNKQP021IDGX5_9DjDgvZKtkIrDVxwM0u4I5OAp1Iax4_EW6hoaO9NUW0KWgILohWKKZLG9XzbzfZkpeonIKw3VgPDT5tQ,2026-09-19,2026-09-21,Air India and Air India Express,1,800,GOI,Weekend,September,2026-04-06T01:59:36.566883
"Osaka, Japan",368.0,368.0,0.0,https://encrypted-tbn3.gstatic.com/images?q=tbn:ANd9GcQ4taqtiRvr48l49Sh_f8rfRxj-enava5SmEA0s6U_pWeh7BW8eHOvOFczJy-B5oH6n3Wu-KNzT4A-NY_SzrseToTfHLKVhkr-mWGLWIA,2026-09-03,2026-09-07,Peach Aviation and Scoot,0,405,KIX,Weekend,September,2026-04-06T01:59:36.566887
"Shanghai, China",310.0,310.0,0.0,https://encrypted-tbn2.gstatic.com/images?q=tbn:ANd9GcTujsAS0i3-zbeimLQQ8RJnTX80xFZm7VnTsswhTD6W1aHQZWxzA7pNb0BMAVpelCNQq3SEx1592gylHw,2026-09-03,2026-09-06,Spring,0,340,PVG,Weekend,September,2026-04-06T01:59:36.566890
Hội An,242.0,242.0,0.0,https://encrypted-tbn3.gstatic.com/images?q=tbn:ANd9GcRRNok0jp9TQx-QJc8bQnN2ksLZePNr89SdiNSiwUwpXKh0aVOnLPThIeJfqztwgB97XWeFuxC9lhG0DimISpDGn4Hfkm_wLNu4dl340A,2026-09-19,2026-09-21,Scoot,0,170,DAD,Weekend,September,2026-04-06T01:59:36.566894
"Bengaluru, India",401.0,402.0,-1.0,https://encrypted-tbn2.gstatic.com/images?q=tbn:ANd9GcRRnVQMArN8G30p02VM6n18fD9LS-EXlKYRbJfv6CPLwRZ9C2wXHGXWsl6OOG5ubeHraoTiiKbSaBZnb2O3B02YbhgEtC8m9xRxgPwGfQ,2026-09-05,2026-09-07,IndiGo,0,270,BLR,Weekend,September,2026-04-06T01:59:36.566897
"Hạ Long Bay, Vietnam",247.0,247.0,0.0,https://encrypted-tbn0.gstatic.com/images?q=tbn:ANd9GcQdH7xkaOku2D4UGiEtbegMDLIWszqsJrVB-XkpO13CqXswYGnUUFMgsO4uFwTrf0y8EAbVZJI4A0eo4UHbgxYiQFIDVb-zsz70Dt0OOg,2026-09-10,2026-09-14,Scoot,0,205,HAN,Weekend,September,2026-04-06T01:59:36.566901
"Abu Dhabi, United Arab Emirates",568.0,568.0,0.0,https://encrypted-tbn2.gstatic.com/images?q=tbn:ANd9GcTwBpYbpnuaEurTOeQbgYJzxk3uOAjB7bRvnTetkMlsdPqKciAFtLJswZmMHWpVhkLeEbJZCCZwoXaQ5D4aSc9sT4I-yBQBrT3r5vSWtA,2026-09-03,2026-09-06,Gulf Air,1,1160,AUH,Weekend,September,2026-04-06T01:59:36.566904
"Chennai, India",248.0,248.0,0.0,https://encrypted-tbn3.gstatic.com/images?q=tbn:ANd9GcT8jGx4Oe7gOIT3dSF0FgoYzjECbwXYCIq6g0sMhY30kkZu5ThtcjZeZrIwVErtNu0yP-R_6Fgzt1BlhFJgF4nE0Cxoy4q_LrB5mHM6_A,2026-09-04,2026-09-07,Scoot,0,240,MAA,Weekend,September,2026-04-06T01:59:36.566908
"Varanasi, India",402.0,402.0,0.0,https://encrypted-tbn2.gstatic.com/images?q=tbn:ANd9GcRg1OmvYJVmJRkkH48WQY4LvYje4OuiXjLle-GS5PpRg-nonn9JC3CvB7HFko6WDkJnbxLL2s8j9VJf3XEWtJjx9xwADzwK_XzESUnUsA,2026-09-24,2026-09-27,Air India and Air India Express,1,1350,VNS,Weekend,September,2026-04-06T01:59:36.566911
"Udaipur, India",420.0,420.0,0.0,https://encrypted-tbn3.gstatic.com/images?q=tbn:ANd9GcSDElWaJCFOU4Y_U3X_1eUQsKG7FBPTiC6ZjgywBhr-NVfC9MscjNzDtVWHXcZxqrvrg6doXFJ3HtKk7f7vlZEBRljFcaKQrvdT1Lfn8Q,2026-09-18,2026-09-20,Air India,1,1905,UDR,Weekend,September,2026-04-06T01:59:36.566915
"Agra, India",342.0,342.0,0.0,https://encrypted-tbn2.gstatic.com/images?q=tbn:ANd9GcQI0YQv8yflL3rak3GIymC_IQPCnsI79bxC_lkZZonTDvjgQT1rNO7yJFilB65Gezf2VFQaf9yZ_h8HiA,2026-09-03,2026-09-07,Air India and Air India Express,1,360,DEL,Weekend,September,2026-04-06T01:59:36.566918
"Ko Samui, Thailand",365.0,365.0,0.0,https://encrypted-tbn0.gstatic.com/images?q=tbn:ANd9GcQ5VBzIPEfByKaFwNzikHD-kPxvUCXDQnYSeSf5xfsIeLO82X1NYZAjeCuuPKR2bV5qteuV8eJwTlrqba9OPo7suR-eLdKQb1P0WeM74A,2026-09-17,2026-09-21,Scoot,0,115,USM,Weekend,September,2026-04-06T01:59:36.566922
"Kolkata, India",346.0,346.0,0.0,https://encrypted-tbn1.gstatic.com/images?q=tbn:ANd9GcQkqRm0hB0I1L_Wd8J2SnHNwKFZT4kXBUBpwALXSPcPiN3P3c_WpHKIiaKVq1Y3OxMKtVX086O0hVbNFgQnycWMKjv8QwffmoMgidSS2Q,2026-09-10,2026-09-14,IndiGo and AirAsia,1,250,CCU,Weekend,September,2026-04-06T01:59:36.566925
"George Town, Malaysia",123.0,123.0,0.0,https://encrypted-tbn3.gstatic.com/images?q=tbn:ANd9GcRjkOIIu9QaHxsxRaCfhiLIzb6DS70pEU6qrlEe8XEDuwei6gc8yyV-YZ05tcssiU2aWOuLoiI4GQvDjaP-Gu5A-ZtdGSFS_BE-vSpD1g,2026-09-26,2026-09-28,AirAsia and Scoot,0,75,PEN,Weekend,September,2026-04-06T01:59:36.566928
"Taipei City, Taiwan",248.0,248.0,0.0,https://encrypted-tbn3.gstatic.com/images?q=tbn:ANd9GcQXLhb-ghDjmkIYAVvdu4F0jxICbcNjvay2bPLvj8Hp1u_uQKcabDV_PEHWzUdFw6H1BPMdXV5ahY-NuEBcv5y050siHU3OyxbnIrgwfg,2026-09-10,2026-09-13,Scoot,0,285,TPE,Weekend,September,2026-04-06T01:59:36.566932
"Kochi, India",277.0,277.0,0.0,https://encrypted-tbn3.gstatic.com/images?q=tbn:ANd9GcTPv3xu1wWA_PiElguRprW5LXIiyk1swUyWnl2QBNczqNvHpUCVW0j4KU7r7TduEUBjZLEgF1r2LndBwX3sPX83Xs2BTqGidMf9Wb4X7w,2026-09-24,2026-09-28,AirAsia,1,500,COK,Weekend,September,2026-04-06T01:59:36.566935
"Kathmandu, Nepal",621.0,606.0,15.0,https://encrypted-tbn0.gstatic.com/images?q=tbn:ANd9GcT78awjGv8SH4zFojoNUasAJqCxFPYe5qPHDvKUhH54AJ48YS8N1M9idwAQkN9fOXSnaMT2Rb5XpFn5tN3eT-3_sfEtXzetNBogSwD10g,2026-09-03,2026-09-06,Air India,1,620,KTM,Weekend,September,2026-04-06T01:59:36.566938
"Manila, Philippines",182.0,182.0,0.0,https://encrypted-tbn3.gstatic.com/images?q=tbn:ANd9GcRr9zUtKyDotaE-xA4DBVzZeavqk4R9wcvHmPGhQaJYfJO42GbiiIxaklB54UPajj9Fb2NgEdnVKsjvVPiBUWLwL4ShNsl8GI51yhA3MQ,2026-09-03,2026-09-07,Cebu Pacific,0,235,MNL,Weekend,September,2026-04-06T01:59:36.566942
"Bahrain, Bahrain",857.0,857.0,0.0,https://encrypted-tbn2.gstatic.com/images?q=tbn:ANd9GcSV-vcI5g_BSfRsSLESsjQeatxt7gtRek4JeffV42nrl5WMmzv4CM01xYgIecZb8062y259TXOBwtIRf3oxl-QQmui-tpQaPs-3yLaarQ,2026-09-03,2026-09-06,Etihad,1,610,BAH,Weekend,September,2026-04-06T01:59:36.566945
"Macao, Macao",372.0,371.0,1.0,https://encrypted-tbn1.gstatic.com/images?q=tbn:ANd9GcQSqvJMa-Boc6alR19GIwxB5x8fz6SLMX4U07VIkUBrXrHUId6y7gaY5UM0NjSMQ8dxCMqaO-Vb6NcCcpDkTJWIL-bb7VqXfHxBqGdPBQ,2026-09-17,2026-09-21,XiamenAir and Scoot,1,245,MFM,Weekend,September,2026-04-06T01:59:36.566948
"Hyderabad, India",319.0,319.0,0.0,https://encrypted-tbn0.gstatic.com/images?q=tbn:ANd9GcS3lpOwI2CRkpJjacFXUmD9pyCXeZ-MP0UNVoSY-ZINyBSXwarclu3H5KLBmgmXLMvZ8CFEPC_CTn9MxVN2fSbIBcOTsu-WSQuxa1tkvQ,2026-09-24,2026-09-28,AirAsia,1,420,HYD,Weekend,September,2026-04-06T01:59:36.566952
"Da Nang, Vietnam",242.0,242.0,0.0,https://encrypted-tbn0.gstatic.com/images?q=tbn:ANd9GcRY7AI9sBPAD8WaK_I7CMw80ft40TqnRp1EjFdp9GnRDSxju7-F8tl-8bCJnT0Wdb16UIVE-GplpFzGlWkWlV9HQ_ABPTCatv79wUf_ww,2026-09-19,2026-09-21,Scoot,0,170,DAD,Weekend,September,2026-04-06T01:59:36.566955
"Shimla, India",342.0,342.0,0.0,https://encrypted-tbn1.gstatic.com/images?q=tbn:ANd9GcRmVtZCspa49qA-VRdGwLUuhCYbfJl99rU2w1Dr_PWQ3xiGSYx9VEXsN9QQ4eU8ASsCrKZe-uXEhGKoWavjil_p5W2zaaBuI22CrttqxA,2026-09-03,2026-09-07,Air India and Air India Express,1,360,DEL,Weekend,September,2026-04-06T01:59:36.566958
"Phi Phi Islands, Thailand",129.0,129.0,0.0,https://encrypted-tbn0.gstatic.com/images?q=tbn:ANd9GcRNzFqylUFfDPlSFl6ftR_AaTDgRKnsnWELQ1AhaG8PoviVYfUBfL58bO2mI4nquyKwQLjH5nBD0o6jPu4wuLM7OfrGuryPm0fGnejIAw,2026-09-24,2026-09-27,Firefly and Scoot,1,125,KBV,Weekend,September,2026-04-06T01:59:36.566962
"Rishikesh, India",342.0,342.0,0.0,https://encrypted-tbn0.gstatic.com/images?q=tbn:ANd9GcQfnGK9xvCgM7SqaGAnrr-_xe7z2ObRVdDcCHEZvvCJmJvfPigk-FXOPJhBuaMZ11zbtVGZf7GaxmCkvgDB0PLXsaQ2WySPT5Fcf09Faw,2026-09-03,2026-09-07,Air India and Air India Express,1,360,DEL,Weekend,September,2026-04-06T01:59:36.566965
"Manali, India",342.0,342.0,0.0,https://encrypted-tbn2.gstatic.com/images?q=tbn:ANd9GcScenrP6gjGb22lYsm8hjewD2rWHNXHj5hgZhSH4EXtFQ9vluathDHuGxcS18s0x2hP3XoltAmZURaN8WbSwwbatRsnz2MFZ0ZwVnW8VQ,2026-09-03,2026-09-07,Air India and Air India Express,1,360,DEL,Weekend,September,2026-04-06T01:59:36.566968
"Jodhpur, India",435.0,435.0,0.0,https://encrypted-tbn0.gstatic.com/images?q=tbn:ANd9GcT8rBuapOqnIZRswSHWgHMRjC4gzYc6DE1yL1Z1ztSjcpHalJq26yGPgeI_ULnxNPCfK3LMV0Pj6xjeJh5akRjEUMHFxuGqEEiOou58Nw,2026-09-03,2026-09-07,Air India,1,1175,JDH,Weekend,September,2026-04-06T01:59:36.566972
"Munnar, India",277.0,277.0,0.0,https://encrypted-tbn3.gstatic.com/images?q=tbn:ANd9GcRqTHPBvoWmkwj7azYfSnX-4D9m7HpvFFq2vilhEa-17FM8zY0YvpGbpPe8I3_sHgpMYKqd9FSkuFtZWe9eOFGaLBeC3_i-qhxMPS2ZZQ,2026-09-24,2026-09-28,AirAsia,1,500,COK,Weekend,September,2026-04-06T01:59:36.566975
"Phú Quốc, Vietnam",242.0,242.0,0.0,https://encrypted-tbn3.gstatic.com/images?q=tbn:ANd9GcRGbWm0uqKOR9KmPBYMR8hSZRHOxqckm3gbBrinJy7yZfDpfAegfGEqPlX_NwjVJTCCRKnQ4hy7zd_tVOyEs6jNZ5fStfBDzeOslyEDoQ,2026-09-12,2026-09-14,Vietjet,0,100,PQC,Weekend,September,2026-04-06T01:59:36.566979
"Ranthambore National Park, India",395.0,395.0,0.0,https://encrypted-tbn1.gstatic.com/images?q=tbn:ANd9GcSxrL0gNEqLJpancU8CANYgSjKoKEt_XeO5-xtU4ORG0m7IeWEhcCeab50BDvUMimSAhhiDtirU0aL_8w7CiKJslV3QM7voc7SLfRNUXA,2026-09-03,2026-09-07,Air India and Air India Express,1,765,JAI,Weekend,September,2026-04-06T01:59:36.566982
"Colombo, Sri Lanka",319.0,319.0,0.0,https://encrypted-tbn3.gstatic.com/images?q=tbn:ANd9GcTCalYZRVLcftWCfdfjEucymsOsqadi9yimDG5NMHv6E53eNTkw3p5ze8wn7ynj7bthi5fSNd5TBC6kKSotrDYrF-RE3IV18bj2oW5xIA,2026-09-24,2026-09-28,AirAsia,1,340,CMB,Weekend,September,2026-04-06T01:59:36.566987
"Puducherry, India",248.0,248.0,0.0,https://encrypted-tbn0.gstatic.com/images?q=tbn:ANd9GcSvFZF57d-2KCNUh2lGz_SpRX0BslRnbMeUh2sb9KCiupngoHKO-0XUl8KYr7aeQZe6FlJIbLdal0LuVroiG9Wi180UtMpxG6Jxk-ytPQ,2026-09-04,2026-09-07,Scoot,0,240,MAA,Weekend,September,2026-04-06T01:59:36.566991
"Sapporo, Japan",559.0,559.0,0.0,https://encrypted-tbn0.gstatic.com/images?q=tbn:ANd9GcR4AM45jXa1psI2Z1sNxUR2XylT_5MPK1SHculUYedH63c7x8IHbBm5vDFctSbaXhn0_6bbNf6i86ZYpVuYBbEH4GveYpJzK-y7SINH1w,2026-09-03,2026-09-06,Air Do and ANA,1,705,CTS,Weekend,September,2026-04-06T01:59:36.566997
"Chengdu, China",480.0,481.0,-1.0,https://encrypted-tbn3.gstatic.com/images?q=tbn:ANd9GcQY8DLeWQH982m5yXijXncNnKja_WtNJL9izzPLuwIjs4fWdKIGLfaVUBaXr3YLnyDVrv4RYKWVibM84S-hp3UpCGr78L0YycX0BZjRTw,2026-09-24,2026-09-28,AirAsia and AirAsia X,1,510,TFU,Weekend,September,2026-04-06T01:59:36.567001
"Xi'An, China",497.0,497.0,0.0,https://encrypted-tbn3.gstatic.com/images?q=tbn:ANd9GcQlRRbLPcoitY2Dl9reXFIK_MTRgheCZMFkITdRumAZOoaWoPWH17MmpII3EMgCWZiqCnsu-ROsf2sFp9iSCYUPddP48tSGXwzfALtqvA,2026-09-25,2026-09-28,Scoot,0,335,XIY,Weekend,September,2026-04-06T01:59:36.567005
"Boracay, Philippines",256.0,256.0,0.0,https://encrypted-tbn2.gstatic.com/images?q=tbn:ANd9GcSWVEP-f4Tsv9itb6e5PrsSbMRzn1pCVXoPAN7uzJJb3pMDQfBH4KRylRfEcwRrRrkfkye1AZFE9payFqm1xehM0rWmEcZsd2t1jrRgsQ,2026-09-03,2026-09-07,Cebu Pacific,1,730,MPH,Weekend,September,2026-04-06T01:59:36.567009
"Cebu City, Philippines",194.0,194.0,0.0,https://encrypted-tbn0.gstatic.com/images?q=tbn:ANd9GcRQkSFnL8j_JnNZIPer-g9BJfnnRj2BME3jwdM8u2pdZX5SMMAE6rz0Hghh-cgEA9re1JDSt3XMQWLcIHPANBsJgId_suPx16yEH4yKOA,2026-09-03,2026-09-06,Cebu Pacific,0,235,CEB,Weekend,September,2026-04-06T01:59:36.567012
"Kaziranga National Park, India",443.0,443.0,0.0,https://encrypted-tbn1.gstatic.com/images?q=tbn:ANd9GcQDBQ8gOfMM5IwB9Kv4SMGtY_VPTDN01t38twMZQ4jvK04wX5tThshiljXNBOmn9R1pWAUQanV96n0LiujQ0L_2pHnHCpEZsWJr0pU7HA,2026-09-24,2026-09-27,Air India and Air India Express,1,715,GAU,Weekend,September,2026-04-06T01:59:36.567015
"Guwahati, India",443.0,443.0,0.0,https://encrypted-tbn0.gstatic.com/images?q=tbn:ANd9GcSTNDJXSuGok1AmlZ2jJpvD_mzuF2s44iPPLEb27hyvOHBabF44H_oKWPTzHate__CBMAUXcvjMHojIKzvNCWdjG_BtKZSHWQXcb3rYuA,2026-09-24,2026-09-27,Air India and Air India Express,1,715,GAU,Weekend,September,2026-04-06T01:59:36.567017
"Tashkent, Uzbekistan",717.0,717.0,0.0,https://encrypted-tbn2.gstatic.com/images?q=tbn:ANd9GcQA8i7cAg_5GT78C0ciF1cM-ly6BiS_ojUVXMMr6drRYdStr40B90277pTgsMCGul1IEbR6ZDAc4atr4D6HN9laieRaaJeaT3hmLsKqBg,2026-09-26,2026-09-28,AirAsia and AirAsia X,1,655,TAS,Weekend,September,2026-04-06T01:59:36.567020
"Niseko, Japan",559.0,559.0,0.0,https://encrypted-tbn0.gstatic.com/images?q=tbn:ANd9GcRF7wdJWoE22_Ai99rtZ7hjcWVIp65xTxNoA1-WBleQknbJwrCZRAi_Mk_xp720dO7R7O0VWM2ILl-qKWXESGCxtRNFgJE-m-HdGwrlxw,2026-09-03,2026-09-06,Air Do and ANA,1,705,CTS,Weekend,September,2026-04-06T01:59:36.567022
"Almaty, Kazakhstan",923.0,923.0,0.0,https://encrypted-tbn2.gstatic.com/images?q=tbn:ANd9GcR8iDoh59ddyzKl4KpDTbZMB5nZzWIzPoHXHEhF6j5LF-er9e4arKtTln2lYA-WuD2Z23ZsHkv3IaTY8X4k7_H0sz7pZENVvOOpEEYVqA,2026-09-18,2026-09-21,Thai AirAsia and Thai AirAsia X,1,750,ALA,Weekend,September,2026-04-06T01:59:36.567024
"Guam, Guam",709.0,709.0,0.0,https://encrypted-tbn2.gstatic.com/images?q=tbn:ANd9GcTuOFnrHa29K1tpqiPQklQESCCKp3f-FzHa53cUPpXN1fLNxBqzixLAbuWT60pbd7ARYOKKnNlHkSWX7ZK6YnEyD7CALkdWcBFLTcNWIw,2026-09-03,2026-09-07,Philippine Airlines,1,710,GUM,Weekend,September,2026-04-06T01:59:36.567026
"Harbin, China",462.0,462.0,0.0,https://encrypted-tbn2.gstatic.com/images?q=tbn:ANd9GcR_MvPBNPJRk-TEMtrt8B_sIPMp92xYO42dahjcu0DxdK4F66B0rsb64v3pXLOHINO5t9aBZpbKBmHOyvLO3vOdgKa6uK86bxFgkbX2Rw,2026-09-03,2026-09-06,Shandong,1,930,HRB,Weekend,September,2026-04-06T01:59:36.567029
"Issyk Kul, Kyrgyzstan",923.0,923.0,0.0,https://encrypted-tbn0.gstatic.com/images?q=tbn:ANd9GcQDqLw0IWmVH11kyhh3ObcxYz5CmojvvYLlZDO2Ce_HdyewWrz_23BNsNt-RY463jE2YcjeCNoPPHhuv04pWUqf57iN5Knpc99fCpNHQA,2026-09-18,2026-09-21,Thai AirAsia and Thai AirAsia X,1,750,ALA,Weekend,September,2026-04-06T01:59:36.567034
